{
"type": "FeatureCollection",
"name": "Glasgow_2011_IMD",
"crs": { "type": "name", "properties": { "name": "urn:ogc:def:crs:OGC:1.3:CRS84" } },
"xy_coordinate_resolution": 1e-05,
"features": [
{ "type": "Feature", "properties": { "LSOA11_CD": "S01010125", "Neighborhood_Name": "Barlanark - 03", "uk_imd2019_LSOA": "S01010125", "uk_imd2019_Rank": "1642", "uk_imd2019_SOA_pct": "24", "uk_imd2019_SOA_decile": "3" }, "geometry": { "type": "MultiPolygon", "coordinates": [ [ [ [ -4.1346, 55.85989 ], [ -4.13622, 55.85759 ], [ -4.13608, 55.85743 ], [ -4.13775, 55.85712 ], [ -4.13857, 55.85737 ], [ -4.13922, 55.85726 ], [ -4.13945, 55.85757 ], [ -4.13878, 55.85768 ], [ -4.13839, 55.85808 ], [ -4.13879, 55.85883 ], [ -4.13858, 55.85945 ], [ -4.13791, 55.86031 ], [ -4.13776, 55.86065 ], [ -4.1346, 55.85989 ] ] ] ] } },
{ "type": "Feature", "properties": { "LSOA11_CD": "S01010362", "Neighborhood_Name": "Wyndford - 05", "uk_imd2019_LSOA": "S01010362", "uk_imd2019_Rank": "21", "uk_imd2019_SOA_pct": "0", "uk_imd2019_SOA_decile": "1" }, "geometry": { "type": "MultiPolygon", "coordinates": [ [ [ [ -4.29261, 55.88801 ], [ -4.29266, 55.8875 ], [ -4.29192, 55.88727 ], [ -4.29178, 55.88667 ], [ -4.29041, 55.88657 ], [ -4.29011, 55.88635 ], [ -4.29022, 55.88602 ], [ -4.28984, 55.8859 ], [ -4.2916, 55.88501 ], [ -4.2928, 55.88496 ], [ -4.29423, 55.88562 ], [ -4.2959, 55.88601 ], [ -4.2966, 55.88629 ], [ -4.2972, 55.88666 ], [ -4.29547, 55.88766 ], [ -4.2944, 55.88714 ], [ -4.29348, 55.88748 ], [ -4.29337, 55.88807 ], [ -4.29261, 55.88801 ] ] ] ] } },
{ "type": "Feature", "properties": { "LSOA11_CD": "S01009992", "Neighborhood_Name": "Castlemilk - 07", "uk_imd2019_LSOA": "S01009992", "uk_imd2019_Rank": "524", "uk_imd2019_SOA_pct": "8", "uk_imd2019_SOA_decile": "1" }, "geometry": { "type": "MultiPolygon", "coordinates": [ [ [ [ -4.22477, 55.81072 ], [ -4.22539, 55.80993 ], [ -4.22497, 55.80934 ], [ -4.22499, 55.80916 ], [ -4.22737, 55.80899 ], [ -4.22776, 55.80937 ], [ -4.22924, 55.80885 ], [ -4.22973, 55.80904 ], [ -4.23121, 55.8085 ], [ -4.23218, 55.80865 ], [ -4.23265, 55.80888 ], [ -4.23237, 55.80938 ], [ -4.23267, 55.80943 ], [ -4.23308, 55.81006 ], [ -4.23244, 55.81018 ], [ -4.23269, 55.81054 ], [ -4.23204, 55.81069 ], [ -4.22967, 55.81116 ], [ -4.22741, 55.81172 ], [ -4.22548, 55.81211 ], [ -4.22476, 55.81116 ], [ -4.22477, 55.81072 ] ] ] ] } },
{ "type": "Feature", "properties": { "LSOA11_CD": "S01009926", "Neighborhood_Name": "Shawlands East - 04", "uk_imd2019_LSOA": "S01009926", "uk_imd2019_Rank": "4692", "uk_imd2019_SOA_pct": "67", "uk_imd2019_SOA_decile": "7" }, "geometry": { "type": "MultiPolygon", "coordinates": [ [ [ [ -4.28167, 55.82721 ], [ -4.28168, 55.82688 ], [ -4.28224, 55.8266 ], [ -4.28288, 55.8261 ], [ -4.28349, 55.82503 ], [ -4.28392, 55.82505 ], [ -4.28405, 55.82534 ], [ -4.28377, 55.82568 ], [ -4.28562, 55.82605 ], [ -4.28546, 55.82635 ], [ -4.28376, 55.82812 ], [ -4.28312, 55.82826 ], [ -4.28243, 55.82795 ], [ -4.28256, 55.82757 ], [ -4.28167, 55.82721 ] ] ] ] } },
{ "type": "Feature", "properties": { "LSOA11_CD": "S01010018", "Neighborhood_Name": "Toryglen and Oatlands - 03", "uk_imd2019_LSOA": "S01010018", "uk_imd2019_Rank": "1403", "uk_imd2019_SOA_pct": "20", "uk_imd2019_SOA_decile": "3" }, "geometry": { "type": "MultiPolygon", "coordinates": [ [ [ [ -4.2324, 55.82786 ], [ -4.23253, 55.82781 ], [ -4.23252, 55.82682 ], [ -4.23338, 55.82678 ], [ -4.23349, 55.82624 ], [ -4.23519, 55.82622 ], [ -4.2352, 55.82661 ], [ -4.23641, 55.82657 ], [ -4.23748, 55.82677 ], [ -4.23756, 55.82723 ], [ -4.23831, 55.82711 ], [ -4.239, 55.82742 ], [ -4.23992, 55.82732 ], [ -4.23893, 55.82809 ], [ -4.24019, 55.82859 ], [ -4.24023, 55.82883 ], [ -4.23979, 55.82889 ], [ -4.23704, 55.82907 ], [ -4.23656, 55.82916 ], [ -4.23627, 55.82944 ], [ -4.23372, 55.82996 ], [ -4.23367, 55.82948 ], [ -4.23481, 55.82929 ], [ -4.23301, 55.82907 ], [ -4.23152, 55.82898 ], [ -4.23161, 55.82854 ], [ -4.23101, 55.82848 ], [ -4.23105, 55.82818 ], [ -4.23242, 55.82815 ], [ -4.2324, 55.82786 ] ] ] ] } },
{ "type": "Feature", "properties": { "LSOA11_CD": "S01010078", "Neighborhood_Name": "Mount Vernon North and Sandyhills - 01", "uk_imd2019_LSOA": "S01010078", "uk_imd2019_Rank": "4264", "uk_imd2019_SOA_pct": "61", "uk_imd2019_SOA_decile": "7" }, "geometry": { "type": "MultiPolygon", "coordinates": [ [ [ [ -4.12936, 55.84644 ], [ -4.12891, 55.84554 ], [ -4.12736, 55.84565 ], [ -4.12735, 55.84553 ], [ -4.12612, 55.8455 ], [ -4.12539, 55.84419 ], [ -4.12707, 55.84418 ], [ -4.1273, 55.84403 ], [ -4.12593, 55.84361 ], [ -4.12611, 55.84327 ], [ -4.12658, 55.8431 ], [ -4.12701, 55.84317 ], [ -4.12836, 55.84295 ], [ -4.12847, 55.84205 ], [ -4.13449, 55.84262 ], [ -4.13403, 55.84406 ], [ -4.13399, 55.84436 ], [ -4.13341, 55.84626 ], [ -4.13057, 55.84609 ], [ -4.12974, 55.84596 ], [ -4.13003, 55.84645 ], [ -4.12936, 55.84644 ] ] ] ] } },
{ "type": "Feature", "properties": { "LSOA11_CD": "S01010138", "Neighborhood_Name": "Shettleston North - 02", "uk_imd2019_LSOA": "S01010138", "uk_imd2019_Rank": "24", "uk_imd2019_SOA_pct": "0", "uk_imd2019_SOA_decile": "1" }, "geometry": { "type": "MultiPolygon", "coordinates": [ [ [ [ -4.14684, 55.84735 ], [ -4.14688, 55.84718 ], [ -4.14885, 55.84643 ], [ -4.14989, 55.8461 ], [ -4.15314, 55.84561 ], [ -4.15403, 55.84538 ], [ -4.15541, 55.84524 ], [ -4.15595, 55.84647 ], [ -4.155, 55.84673 ], [ -4.15472, 55.84707 ], [ -4.15432, 55.84711 ], [ -4.15276, 55.84696 ], [ -4.15248, 55.84651 ], [ -4.1508, 55.84702 ], [ -4.15078, 55.84731 ], [ -4.15178, 55.84766 ], [ -4.15178, 55.84835 ], [ -4.15075, 55.84838 ], [ -4.15019, 55.84862 ], [ -4.14956, 55.84832 ], [ -4.14898, 55.84819 ], [ -4.14817, 55.84876 ], [ -4.14844, 55.84911 ], [ -4.14812, 55.84936 ], [ -4.14725, 55.84884 ], [ -4.14706, 55.84799 ], [ -4.14744, 55.84781 ], [ -4.14684, 55.84735 ] ] ] ] } },
{ "type": "Feature", "properties": { "LSOA11_CD": "S01010153", "Neighborhood_Name": "Carntyne - 02", "uk_imd2019_LSOA": "S01010153", "uk_imd2019_Rank": "589", "uk_imd2019_SOA_pct": "8", "uk_imd2019_SOA_decile": "1" }, "geometry": { "type": "MultiPolygon", "coordinates": [ [ [ [ -4.18059, 55.86665 ], [ -4.18003, 55.86631 ], [ -4.17821, 55.86643 ], [ -4.17792, 55.86599 ], [ -4.18002, 55.86595 ], [ -4.17987, 55.86556 ], [ -4.18045, 55.86526 ], [ -4.18042, 55.86447 ], [ -4.1846, 55.86429 ], [ -4.18528, 55.86456 ], [ -4.18698, 55.8649 ], [ -4.18712, 55.86542 ], [ -4.19132, 55.86619 ], [ -4.19247, 55.86611 ], [ -4.19294, 55.86593 ], [ -4.19392, 55.86635 ], [ -4.19287, 55.86708 ], [ -4.19132, 55.86728 ], [ -4.1908, 55.86714 ], [ -4.19059, 55.86739 ], [ -4.18909, 55.86738 ], [ -4.18828, 55.86752 ], [ -4.18775, 55.8675 ], [ -4.18584, 55.86762 ], [ -4.18518, 55.86733 ], [ -4.18369, 55.86716 ], [ -4.18367, 55.86687 ], [ -4.18264, 55.86693 ], [ -4.18258, 55.86658 ], [ -4.18059, 55.86665 ] ] ] ] } },
{ "type": "Feature", "properties": { "LSOA11_CD": "S01010170", "Neighborhood_Name": "Craigend and Ruchazie - 06", "uk_imd2019_LSOA": "S01010170", "uk_imd2019_Rank": "419", "uk_imd2019_SOA_pct": "6", "uk_imd2019_SOA_decile": "1" }, "geometry": { "type": "MultiPolygon", "coordinates": [ [ [ [ -4.15064, 55.87642 ], [ -4.1506, 55.87585 ], [ -4.15105, 55.87582 ], [ -4.15105, 55.87519 ], [ -4.15239, 55.87519 ], [ -4.15226, 55.87455 ], [ -4.15327, 55.87435 ], [ -4.15336, 55.87563 ], [ -4.15398, 55.87565 ], [ -4.15417, 55.8742 ], [ -4.15443, 55.87415 ], [ -4.15433, 55.87355 ], [ -4.15584, 55.87401 ], [ -4.15604, 55.87376 ], [ -4.1572, 55.87421 ], [ -4.15674, 55.87469 ], [ -4.15713, 55.87477 ], [ -4.15663, 55.87524 ], [ -4.15533, 55.87576 ], [ -4.15354, 55.87606 ], [ -4.15295, 55.876 ], [ -4.15246, 55.87651 ], [ -4.15064, 55.87642 ] ] ] ] } },
{ "type": "Feature", "properties": { "LSOA11_CD": "S01010253", "Neighborhood_Name": "Dennistoun - 06", "uk_imd2019_LSOA": "S01010253", "uk_imd2019_Rank": "137", "uk_imd2019_SOA_pct": "2", "uk_imd2019_SOA_decile": "1" }, "geometry": { "type": "MultiPolygon", "coordinates": [ [ [ [ -4.22448, 55.85913 ], [ -4.22608, 55.85942 ], [ -4.22642, 55.8584 ], [ -4.22753, 55.85857 ], [ -4.22729, 55.85913 ], [ -4.22812, 55.85927 ], [ -4.22737, 55.86098 ], [ -4.22748, 55.86117 ], [ -4.22727, 55.86121 ], [ -4.22455, 55.86118 ], [ -4.22409, 55.86097 ], [ -4.22429, 55.85978 ], [ -4.22448, 55.85913 ] ] ] ] } },
{ "type": "Feature", "properties": { "LSOA11_CD": "S01010413", "Neighborhood_Name": "Kelvinside and Jordanhill - 06", "uk_imd2019_LSOA": "S01010413", "uk_imd2019_Rank": "6208", "uk_imd2019_SOA_pct": "89", "uk_imd2019_SOA_decile": "9" }, "geometry": { "type": "MultiPolygon", "coordinates": [ [ [ [ -4.32179, 55.88884 ], [ -4.32004, 55.88824 ], [ -4.3127, 55.88567 ], [ -4.31193, 55.88639 ], [ -4.31274, 55.88667 ], [ -4.31203, 55.8873 ], [ -4.31124, 55.88701 ], [ -4.3106, 55.88681 ], [ -4.31209, 55.88545 ], [ -4.31289, 55.88413 ], [ -4.31463, 55.88405 ], [ -4.31568, 55.88414 ], [ -4.31557, 55.88452 ], [ -4.31739, 55.88476 ], [ -4.3245, 55.88541 ], [ -4.32226, 55.88879 ], [ -4.32179, 55.88884 ] ] ] ] } },
{ "type": "Feature", "properties": { "LSOA11_CD": "S01010392", "Neighborhood_Name": "Glasgow Harbour and Partick South - 05", "uk_imd2019_LSOA": "S01010392", "uk_imd2019_Rank": "6655", "uk_imd2019_SOA_pct": "95", "uk_imd2019_SOA_decile": "10" }, "geometry": { "type": "MultiPolygon", "coordinates": [ [ [ [ -4.3122, 55.86916 ], [ -4.31081, 55.86918 ], [ -4.31076, 55.86821 ], [ -4.30979, 55.8682 ], [ -4.30978, 55.86787 ], [ -4.31151, 55.86791 ], [ -4.31175, 55.86724 ], [ -4.31269, 55.86637 ], [ -4.31276, 55.86671 ], [ -4.31573, 55.86763 ], [ -4.31737, 55.86803 ], [ -4.31712, 55.86843 ], [ -4.31639, 55.86855 ], [ -4.31642, 55.86887 ], [ -4.31568, 55.86871 ], [ -4.31433, 55.86842 ], [ -4.31363, 55.86913 ], [ -4.3122, 55.86916 ] ] ] ] } },
{ "type": "Feature", "properties": { "LSOA11_CD": "S01009780", "Neighborhood_Name": "Nitshill - 06", "uk_imd2019_LSOA": "S01009780", "uk_imd2019_Rank": "74", "uk_imd2019_SOA_pct": "1", "uk_imd2019_SOA_decile": "1" }, "geometry": { "type": "MultiPolygon", "coordinates": [ [ [ [ -4.33873, 55.81614 ], [ -4.33986, 55.81584 ], [ -4.33984, 55.81536 ], [ -4.34016, 55.81428 ], [ -4.34152, 55.81516 ], [ -4.3413, 55.81532 ], [ -4.34222, 55.81575 ], [ -4.34257, 55.81548 ], [ -4.34448, 55.8161 ], [ -4.34474, 55.81582 ], [ -4.34492, 55.81587 ], [ -4.34615, 55.81622 ], [ -4.34642, 55.81668 ], [ -4.34617, 55.81696 ], [ -4.34554, 55.81679 ], [ -4.34502, 55.81708 ], [ -4.34391, 55.81718 ], [ -4.34402, 55.81692 ], [ -4.34344, 55.81682 ], [ -4.34296, 55.81764 ], [ -4.3438, 55.81766 ], [ -4.34385, 55.81797 ], [ -4.34238, 55.81789 ], [ -4.34102, 55.81761 ], [ -4.34046, 55.81741 ], [ -4.33934, 55.81677 ], [ -4.33873, 55.81614 ] ] ] ] } },
{ "type": "Feature", "properties": { "LSOA11_CD": "S01009819", "Neighborhood_Name": "Cardonald West and Central - 05", "uk_imd2019_LSOA": "S01009819", "uk_imd2019_Rank": "2507", "uk_imd2019_SOA_pct": "36", "uk_imd2019_SOA_decile": "4" }, "geometry": { "type": "MultiPolygon", "coordinates": [ [ [ [ -4.35091, 55.84612 ], [ -4.34935, 55.846 ], [ -4.34804, 55.84599 ], [ -4.34691, 55.8461 ], [ -4.3462, 55.84546 ], [ -4.34834, 55.84547 ], [ -4.34712, 55.84485 ], [ -4.3477, 55.8446 ], [ -4.34818, 55.84493 ], [ -4.34854, 55.84402 ], [ -4.34893, 55.84409 ], [ -4.34921, 55.84372 ], [ -4.3512, 55.84409 ], [ -4.35287, 55.84392 ], [ -4.35383, 55.84352 ], [ -4.35353, 55.84325 ], [ -4.3546, 55.8428 ], [ -4.35572, 55.84307 ], [ -4.35584, 55.84391 ], [ -4.35571, 55.84477 ], [ -4.35493, 55.84476 ], [ -4.35473, 55.84549 ], [ -4.35507, 55.84578 ], [ -4.35641, 55.84572 ], [ -4.35644, 55.84595 ], [ -4.35602, 55.84617 ], [ -4.35515, 55.84622 ], [ -4.35452, 55.84636 ], [ -4.35383, 55.84619 ], [ -4.35261, 55.84622 ], [ -4.35246, 55.84645 ], [ -4.35091, 55.84612 ] ] ] ] } },
{ "type": "Feature", "properties": { "LSOA11_CD": "S01009814", "Neighborhood_Name": "Cardonald North - 05", "uk_imd2019_LSOA": "S01009814", "uk_imd2019_Rank": "3056", "uk_imd2019_SOA_pct": "44", "uk_imd2019_SOA_decile": "5" }, "geometry": { "type": "MultiPolygon", "coordinates": [ [ [ [ -4.34987, 55.84828 ], [ -4.34649, 55.84784 ], [ -4.34649, 55.84752 ], [ -4.34613, 55.8472 ], [ -4.34339, 55.84699 ], [ -4.34332, 55.8474 ], [ -4.34246, 55.84723 ], [ -4.34235, 55.84807 ], [ -4.34115, 55.84797 ], [ -4.34006, 55.84711 ], [ -4.33886, 55.84699 ], [ -4.33868, 55.84577 ], [ -4.34368, 55.84552 ], [ -4.34368, 55.84582 ], [ -4.34501, 55.84576 ], [ -4.34621, 55.8458 ], [ -4.3462, 55.84546 ], [ -4.34691, 55.8461 ], [ -4.34804, 55.84599 ], [ -4.34935, 55.846 ], [ -4.35091, 55.84612 ], [ -4.35067, 55.8465 ], [ -4.35113, 55.84692 ], [ -4.35047, 55.8471 ], [ -4.35006, 55.84773 ], [ -4.35299, 55.8481 ], [ -4.35272, 55.84867 ], [ -4.34987, 55.84828 ] ] ] ] } },
{ "type": "Feature", "properties": { "LSOA11_CD": "S01009883", "Neighborhood_Name": "Pollokshields East - 03", "uk_imd2019_LSOA": "S01009883", "uk_imd2019_Rank": "3407", "uk_imd2019_SOA_pct": "49", "uk_imd2019_SOA_decile": "5" }, "geometry": { "type": "MultiPolygon", "coordinates": [ [ [ [ -4.26886, 55.8414 ], [ -4.2694, 55.8415 ], [ -4.27049, 55.83982 ], [ -4.27065, 55.84021 ], [ -4.27293, 55.8405 ], [ -4.27343, 55.84044 ], [ -4.27322, 55.84092 ], [ -4.27281, 55.8419 ], [ -4.27399, 55.84211 ], [ -4.2739, 55.84235 ], [ -4.27058, 55.8417 ], [ -4.27095, 55.84216 ], [ -4.27063, 55.84272 ], [ -4.27074, 55.84294 ], [ -4.27037, 55.84385 ], [ -4.2679, 55.84355 ], [ -4.2683, 55.84251 ], [ -4.26886, 55.8414 ] ] ] ] } },
{ "type": "Feature", "properties": { "LSOA11_CD": "S01010024", "Neighborhood_Name": "Gorbals and Hutchesontown - 02", "uk_imd2019_LSOA": "S01010024", "uk_imd2019_Rank": "586", "uk_imd2019_SOA_pct": "8", "uk_imd2019_SOA_decile": "1" }, "geometry": { "type": "MultiPolygon", "coordinates": [ [ [ [ -4.23794, 55.84691 ], [ -4.23813, 55.84696 ], [ -4.23969, 55.84584 ], [ -4.24028, 55.84571 ], [ -4.24114, 55.84604 ], [ -4.24116, 55.84644 ], [ -4.24091, 55.84673 ], [ -4.24195, 55.84711 ], [ -4.24299, 55.84623 ], [ -4.24387, 55.84704 ], [ -4.24238, 55.84843 ], [ -4.24095, 55.84957 ], [ -4.24084, 55.84966 ], [ -4.24021, 55.84932 ], [ -4.2378, 55.8482 ], [ -4.23745, 55.84784 ], [ -4.23744, 55.84742 ], [ -4.23794, 55.84691 ] ] ] ] } },
{ "type": "Feature", "properties": { "LSOA11_CD": "S01010026", "Neighborhood_Name": "Gorbals and Hutchesontown - 04", "uk_imd2019_LSOA": "S01010026", "uk_imd2019_Rank": "658", "uk_imd2019_SOA_pct": "9", "uk_imd2019_SOA_decile": "1" }, "geometry": { "type": "MultiPolygon", "coordinates": [ [ [ [ -4.24095, 55.84957 ], [ -4.24238, 55.84843 ], [ -4.24387, 55.84704 ], [ -4.24436, 55.84661 ], [ -4.24537, 55.847 ], [ -4.24647, 55.84706 ], [ -4.24553, 55.84797 ], [ -4.24607, 55.84817 ], [ -4.24484, 55.84928 ], [ -4.24407, 55.84903 ], [ -4.24401, 55.84956 ], [ -4.24326, 55.84978 ], [ -4.24294, 55.84968 ], [ -4.24226, 55.84979 ], [ -4.24137, 55.84978 ], [ -4.24095, 55.84957 ] ] ] ] } },
{ "type": "Feature", "properties": { "LSOA11_CD": "S01009976", "Neighborhood_Name": "Glenwood South - 04", "uk_imd2019_LSOA": "S01009976", "uk_imd2019_Rank": "38", "uk_imd2019_SOA_pct": "1", "uk_imd2019_SOA_decile": "1" }, "geometry": { "type": "MultiPolygon", "coordinates": [ [ [ [ -4.22984, 55.80315 ], [ -4.22937, 55.80304 ], [ -4.22954, 55.80268 ], [ -4.2307, 55.80209 ], [ -4.23091, 55.80186 ], [ -4.23158, 55.80216 ], [ -4.232, 55.80184 ], [ -4.23225, 55.80135 ], [ -4.23223, 55.80073 ], [ -4.23265, 55.80098 ], [ -4.23359, 55.8009 ], [ -4.23423, 55.80198 ], [ -4.23511, 55.80191 ], [ -4.23517, 55.80212 ], [ -4.23436, 55.80225 ], [ -4.23383, 55.80255 ], [ -4.23354, 55.80237 ], [ -4.23277, 55.8026 ], [ -4.23239, 55.80225 ], [ -4.23159, 55.80249 ], [ -4.23149, 55.80303 ], [ -4.23275, 55.80293 ], [ -4.23315, 55.80334 ], [ -4.23106, 55.80363 ], [ -4.23091, 55.80331 ], [ -4.22984, 55.80315 ] ] ] ] } },
{ "type": "Feature", "properties": { "LSOA11_CD": "S01009931", "Neighborhood_Name": "Langside - 05", "uk_imd2019_LSOA": "S01009931", "uk_imd2019_Rank": "6602", "uk_imd2019_SOA_pct": "95", "uk_imd2019_SOA_decile": "10" }, "geometry": { "type": "MultiPolygon", "coordinates": [ [ [ [ -4.2764, 55.82723 ], [ -4.27764, 55.82693 ], [ -4.27853, 55.82651 ], [ -4.28, 55.8257 ], [ -4.28037, 55.82591 ], [ -4.27979, 55.82624 ], [ -4.28019, 55.82651 ], [ -4.28081, 55.82621 ], [ -4.28168, 55.82688 ], [ -4.28167, 55.82721 ], [ -4.28147, 55.82741 ], [ -4.28078, 55.8276 ], [ -4.28051, 55.82788 ], [ -4.27978, 55.8282 ], [ -4.27942, 55.82802 ], [ -4.27894, 55.8283 ], [ -4.27849, 55.82829 ], [ -4.2764, 55.82723 ] ] ] ] } },
{ "type": "Feature", "properties": { "LSOA11_CD": "S01009994", "Neighborhood_Name": "Kingspark South - 02", "uk_imd2019_LSOA": "S01009994", "uk_imd2019_Rank": "4147", "uk_imd2019_SOA_pct": "59", "uk_imd2019_SOA_decile": "6" }, "geometry": { "type": "MultiPolygon", "coordinates": [ [ [ [ -4.23132, 55.81515 ], [ -4.2297, 55.81442 ], [ -4.2301, 55.81416 ], [ -4.22957, 55.81392 ], [ -4.22996, 55.81366 ], [ -4.22935, 55.81341 ], [ -4.22968, 55.8132 ], [ -4.23076, 55.81311 ], [ -4.23134, 55.81294 ], [ -4.23334, 55.812 ], [ -4.23385, 55.81197 ], [ -4.23518, 55.81148 ], [ -4.23573, 55.81106 ], [ -4.23658, 55.81087 ], [ -4.2368, 55.8113 ], [ -4.23871, 55.81129 ], [ -4.23862, 55.81165 ], [ -4.23908, 55.8127 ], [ -4.23956, 55.81266 ], [ -4.23991, 55.81288 ], [ -4.23798, 55.81361 ], [ -4.23804, 55.81399 ], [ -4.23698, 55.81419 ], [ -4.23729, 55.81491 ], [ -4.23757, 55.81508 ], [ -4.23755, 55.81558 ], [ -4.23579, 55.81563 ], [ -4.23472, 55.81591 ], [ -4.23414, 55.81567 ], [ -4.23341, 55.81617 ], [ -4.23132, 55.81515 ] ] ] ] } },
{ "type": "Feature", "properties": { "LSOA11_CD": "S01009995", "Neighborhood_Name": "Kingspark South - 03", "uk_imd2019_LSOA": "S01009995", "uk_imd2019_Rank": "3616", "uk_imd2019_SOA_pct": "52", "uk_imd2019_SOA_decile": "6" }, "geometry": { "type": "MultiPolygon", "coordinates": [ [ [ [ -4.23227, 55.81693 ], [ -4.23267, 55.81665 ], [ -4.23057, 55.81567 ], [ -4.23132, 55.81515 ], [ -4.23341, 55.81617 ], [ -4.23414, 55.81567 ], [ -4.23472, 55.81591 ], [ -4.23564, 55.81639 ], [ -4.23667, 55.81706 ], [ -4.2362, 55.81756 ], [ -4.23616, 55.8179 ], [ -4.23558, 55.81787 ], [ -4.23557, 55.81828 ], [ -4.2331, 55.81812 ], [ -4.233, 55.81776 ], [ -4.23187, 55.81714 ], [ -4.23227, 55.81693 ] ] ] ] } },
{ "type": "Feature", "properties": { "LSOA11_CD": "S01009996", "Neighborhood_Name": "Kingspark South - 04", "uk_imd2019_LSOA": "S01009996", "uk_imd2019_Rank": "3092", "uk_imd2019_SOA_pct": "44", "uk_imd2019_SOA_decile": "5" }, "geometry": { "type": "MultiPolygon", "coordinates": [ [ [ [ -4.22791, 55.81674 ], [ -4.22645, 55.814 ], [ -4.22724, 55.8139 ], [ -4.22675, 55.81302 ], [ -4.22613, 55.81235 ], [ -4.22691, 55.81222 ], [ -4.22717, 55.8127 ], [ -4.22778, 55.81263 ], [ -4.22829, 55.81316 ], [ -4.22957, 55.81392 ], [ -4.2301, 55.81416 ], [ -4.2297, 55.81442 ], [ -4.23132, 55.81515 ], [ -4.23057, 55.81567 ], [ -4.23267, 55.81665 ], [ -4.23227, 55.81693 ], [ -4.23022, 55.81592 ], [ -4.22989, 55.81615 ], [ -4.22938, 55.81606 ], [ -4.22913, 55.81656 ], [ -4.22791, 55.81674 ] ] ] ] } },
{ "type": "Feature", "properties": { "LSOA11_CD": "S01010168", "Neighborhood_Name": "Craigend and Ruchazie - 04", "uk_imd2019_LSOA": "S01010168", "uk_imd2019_Rank": "1202", "uk_imd2019_SOA_pct": "17", "uk_imd2019_SOA_decile": "2" }, "geometry": { "type": "MultiPolygon", "coordinates": [ [ [ [ -4.15897, 55.87645 ], [ -4.15954, 55.87644 ], [ -4.1597, 55.87618 ], [ -4.16028, 55.8762 ], [ -4.16189, 55.87579 ], [ -4.16156, 55.87509 ], [ -4.16153, 55.8749 ], [ -4.16226, 55.8748 ], [ -4.16207, 55.87393 ], [ -4.16268, 55.8739 ], [ -4.16296, 55.87501 ], [ -4.16394, 55.87496 ], [ -4.16404, 55.8756 ], [ -4.16639, 55.87543 ], [ -4.16464, 55.87718 ], [ -4.16508, 55.87817 ], [ -4.16461, 55.87852 ], [ -4.16383, 55.87879 ], [ -4.16254, 55.87898 ], [ -4.16117, 55.87905 ], [ -4.16132, 55.87846 ], [ -4.16119, 55.87799 ], [ -4.15974, 55.87803 ], [ -4.15922, 55.87817 ], [ -4.15905, 55.87788 ], [ -4.15907, 55.87714 ], [ -4.15897, 55.87645 ] ] ] ] } },
{ "type": "Feature", "properties": { "LSOA11_CD": "S01010266", "Neighborhood_Name": "City Centre West - 01", "uk_imd2019_LSOA": "S01010266", "uk_imd2019_Rank": "3668", "uk_imd2019_SOA_pct": "53", "uk_imd2019_SOA_decile": "6" }, "geometry": { "type": "MultiPolygon", "coordinates": [ [ [ [ -4.26765, 55.86951 ], [ -4.26753, 55.86938 ], [ -4.26776, 55.86876 ], [ -4.26789, 55.86843 ], [ -4.26834, 55.86821 ], [ -4.26692, 55.86801 ], [ -4.26737, 55.86773 ], [ -4.26873, 55.86786 ], [ -4.26885, 55.8675 ], [ -4.26563, 55.86716 ], [ -4.26551, 55.86751 ], [ -4.26433, 55.86736 ], [ -4.264, 55.86717 ], [ -4.26439, 55.86597 ], [ -4.26581, 55.86613 ], [ -4.26643, 55.86607 ], [ -4.26725, 55.86616 ], [ -4.26745, 55.86657 ], [ -4.26906, 55.86635 ], [ -4.26901, 55.86649 ], [ -4.27014, 55.86663 ], [ -4.27066, 55.86628 ], [ -4.27093, 55.86654 ], [ -4.27094, 55.86726 ], [ -4.27131, 55.8675 ], [ -4.27081, 55.86801 ], [ -4.27, 55.86865 ], [ -4.26886, 55.86986 ], [ -4.26765, 55.86951 ] ] ] ] } },
{ "type": "Feature", "properties": { "LSOA11_CD": "S01009845", "Neighborhood_Name": "Govan and Linthouse - 05", "uk_imd2019_LSOA": "S01009845", "uk_imd2019_Rank": "771", "uk_imd2019_SOA_pct": "11", "uk_imd2019_SOA_decile": "2" }, "geometry": { "type": "MultiPolygon", "coordinates": [ [ [ [ -4.31604, 55.8639 ], [ -4.31893, 55.86391 ], [ -4.31888, 55.86455 ], [ -4.31866, 55.86509 ], [ -4.31827, 55.86513 ], [ -4.31583, 55.865 ], [ -4.31604, 55.8639 ] ] ] ] } },
{ "type": "Feature", "properties": { "LSOA11_CD": "S01009911", "Neighborhood_Name": "Strathbungo - 07", "uk_imd2019_LSOA": "S01009911", "uk_imd2019_Rank": "5433", "uk_imd2019_SOA_pct": "78", "uk_imd2019_SOA_decile": "8" }, "geometry": { "type": "MultiPolygon", "coordinates": [ [ [ [ -4.27276, 55.83492 ], [ -4.27437, 55.83397 ], [ -4.27479, 55.83397 ], [ -4.27544, 55.8337 ], [ -4.27687, 55.83365 ], [ -4.27748, 55.83376 ], [ -4.27828, 55.83374 ], [ -4.27984, 55.83366 ], [ -4.28282, 55.83387 ], [ -4.28324, 55.83405 ], [ -4.28265, 55.8341 ], [ -4.28268, 55.8344 ], [ -4.28041, 55.83516 ], [ -4.27637, 55.8366 ], [ -4.27586, 55.83616 ], [ -4.27554, 55.83629 ], [ -4.27336, 55.83508 ], [ -4.27276, 55.83492 ] ] ] ] } },
{ "type": "Feature", "properties": { "LSOA11_CD": "S01009998", "Neighborhood_Name": "Kingspark South - 06", "uk_imd2019_LSOA": "S01009998", "uk_imd2019_Rank": "4663", "uk_imd2019_SOA_pct": "67", "uk_imd2019_SOA_decile": "7" }, "geometry": { "type": "MultiPolygon", "coordinates": [ [ [ [ -4.24431, 55.81932 ], [ -4.24282, 55.81919 ], [ -4.23906, 55.81894 ], [ -4.2356, 55.81873 ], [ -4.23574, 55.81825 ], [ -4.23608, 55.81828 ], [ -4.23866, 55.81843 ], [ -4.23878, 55.81793 ], [ -4.24066, 55.81803 ], [ -4.24074, 55.81818 ], [ -4.2457, 55.81838 ], [ -4.24648, 55.81668 ], [ -4.24696, 55.81628 ], [ -4.24813, 55.81678 ], [ -4.24892, 55.81691 ], [ -4.25142, 55.81717 ], [ -4.25348, 55.81748 ], [ -4.25497, 55.81789 ], [ -4.25537, 55.81813 ], [ -4.25492, 55.81837 ], [ -4.25528, 55.81864 ], [ -4.2553, 55.81895 ], [ -4.25493, 55.81936 ], [ -4.25334, 55.81963 ], [ -4.25198, 55.81972 ], [ -4.2505, 55.81968 ], [ -4.24431, 55.81932 ] ] ] ] } },
{ "type": "Feature", "properties": { "LSOA11_CD": "S01009781", "Neighborhood_Name": "Nitshill - 07", "uk_imd2019_LSOA": "S01009781", "uk_imd2019_Rank": "570", "uk_imd2019_SOA_pct": "8", "uk_imd2019_SOA_decile": "1" }, "geometry": { "type": "MultiPolygon", "coordinates": [ [ [ [ -4.34385, 55.81797 ], [ -4.3438, 55.81766 ], [ -4.34296, 55.81764 ], [ -4.34344, 55.81682 ], [ -4.34402, 55.81692 ], [ -4.34391, 55.81718 ], [ -4.34502, 55.81708 ], [ -4.34554, 55.81679 ], [ -4.34617, 55.81696 ], [ -4.34642, 55.81668 ], [ -4.34714, 55.81646 ], [ -4.34825, 55.81666 ], [ -4.34868, 55.81658 ], [ -4.35029, 55.81678 ], [ -4.35057, 55.81722 ], [ -4.3515, 55.81702 ], [ -4.35181, 55.81747 ], [ -4.34981, 55.81951 ], [ -4.34896, 55.8196 ], [ -4.34872, 55.81917 ], [ -4.34897, 55.81886 ], [ -4.3469, 55.81808 ], [ -4.34631, 55.81774 ], [ -4.34627, 55.81749 ], [ -4.3458, 55.81738 ], [ -4.34567, 55.81792 ], [ -4.34592, 55.81834 ], [ -4.34539, 55.8184 ], [ -4.34385, 55.81797 ] ] ] ] } },
{ "type": "Feature", "properties": { "LSOA11_CD": "S01009763", "Neighborhood_Name": "Darnley East - 06", "uk_imd2019_LSOA": "S01009763", "uk_imd2019_Rank": "5598", "uk_imd2019_SOA_pct": "80", "uk_imd2019_SOA_decile": "9" }, "geometry": { "type": "MultiPolygon", "coordinates": [ [ [ [ -4.33079, 55.79851 ], [ -4.33072, 55.79815 ], [ -4.32981, 55.79799 ], [ -4.32962, 55.79779 ], [ -4.3285, 55.79757 ], [ -4.32804, 55.79733 ], [ -4.32868, 55.79686 ], [ -4.32812, 55.79661 ], [ -4.33203, 55.79383 ], [ -4.33598, 55.79521 ], [ -4.33581, 55.79529 ], [ -4.33454, 55.79739 ], [ -4.33402, 55.79731 ], [ -4.33369, 55.79791 ], [ -4.33279, 55.79791 ], [ -4.3324, 55.79855 ], [ -4.33144, 55.79871 ], [ -4.33079, 55.79851 ] ] ] ] } },
{ "type": "Feature", "properties": { "LSOA11_CD": "S01009794", "Neighborhood_Name": "Pollok South and West - 03", "uk_imd2019_LSOA": "S01009794", "uk_imd2019_Rank": "6201", "uk_imd2019_SOA_pct": "89", "uk_imd2019_SOA_decile": "9" }, "geometry": { "type": "MultiPolygon", "coordinates": [ [ [ [ -4.35511, 55.82801 ], [ -4.35657, 55.82803 ], [ -4.35777, 55.82871 ], [ -4.36075, 55.82956 ], [ -4.36221, 55.8299 ], [ -4.3632, 55.82994 ], [ -4.36297, 55.83138 ], [ -4.36225, 55.83131 ], [ -4.3621, 55.83162 ], [ -4.36159, 55.83182 ], [ -4.35949, 55.83166 ], [ -4.35772, 55.83147 ], [ -4.35605, 55.82993 ], [ -4.3556, 55.82973 ], [ -4.35562, 55.82946 ], [ -4.35511, 55.82801 ] ] ] ] } },
{ "type": "Feature", "properties": { "LSOA11_CD": "S01009807", "Neighborhood_Name": "Cardonald South and East - 02", "uk_imd2019_LSOA": "S01009807", "uk_imd2019_Rank": "2635", "uk_imd2019_SOA_pct": "38", "uk_imd2019_SOA_decile": "4" }, "geometry": { "type": "MultiPolygon", "coordinates": [ [ [ [ -4.33701, 55.84264 ], [ -4.33832, 55.84273 ], [ -4.33851, 55.84169 ], [ -4.33973, 55.84166 ], [ -4.34066, 55.8417 ], [ -4.34225, 55.84166 ], [ -4.34233, 55.84132 ], [ -4.34297, 55.84137 ], [ -4.34277, 55.84231 ], [ -4.34404, 55.84237 ], [ -4.34398, 55.84206 ], [ -4.34494, 55.84193 ], [ -4.34524, 55.84225 ], [ -4.34568, 55.84343 ], [ -4.34511, 55.84348 ], [ -4.34509, 55.84376 ], [ -4.34391, 55.84371 ], [ -4.34281, 55.84376 ], [ -4.34276, 55.84344 ], [ -4.339, 55.84337 ], [ -4.33746, 55.84306 ], [ -4.33701, 55.84264 ] ] ] ] } },
{ "type": "Feature", "properties": { "LSOA11_CD": "S01009901", "Neighborhood_Name": "Battlefield - 03", "uk_imd2019_LSOA": "S01009901", "uk_imd2019_Rank": "5785", "uk_imd2019_SOA_pct": "83", "uk_imd2019_SOA_decile": "9" }, "geometry": { "type": "MultiPolygon", "coordinates": [ [ [ [ -4.2657, 55.82685 ], [ -4.26401, 55.82566 ], [ -4.263, 55.82531 ], [ -4.26171, 55.82502 ], [ -4.26239, 55.82442 ], [ -4.26284, 55.82467 ], [ -4.26315, 55.82442 ], [ -4.26468, 55.82503 ], [ -4.26496, 55.82484 ], [ -4.26583, 55.82536 ], [ -4.26669, 55.82526 ], [ -4.26726, 55.82458 ], [ -4.26825, 55.82487 ], [ -4.26977, 55.82527 ], [ -4.26912, 55.82623 ], [ -4.26783, 55.8259 ], [ -4.26771, 55.82608 ], [ -4.26685, 55.82589 ], [ -4.2657, 55.82685 ] ] ] ] } },
{ "type": "Feature", "properties": { "LSOA11_CD": "S01009914", "Neighborhood_Name": "Maxwell Park - 03", "uk_imd2019_LSOA": "S01009914", "uk_imd2019_Rank": "5352", "uk_imd2019_SOA_pct": "77", "uk_imd2019_SOA_decile": "8" }, "geometry": { "type": "MultiPolygon", "coordinates": [ [ [ [ -4.28771, 55.84008 ], [ -4.28545, 55.83891 ], [ -4.28436, 55.83874 ], [ -4.28485, 55.83827 ], [ -4.28558, 55.8384 ], [ -4.28635, 55.83821 ], [ -4.28698, 55.83832 ], [ -4.28718, 55.83723 ], [ -4.28769, 55.83719 ], [ -4.28803, 55.83692 ], [ -4.29006, 55.83663 ], [ -4.29013, 55.8365 ], [ -4.29113, 55.83634 ], [ -4.2928, 55.83594 ], [ -4.29348, 55.83527 ], [ -4.29383, 55.83445 ], [ -4.29652, 55.83456 ], [ -4.29816, 55.83483 ], [ -4.29898, 55.83506 ], [ -4.30025, 55.83555 ], [ -4.30142, 55.83616 ], [ -4.30305, 55.83672 ], [ -4.30399, 55.83729 ], [ -4.30199, 55.83777 ], [ -4.30165, 55.83791 ], [ -4.29985, 55.83817 ], [ -4.30103, 55.83934 ], [ -4.29983, 55.8396 ], [ -4.29944, 55.84071 ], [ -4.29871, 55.84061 ], [ -4.29889, 55.84013 ], [ -4.29671, 55.83978 ], [ -4.29327, 55.83904 ], [ -4.29267, 55.83937 ], [ -4.29162, 55.83923 ], [ -4.29091, 55.83966 ], [ -4.28968, 55.84095 ], [ -4.28771, 55.84008 ] ] ] ] } },
{ "type": "Feature", "properties": { "LSOA11_CD": "S01009983", "Neighborhood_Name": "Glenwood North - 04", "uk_imd2019_LSOA": "S01009983", "uk_imd2019_Rank": "113", "uk_imd2019_SOA_pct": "2", "uk_imd2019_SOA_decile": "1" }, "geometry": { "type": "MultiPolygon", "coordinates": [ [ [ [ -4.21578, 55.80559 ], [ -4.21635, 55.80607 ], [ -4.21807, 55.80697 ], [ -4.21831, 55.80727 ], [ -4.21592, 55.80791 ], [ -4.21569, 55.80825 ], [ -4.21379, 55.80856 ], [ -4.21307, 55.80858 ], [ -4.21279, 55.80709 ], [ -4.21321, 55.80665 ], [ -4.2137, 55.80677 ], [ -4.21474, 55.80579 ], [ -4.2152, 55.80558 ], [ -4.21578, 55.80559 ] ] ] ] } },
{ "type": "Feature", "properties": { "LSOA11_CD": "S01010008", "Neighborhood_Name": "Cathcart - 04", "uk_imd2019_LSOA": "S01010008", "uk_imd2019_Rank": "2071", "uk_imd2019_SOA_pct": "30", "uk_imd2019_SOA_decile": "3" }, "geometry": { "type": "MultiPolygon", "coordinates": [ [ [ [ -4.25578, 55.8207 ], [ -4.25558, 55.81922 ], [ -4.25649, 55.81893 ], [ -4.25963, 55.81776 ], [ -4.26024, 55.81749 ], [ -4.26176, 55.81714 ], [ -4.26232, 55.81707 ], [ -4.26162, 55.81798 ], [ -4.26078, 55.81921 ], [ -4.26097, 55.81948 ], [ -4.26029, 55.82005 ], [ -4.25995, 55.82014 ], [ -4.2602, 55.82125 ], [ -4.25948, 55.82132 ], [ -4.25949, 55.82285 ], [ -4.25911, 55.82288 ], [ -4.25886, 55.82241 ], [ -4.25868, 55.82143 ], [ -4.25846, 55.82128 ], [ -4.25839, 55.82068 ], [ -4.25743, 55.82082 ], [ -4.25666, 55.82114 ], [ -4.25578, 55.8207 ] ] ] ] } },
{ "type": "Feature", "properties": { "LSOA11_CD": "S01010162", "Neighborhood_Name": "Cranhill, Lightburn and Queenslie South - 07", "uk_imd2019_LSOA": "S01010162", "uk_imd2019_Rank": "175", "uk_imd2019_SOA_pct": "3", "uk_imd2019_SOA_decile": "1" }, "geometry": { "type": "MultiPolygon", "coordinates": [ [ [ [ -4.156, 55.86373 ], [ -4.15507, 55.86375 ], [ -4.15501, 55.86219 ], [ -4.15629, 55.86217 ], [ -4.15856, 55.86214 ], [ -4.16214, 55.86218 ], [ -4.16403, 55.86226 ], [ -4.16449, 55.86227 ], [ -4.16487, 55.86328 ], [ -4.16478, 55.86369 ], [ -4.16424, 55.86377 ], [ -4.16469, 55.86448 ], [ -4.16389, 55.86446 ], [ -4.16385, 55.86501 ], [ -4.16202, 55.86481 ], [ -4.16199, 55.8651 ], [ -4.16107, 55.86514 ], [ -4.16098, 55.86481 ], [ -4.15952, 55.86502 ], [ -4.1584, 55.86532 ], [ -4.158, 55.86448 ], [ -4.15687, 55.86443 ], [ -4.15716, 55.86412 ], [ -4.15821, 55.86418 ], [ -4.15846, 55.86353 ], [ -4.15763, 55.86352 ], [ -4.15763, 55.86331 ], [ -4.15689, 55.86331 ], [ -4.15689, 55.86308 ], [ -4.15603, 55.86321 ], [ -4.156, 55.86373 ] ] ] ] } },
{ "type": "Feature", "properties": { "LSOA11_CD": "S01010189", "Neighborhood_Name": "Robroyston and Millerston - 04", "uk_imd2019_LSOA": "S01010189", "uk_imd2019_Rank": "5695", "uk_imd2019_SOA_pct": "82", "uk_imd2019_SOA_decile": "9" }, "geometry": { "type": "MultiPolygon", "coordinates": [ [ [ [ -4.19191, 55.89692 ], [ -4.19228, 55.89664 ], [ -4.19492, 55.89589 ], [ -4.19648, 55.89551 ], [ -4.19686, 55.89536 ], [ -4.19784, 55.89607 ], [ -4.19949, 55.8974 ], [ -4.19995, 55.89798 ], [ -4.1988, 55.89807 ], [ -4.19798, 55.89832 ], [ -4.19737, 55.89832 ], [ -4.19693, 55.89876 ], [ -4.19647, 55.89858 ], [ -4.1952, 55.89885 ], [ -4.19439, 55.89881 ], [ -4.19405, 55.89906 ], [ -4.1933, 55.89927 ], [ -4.19279, 55.89921 ], [ -4.19222, 55.89939 ], [ -4.19087, 55.89953 ], [ -4.19078, 55.89881 ], [ -4.19154, 55.89798 ], [ -4.19191, 55.89692 ] ] ] ] } },
{ "type": "Feature", "properties": { "LSOA11_CD": "S01010213", "Neighborhood_Name": "Springburn - 05", "uk_imd2019_LSOA": "S01010213", "uk_imd2019_Rank": "1044", "uk_imd2019_SOA_pct": "15", "uk_imd2019_SOA_decile": "2" }, "geometry": { "type": "MultiPolygon", "coordinates": [ [ [ [ -4.21762, 55.88647 ], [ -4.21811, 55.88613 ], [ -4.21766, 55.88582 ], [ -4.21778, 55.88548 ], [ -4.21741, 55.88509 ], [ -4.21734, 55.88476 ], [ -4.21757, 55.88448 ], [ -4.21668, 55.88371 ], [ -4.21597, 55.88394 ], [ -4.21491, 55.88388 ], [ -4.21473, 55.88343 ], [ -4.21431, 55.88314 ], [ -4.21369, 55.88346 ], [ -4.21214, 55.88301 ], [ -4.21075, 55.88269 ], [ -4.21148, 55.88235 ], [ -4.21354, 55.88224 ], [ -4.21797, 55.88261 ], [ -4.21947, 55.88277 ], [ -4.21964, 55.88329 ], [ -4.22151, 55.88333 ], [ -4.22137, 55.8836 ], [ -4.21975, 55.88356 ], [ -4.2201, 55.88464 ], [ -4.22073, 55.88466 ], [ -4.2208, 55.88503 ], [ -4.22181, 55.88507 ], [ -4.22182, 55.88532 ], [ -4.22271, 55.8853 ], [ -4.22281, 55.8856 ], [ -4.22253, 55.88594 ], [ -4.22189, 55.88596 ], [ -4.22196, 55.88629 ], [ -4.21914, 55.88657 ], [ -4.21917, 55.88687 ], [ -4.21802, 55.88701 ], [ -4.21762, 55.88647 ] ] ] ] } },
{ "type": "Feature", "properties": { "LSOA11_CD": "S01010264", "Neighborhood_Name": "City Centre East - 06", "uk_imd2019_LSOA": "S01010264", "uk_imd2019_Rank": "1249", "uk_imd2019_SOA_pct": "18", "uk_imd2019_SOA_decile": "2" }, "geometry": { "type": "MultiPolygon", "coordinates": [ [ [ [ -4.24596, 55.85955 ], [ -4.24534, 55.85947 ], [ -4.24557, 55.85931 ], [ -4.246, 55.85857 ], [ -4.24564, 55.85831 ], [ -4.24612, 55.85732 ], [ -4.24492, 55.85721 ], [ -4.24511, 55.85689 ], [ -4.24524, 55.85671 ], [ -4.244, 55.8563 ], [ -4.24454, 55.85583 ], [ -4.24529, 55.85569 ], [ -4.24627, 55.85438 ], [ -4.24603, 55.85409 ], [ -4.24681, 55.85303 ], [ -4.2473, 55.85309 ], [ -4.25017, 55.85394 ], [ -4.25061, 55.85418 ], [ -4.25028, 55.85423 ], [ -4.24983, 55.85463 ], [ -4.24971, 55.85525 ], [ -4.25001, 55.85544 ], [ -4.2496, 55.85647 ], [ -4.24883, 55.85654 ], [ -4.24865, 55.85698 ], [ -4.24936, 55.85709 ], [ -4.2492, 55.85741 ], [ -4.2502, 55.85757 ], [ -4.24991, 55.8576 ], [ -4.24965, 55.85837 ], [ -4.24925, 55.85859 ], [ -4.24918, 55.85895 ], [ -4.2488, 55.85897 ], [ -4.24859, 55.85954 ], [ -4.24687, 55.85935 ], [ -4.24678, 55.85961 ], [ -4.24596, 55.85955 ] ] ] ] } },
{ "type": "Feature", "properties": { "LSOA11_CD": "S01010265", "Neighborhood_Name": "City Centre East - 07", "uk_imd2019_LSOA": "S01010265", "uk_imd2019_Rank": "5538", "uk_imd2019_SOA_pct": "79", "uk_imd2019_SOA_decile": "8" }, "geometry": { "type": "MultiPolygon", "coordinates": [ [ [ [ -4.24596, 55.85955 ], [ -4.24678, 55.85961 ], [ -4.24687, 55.85935 ], [ -4.24859, 55.85954 ], [ -4.2488, 55.85897 ], [ -4.24918, 55.85895 ], [ -4.24925, 55.85859 ], [ -4.24965, 55.85837 ], [ -4.24991, 55.8576 ], [ -4.2502, 55.85757 ], [ -4.25257, 55.85799 ], [ -4.25149, 55.86085 ], [ -4.25079, 55.86044 ], [ -4.25036, 55.86052 ], [ -4.24914, 55.86037 ], [ -4.24851, 55.86022 ], [ -4.24857, 55.86 ], [ -4.24766, 55.85992 ], [ -4.24725, 55.86 ], [ -4.24645, 55.85991 ], [ -4.24596, 55.85955 ] ] ] ] } },
{ "type": "Feature", "properties": { "LSOA11_CD": "S01010276", "Neighborhood_Name": "Anderston - 01", "uk_imd2019_LSOA": "S01010276", "uk_imd2019_Rank": "5982", "uk_imd2019_SOA_pct": "86", "uk_imd2019_SOA_decile": "9" }, "geometry": { "type": "MultiPolygon", "coordinates": [ [ [ [ -4.27756, 55.86019 ], [ -4.2759, 55.86021 ], [ -4.27342, 55.86018 ], [ -4.27177, 55.85982 ], [ -4.272, 55.85926 ], [ -4.27162, 55.85926 ], [ -4.27158, 55.8585 ], [ -4.27198, 55.85849 ], [ -4.27194, 55.85735 ], [ -4.27118, 55.85728 ], [ -4.27111, 55.85688 ], [ -4.26978, 55.85693 ], [ -4.26729, 55.85689 ], [ -4.26731, 55.85671 ], [ -4.26728, 55.85642 ], [ -4.27015, 55.85635 ], [ -4.27404, 55.85647 ], [ -4.27865, 55.85703 ], [ -4.28161, 55.8575 ], [ -4.28124, 55.85938 ], [ -4.28097, 55.86033 ], [ -4.27844, 55.86018 ], [ -4.27756, 55.86019 ] ] ] ] } },
{ "type": "Feature", "properties": { "LSOA11_CD": "S01010340", "Neighborhood_Name": "Summerston Central and West - 01", "uk_imd2019_LSOA": "S01010340", "uk_imd2019_Rank": "728", "uk_imd2019_SOA_pct": "10", "uk_imd2019_SOA_decile": "2" }, "geometry": { "type": "MultiPolygon", "coordinates": [ [ [ [ -4.26999, 55.89865 ], [ -4.26999, 55.89833 ], [ -4.27125, 55.89844 ], [ -4.27442, 55.89879 ], [ -4.27463, 55.89858 ], [ -4.27513, 55.89739 ], [ -4.27589, 55.89744 ], [ -4.2759, 55.89797 ], [ -4.2774, 55.89776 ], [ -4.27885, 55.89723 ], [ -4.27951, 55.89679 ], [ -4.28162, 55.89756 ], [ -4.28276, 55.89791 ], [ -4.28305, 55.8977 ], [ -4.28363, 55.89829 ], [ -4.28379, 55.89898 ], [ -4.2817, 55.89896 ], [ -4.2817, 55.89981 ], [ -4.27987, 55.89982 ], [ -4.27991, 55.89954 ], [ -4.27882, 55.89961 ], [ -4.27876, 55.89892 ], [ -4.27534, 55.89894 ], [ -4.27257, 55.8989 ], [ -4.2705, 55.89863 ], [ -4.26999, 55.89865 ] ] ] ] } },
{ "type": "Feature", "properties": { "LSOA11_CD": "S01010350", "Neighborhood_Name": "Maryhill East - 01", "uk_imd2019_LSOA": "S01010350", "uk_imd2019_Rank": "506", "uk_imd2019_SOA_pct": "7", "uk_imd2019_SOA_decile": "1" }, "geometry": { "type": "MultiPolygon", "coordinates": [ [ [ [ -4.26999, 55.89865 ], [ -4.26724, 55.89833 ], [ -4.26702, 55.89864 ], [ -4.26622, 55.89863 ], [ -4.26596, 55.89728 ], [ -4.26593, 55.89713 ], [ -4.26767, 55.89719 ], [ -4.26927, 55.89701 ], [ -4.27062, 55.89701 ], [ -4.27075, 55.89673 ], [ -4.27131, 55.89683 ], [ -4.27162, 55.89666 ], [ -4.27263, 55.8969 ], [ -4.27515, 55.89733 ], [ -4.27513, 55.89739 ], [ -4.27463, 55.89858 ], [ -4.27442, 55.89879 ], [ -4.27125, 55.89844 ], [ -4.26999, 55.89833 ], [ -4.26999, 55.89865 ] ] ] ] } },
{ "type": "Feature", "properties": { "LSOA11_CD": "S01010453", "Neighborhood_Name": "Knightswood East - 04", "uk_imd2019_LSOA": "S01010453", "uk_imd2019_Rank": "491", "uk_imd2019_SOA_pct": "7", "uk_imd2019_SOA_decile": "1" }, "geometry": { "type": "MultiPolygon", "coordinates": [ [ [ [ -4.35909, 55.88777 ], [ -4.35875, 55.88743 ], [ -4.35929, 55.88729 ], [ -4.35866, 55.88699 ], [ -4.35802, 55.88722 ], [ -4.35735, 55.88693 ], [ -4.35678, 55.88728 ], [ -4.35625, 55.88744 ], [ -4.35611, 55.88719 ], [ -4.35536, 55.88699 ], [ -4.35603, 55.88621 ], [ -4.35538, 55.8861 ], [ -4.35523, 55.88635 ], [ -4.35464, 55.88642 ], [ -4.35351, 55.88599 ], [ -4.35298, 55.88539 ], [ -4.35452, 55.88531 ], [ -4.36165, 55.88691 ], [ -4.36184, 55.88761 ], [ -4.36166, 55.88797 ], [ -4.36001, 55.88764 ], [ -4.35909, 55.88777 ] ] ] ] } },
{ "type": "Feature", "properties": { "LSOA11_CD": "S01010493", "Neighborhood_Name": "Drumchapel North - 03", "uk_imd2019_LSOA": "S01010493", "uk_imd2019_Rank": "30", "uk_imd2019_SOA_pct": "0", "uk_imd2019_SOA_decile": "1" }, "geometry": { "type": "MultiPolygon", "coordinates": [ [ [ [ -4.35845, 55.91318 ], [ -4.35825, 55.91278 ], [ -4.35888, 55.91235 ], [ -4.36034, 55.91105 ], [ -4.3592, 55.9106 ], [ -4.35886, 55.91013 ], [ -4.36044, 55.90973 ], [ -4.36252, 55.90945 ], [ -4.36288, 55.9099 ], [ -4.3636, 55.90986 ], [ -4.36383, 55.91013 ], [ -4.36319, 55.9102 ], [ -4.3618, 55.91058 ], [ -4.36162, 55.91097 ], [ -4.36117, 55.91134 ], [ -4.36322, 55.91214 ], [ -4.3618, 55.91341 ], [ -4.36018, 55.91314 ], [ -4.35845, 55.91318 ] ] ] ] } },
{ "type": "Feature", "properties": { "LSOA11_CD": "S01010206", "Neighborhood_Name": "Petershill - 04", "uk_imd2019_LSOA": "S01010206", "uk_imd2019_Rank": "4172", "uk_imd2019_SOA_pct": "60", "uk_imd2019_SOA_decile": "6" }, "geometry": { "type": "MultiPolygon", "coordinates": [ [ [ [ -4.20639, 55.87917 ], [ -4.20932, 55.87909 ], [ -4.20938, 55.87986 ], [ -4.20849, 55.87988 ], [ -4.20782, 55.88012 ], [ -4.20653, 55.88018 ], [ -4.20639, 55.87917 ] ] ] ] } },
{ "type": "Feature", "properties": { "LSOA11_CD": "S01009771", "Neighborhood_Name": "Darnley West - 04", "uk_imd2019_LSOA": "S01009771", "uk_imd2019_Rank": "4400", "uk_imd2019_SOA_pct": "63", "uk_imd2019_SOA_decile": "7" }, "geometry": { "type": "MultiPolygon", "coordinates": [ [ [ [ -4.34957, 55.80096 ], [ -4.34958, 55.80172 ], [ -4.3488, 55.80221 ], [ -4.34737, 55.80229 ], [ -4.34729, 55.80275 ], [ -4.34645, 55.80278 ], [ -4.34593, 55.80262 ], [ -4.34549, 55.80313 ], [ -4.34638, 55.80364 ], [ -4.3456, 55.80368 ], [ -4.34562, 55.80395 ], [ -4.34525, 55.80414 ], [ -4.34481, 55.80403 ], [ -4.34406, 55.80364 ], [ -4.34296, 55.80294 ], [ -4.34269, 55.80306 ], [ -4.34176, 55.80273 ], [ -4.34236, 55.80218 ], [ -4.34346, 55.80157 ], [ -4.34415, 55.80131 ], [ -4.3441, 55.80095 ], [ -4.34584, 55.79962 ], [ -4.3471, 55.79989 ], [ -4.34781, 55.80045 ], [ -4.34901, 55.80069 ], [ -4.34957, 55.80096 ] ] ] ] } },
{ "type": "Feature", "properties": { "LSOA11_CD": "S01009787", "Neighborhood_Name": "Crookston South - 04", "uk_imd2019_LSOA": "S01009787", "uk_imd2019_Rank": "123", "uk_imd2019_SOA_pct": "2", "uk_imd2019_SOA_decile": "1" }, "geometry": { "type": "MultiPolygon", "coordinates": [ [ [ [ -4.34539, 55.82422 ], [ -4.34788, 55.8217 ], [ -4.34965, 55.82133 ], [ -4.3496, 55.82086 ], [ -4.34877, 55.82075 ], [ -4.34966, 55.81972 ], [ -4.35022, 55.81987 ], [ -4.35072, 55.8197 ], [ -4.35171, 55.82002 ], [ -4.35639, 55.82115 ], [ -4.35428, 55.82235 ], [ -4.35592, 55.82315 ], [ -4.35258, 55.82436 ], [ -4.35058, 55.82475 ], [ -4.34911, 55.82481 ], [ -4.34539, 55.82422 ] ] ] ] } },
{ "type": "Feature", "properties": { "LSOA11_CD": "S01009865", "Neighborhood_Name": "Ibrox East and Cessnock - 04", "uk_imd2019_LSOA": "S01009865", "uk_imd2019_Rank": "3065", "uk_imd2019_SOA_pct": "44", "uk_imd2019_SOA_decile": "5" }, "geometry": { "type": "MultiPolygon", "coordinates": [ [ [ [ -4.30513, 55.8533 ], [ -4.30377, 55.85277 ], [ -4.30181, 55.85245 ], [ -4.301, 55.85255 ], [ -4.30155, 55.85103 ], [ -4.302, 55.85103 ], [ -4.30695, 55.85188 ], [ -4.3062, 55.85299 ], [ -4.30609, 55.85337 ], [ -4.30535, 55.85311 ], [ -4.30513, 55.8533 ] ] ] ] } },
{ "type": "Feature", "properties": { "LSOA11_CD": "S01009936", "Neighborhood_Name": "Pollokshaws - 04", "uk_imd2019_LSOA": "S01009936", "uk_imd2019_Rank": "718", "uk_imd2019_SOA_pct": "10", "uk_imd2019_SOA_decile": "2" }, "geometry": { "type": "MultiPolygon", "coordinates": [ [ [ [ -4.28909, 55.82775 ], [ -4.28918, 55.82703 ], [ -4.28943, 55.82624 ], [ -4.28917, 55.82608 ], [ -4.29004, 55.82577 ], [ -4.29093, 55.82571 ], [ -4.29164, 55.82582 ], [ -4.29197, 55.82568 ], [ -4.29318, 55.82558 ], [ -4.29363, 55.82613 ], [ -4.29319, 55.82656 ], [ -4.29271, 55.82681 ], [ -4.29311, 55.8274 ], [ -4.29371, 55.82793 ], [ -4.29605, 55.82726 ], [ -4.29576, 55.82825 ], [ -4.29459, 55.82858 ], [ -4.29438, 55.82833 ], [ -4.29333, 55.82861 ], [ -4.29269, 55.8281 ], [ -4.29023, 55.82839 ], [ -4.2901, 55.82806 ], [ -4.28909, 55.82775 ] ] ] ] } },
{ "type": "Feature", "properties": { "LSOA11_CD": "S01010127", "Neighborhood_Name": "Barlanark - 05", "uk_imd2019_LSOA": "S01010127", "uk_imd2019_Rank": "370", "uk_imd2019_SOA_pct": "5", "uk_imd2019_SOA_decile": "1" }, "geometry": { "type": "MultiPolygon", "coordinates": [ [ [ [ -4.14342, 55.85965 ], [ -4.14227, 55.85952 ], [ -4.14216, 55.85973 ], [ -4.13951, 55.85966 ], [ -4.1392, 55.85931 ], [ -4.13858, 55.85945 ], [ -4.13879, 55.85883 ], [ -4.13839, 55.85808 ], [ -4.13878, 55.85768 ], [ -4.13945, 55.85757 ], [ -4.13922, 55.85726 ], [ -4.13972, 55.85675 ], [ -4.14227, 55.85654 ], [ -4.14274, 55.85654 ], [ -4.14444, 55.85624 ], [ -4.14524, 55.85791 ], [ -4.14418, 55.85822 ], [ -4.14369, 55.85803 ], [ -4.14312, 55.85836 ], [ -4.14348, 55.85909 ], [ -4.14331, 55.85923 ], [ -4.14446, 55.85942 ], [ -4.14406, 55.85971 ], [ -4.14342, 55.85965 ] ] ] ] } },
{ "type": "Feature", "properties": { "LSOA11_CD": "S01010251", "Neighborhood_Name": "Dennistoun - 04", "uk_imd2019_LSOA": "S01010251", "uk_imd2019_Rank": "6090", "uk_imd2019_SOA_pct": "87", "uk_imd2019_SOA_decile": "9" }, "geometry": { "type": "MultiPolygon", "coordinates": [ [ [ [ -4.21903, 55.86164 ], [ -4.21904, 55.86102 ], [ -4.21906, 55.8604 ], [ -4.21843, 55.85999 ], [ -4.21907, 55.8599 ], [ -4.21908, 55.85955 ], [ -4.21975, 55.85953 ], [ -4.22012, 55.85908 ], [ -4.22055, 55.85906 ], [ -4.22061, 55.85968 ], [ -4.2212, 55.85967 ], [ -4.22126, 55.86032 ], [ -4.22134, 55.86116 ], [ -4.22157, 55.86169 ], [ -4.21903, 55.86164 ] ] ] ] } },
{ "type": "Feature", "properties": { "LSOA11_CD": "S01010263", "Neighborhood_Name": "City Centre East - 05", "uk_imd2019_LSOA": "S01010263", "uk_imd2019_Rank": "4482", "uk_imd2019_SOA_pct": "64", "uk_imd2019_SOA_decile": "7" }, "geometry": { "type": "MultiPolygon", "coordinates": [ [ [ [ -4.24293, 55.8592 ], [ -4.24135, 55.85902 ], [ -4.24247, 55.85776 ], [ -4.24343, 55.85683 ], [ -4.24429, 55.85713 ], [ -4.24511, 55.85689 ], [ -4.24492, 55.85721 ], [ -4.24612, 55.85732 ], [ -4.24564, 55.85831 ], [ -4.246, 55.85857 ], [ -4.24557, 55.85931 ], [ -4.24534, 55.85947 ], [ -4.24293, 55.8592 ] ] ] ] } },
{ "type": "Feature", "properties": { "LSOA11_CD": "S01010285", "Neighborhood_Name": "Finnieston and Kelvinhaugh - 04", "uk_imd2019_LSOA": "S01010285", "uk_imd2019_Rank": "2940", "uk_imd2019_SOA_pct": "42", "uk_imd2019_SOA_decile": "5" }, "geometry": { "type": "MultiPolygon", "coordinates": [ [ [ [ -4.28163, 55.86391 ], [ -4.2807, 55.86352 ], [ -4.28196, 55.86326 ], [ -4.28284, 55.86298 ], [ -4.28373, 55.86325 ], [ -4.28424, 55.86356 ], [ -4.28541, 55.86407 ], [ -4.28479, 55.86487 ], [ -4.28435, 55.86474 ], [ -4.28379, 55.86497 ], [ -4.28105, 55.86517 ], [ -4.28135, 55.8648 ], [ -4.28114, 55.86398 ], [ -4.28163, 55.86391 ] ] ] ] } },
{ "type": "Feature", "properties": { "LSOA11_CD": "S01010381", "Neighborhood_Name": "Hillhead - 01", "uk_imd2019_LSOA": "S01010381", "uk_imd2019_Rank": "5036", "uk_imd2019_SOA_pct": "72", "uk_imd2019_SOA_decile": "8" }, "geometry": { "type": "MultiPolygon", "coordinates": [ [ [ [ -4.30058, 55.86955 ], [ -4.30071, 55.86969 ], [ -4.30031, 55.87063 ], [ -4.29958, 55.87065 ], [ -4.29898, 55.87111 ], [ -4.2985, 55.87113 ], [ -4.29768, 55.87108 ], [ -4.29715, 55.87087 ], [ -4.29738, 55.86999 ], [ -4.2972, 55.86963 ], [ -4.29757, 55.86941 ], [ -4.29829, 55.86928 ], [ -4.299, 55.86937 ], [ -4.29949, 55.86963 ], [ -4.30058, 55.86955 ] ] ] ] } },
{ "type": "Feature", "properties": { "LSOA11_CD": "S01010433", "Neighborhood_Name": "Scotstoun South and West - 02", "uk_imd2019_LSOA": "S01010433", "uk_imd2019_Rank": "224", "uk_imd2019_SOA_pct": "3", "uk_imd2019_SOA_decile": "1" }, "geometry": { "type": "MultiPolygon", "coordinates": [ [ [ [ -4.35771, 55.88467 ], [ -4.35785, 55.88429 ], [ -4.35785, 55.88344 ], [ -4.35799, 55.88312 ], [ -4.35848, 55.88254 ], [ -4.3579, 55.88238 ], [ -4.35836, 55.88181 ], [ -4.36093, 55.88245 ], [ -4.36078, 55.88262 ], [ -4.36209, 55.88292 ], [ -4.35851, 55.88435 ], [ -4.35829, 55.88494 ], [ -4.35771, 55.88467 ] ] ] ] } },
{ "type": "Feature", "properties": { "LSOA11_CD": "S01009890", "Neighborhood_Name": "Govanhill West - 04", "uk_imd2019_LSOA": "S01009890", "uk_imd2019_Rank": "1138", "uk_imd2019_SOA_pct": "16", "uk_imd2019_SOA_decile": "2" }, "geometry": { "type": "MultiPolygon", "coordinates": [ [ [ [ -4.25694, 55.83796 ], [ -4.25703, 55.83672 ], [ -4.25675, 55.83587 ], [ -4.25828, 55.83608 ], [ -4.25762, 55.83628 ], [ -4.25797, 55.83667 ], [ -4.25857, 55.83661 ], [ -4.2597, 55.83704 ], [ -4.25919, 55.83803 ], [ -4.25967, 55.83809 ], [ -4.25959, 55.83832 ], [ -4.25855, 55.83821 ], [ -4.25874, 55.83775 ], [ -4.25828, 55.83772 ], [ -4.25838, 55.83817 ], [ -4.25694, 55.83796 ] ] ] ] } },
{ "type": "Feature", "properties": { "LSOA11_CD": "S01009891", "Neighborhood_Name": "Govanhill West - 05", "uk_imd2019_LSOA": "S01009891", "uk_imd2019_Rank": "2035", "uk_imd2019_SOA_pct": "29", "uk_imd2019_SOA_decile": "3" }, "geometry": { "type": "MultiPolygon", "coordinates": [ [ [ [ -4.26093, 55.8382 ], [ -4.26099, 55.838 ], [ -4.26173, 55.8381 ], [ -4.26273, 55.83824 ], [ -4.26303, 55.83751 ], [ -4.26432, 55.83769 ], [ -4.26498, 55.83753 ], [ -4.26528, 55.83788 ], [ -4.26713, 55.83814 ], [ -4.26776, 55.83794 ], [ -4.26801, 55.8382 ], [ -4.2672, 55.83891 ], [ -4.26593, 55.83874 ], [ -4.26512, 55.83863 ], [ -4.26494, 55.83918 ], [ -4.26468, 55.83931 ], [ -4.26377, 55.83924 ], [ -4.26349, 55.83997 ], [ -4.26154, 55.83974 ], [ -4.26117, 55.83942 ], [ -4.26112, 55.83882 ], [ -4.26067, 55.83877 ], [ -4.26093, 55.8382 ] ] ] ] } },
{ "type": "Feature", "properties": { "LSOA11_CD": "S01009895", "Neighborhood_Name": "Govanhill East and Aikenhead - 02", "uk_imd2019_LSOA": "S01009895", "uk_imd2019_Rank": "247", "uk_imd2019_SOA_pct": "4", "uk_imd2019_SOA_decile": "1" }, "geometry": { "type": "MultiPolygon", "coordinates": [ [ [ [ -4.25357, 55.83727 ], [ -4.25401, 55.83624 ], [ -4.25445, 55.8355 ], [ -4.25488, 55.83556 ], [ -4.25515, 55.83506 ], [ -4.25617, 55.83526 ], [ -4.25625, 55.83578 ], [ -4.25675, 55.83587 ], [ -4.25703, 55.83672 ], [ -4.25694, 55.83796 ], [ -4.25665, 55.83913 ], [ -4.25607, 55.83902 ], [ -4.25589, 55.83869 ], [ -4.25507, 55.83859 ], [ -4.25405, 55.83877 ], [ -4.25304, 55.83863 ], [ -4.25268, 55.8382 ], [ -4.25215, 55.83813 ], [ -4.25202, 55.83848 ], [ -4.25159, 55.83842 ], [ -4.25169, 55.8381 ], [ -4.25068, 55.83797 ], [ -4.25069, 55.83764 ], [ -4.25225, 55.83787 ], [ -4.25232, 55.83765 ], [ -4.25351, 55.8378 ], [ -4.25364, 55.8375 ], [ -4.25463, 55.83763 ], [ -4.25471, 55.83743 ], [ -4.25357, 55.83727 ] ] ] ] } },
{ "type": "Feature", "properties": { "LSOA11_CD": "S01009892", "Neighborhood_Name": "Govanhill West - 06", "uk_imd2019_LSOA": "S01009892", "uk_imd2019_Rank": "441", "uk_imd2019_SOA_pct": "6", "uk_imd2019_SOA_decile": "1" }, "geometry": { "type": "MultiPolygon", "coordinates": [ [ [ [ -4.25665, 55.83913 ], [ -4.25694, 55.83796 ], [ -4.25838, 55.83817 ], [ -4.25828, 55.83772 ], [ -4.25874, 55.83775 ], [ -4.25855, 55.83821 ], [ -4.25959, 55.83832 ], [ -4.25967, 55.83809 ], [ -4.26071, 55.83805 ], [ -4.26093, 55.8382 ], [ -4.26067, 55.83877 ], [ -4.26112, 55.83882 ], [ -4.26117, 55.83942 ], [ -4.26154, 55.83974 ], [ -4.26349, 55.83997 ], [ -4.26327, 55.8406 ], [ -4.26131, 55.84036 ], [ -4.26067, 55.84033 ], [ -4.26088, 55.83984 ], [ -4.25847, 55.83957 ], [ -4.25826, 55.84006 ], [ -4.25757, 55.84014 ], [ -4.25805, 55.83932 ], [ -4.25665, 55.83913 ] ] ] ] } },
{ "type": "Feature", "properties": { "LSOA11_CD": "S01009893", "Neighborhood_Name": "Govanhill West - 07", "uk_imd2019_LSOA": "S01009893", "uk_imd2019_Rank": "1736", "uk_imd2019_SOA_pct": "25", "uk_imd2019_SOA_decile": "3" }, "geometry": { "type": "MultiPolygon", "coordinates": [ [ [ [ -4.26173, 55.8381 ], [ -4.26201, 55.83736 ], [ -4.26149, 55.83714 ], [ -4.26219, 55.83609 ], [ -4.26102, 55.83588 ], [ -4.26117, 55.83574 ], [ -4.26231, 55.83592 ], [ -4.26354, 55.83612 ], [ -4.26345, 55.83632 ], [ -4.26473, 55.83657 ], [ -4.26524, 55.83634 ], [ -4.26607, 55.8365 ], [ -4.26589, 55.83684 ], [ -4.26486, 55.83716 ], [ -4.26498, 55.83753 ], [ -4.26432, 55.83769 ], [ -4.26303, 55.83751 ], [ -4.26273, 55.83824 ], [ -4.26173, 55.8381 ] ] ] ] } },
{ "type": "Feature", "properties": { "LSOA11_CD": "S01009894", "Neighborhood_Name": "Govanhill East and Aikenhead - 01", "uk_imd2019_LSOA": "S01009894", "uk_imd2019_Rank": "467", "uk_imd2019_SOA_pct": "7", "uk_imd2019_SOA_decile": "1" }, "geometry": { "type": "MultiPolygon", "coordinates": [ [ [ [ -4.25285, 55.83469 ], [ -4.25377, 55.83486 ], [ -4.25388, 55.83462 ], [ -4.25451, 55.83471 ], [ -4.25485, 55.83382 ], [ -4.25339, 55.83355 ], [ -4.25354, 55.83328 ], [ -4.25596, 55.83373 ], [ -4.25552, 55.83393 ], [ -4.25619, 55.83441 ], [ -4.25633, 55.83504 ], [ -4.25675, 55.83587 ], [ -4.25625, 55.83578 ], [ -4.25617, 55.83526 ], [ -4.25515, 55.83506 ], [ -4.25488, 55.83556 ], [ -4.25445, 55.8355 ], [ -4.25401, 55.83624 ], [ -4.25307, 55.83611 ], [ -4.2527, 55.83578 ], [ -4.25312, 55.83526 ], [ -4.25315, 55.83499 ], [ -4.25285, 55.83469 ] ] ] ] } },
{ "type": "Feature", "properties": { "LSOA11_CD": "S01009991", "Neighborhood_Name": "Castlemilk - 06", "uk_imd2019_LSOA": "S01009991", "uk_imd2019_Rank": "2878", "uk_imd2019_SOA_pct": "41", "uk_imd2019_SOA_decile": "5" }, "geometry": { "type": "MultiPolygon", "coordinates": [ [ [ [ -4.22545, 55.81213 ], [ -4.22548, 55.81211 ], [ -4.22741, 55.81172 ], [ -4.22967, 55.81116 ], [ -4.23204, 55.81069 ], [ -4.23173, 55.81086 ], [ -4.2322, 55.81126 ], [ -4.23178, 55.8115 ], [ -4.2327, 55.81188 ], [ -4.23359, 55.81154 ], [ -4.23385, 55.81197 ], [ -4.23334, 55.812 ], [ -4.23134, 55.81294 ], [ -4.23076, 55.81311 ], [ -4.22968, 55.8132 ], [ -4.22935, 55.81341 ], [ -4.22996, 55.81366 ], [ -4.22957, 55.81392 ], [ -4.22829, 55.81316 ], [ -4.22778, 55.81263 ], [ -4.22717, 55.8127 ], [ -4.22691, 55.81222 ], [ -4.22613, 55.81235 ], [ -4.22675, 55.81302 ], [ -4.22724, 55.8139 ], [ -4.22645, 55.814 ], [ -4.22545, 55.81213 ] ] ] ] } },
{ "type": "Feature", "properties": { "LSOA11_CD": "S01010449", "Neighborhood_Name": "Knightswood West - 03", "uk_imd2019_LSOA": "S01010449", "uk_imd2019_Rank": "1541", "uk_imd2019_SOA_pct": "22", "uk_imd2019_SOA_decile": "3" }, "geometry": { "type": "MultiPolygon", "coordinates": [ [ [ [ -4.36705, 55.8914 ], [ -4.36672, 55.89097 ], [ -4.36744, 55.88997 ], [ -4.36789, 55.89008 ], [ -4.36845, 55.88946 ], [ -4.36906, 55.88852 ], [ -4.37162, 55.88904 ], [ -4.3724, 55.88927 ], [ -4.37563, 55.88997 ], [ -4.3748, 55.89074 ], [ -4.37418, 55.89115 ], [ -4.37356, 55.89176 ], [ -4.37251, 55.89285 ], [ -4.37172, 55.89299 ], [ -4.37065, 55.89276 ], [ -4.37079, 55.89248 ], [ -4.37031, 55.89238 ], [ -4.36968, 55.89319 ], [ -4.36916, 55.89305 ], [ -4.37034, 55.89138 ], [ -4.36984, 55.89123 ], [ -4.36932, 55.89194 ], [ -4.36877, 55.89187 ], [ -4.36867, 55.89152 ], [ -4.36786, 55.89114 ], [ -4.36705, 55.8914 ] ] ] ] } },
{ "type": "Feature", "properties": { "LSOA11_CD": "S01010474", "Neighborhood_Name": "Anniesland West - 05", "uk_imd2019_LSOA": "S01010474", "uk_imd2019_Rank": "3586", "uk_imd2019_SOA_pct": "51", "uk_imd2019_SOA_decile": "6" }, "geometry": { "type": "MultiPolygon", "coordinates": [ [ [ [ -4.32479, 55.89295 ], [ -4.32413, 55.89285 ], [ -4.3248, 55.89209 ], [ -4.32636, 55.89051 ], [ -4.3267, 55.8912 ], [ -4.32616, 55.89146 ], [ -4.32726, 55.89176 ], [ -4.3271, 55.89193 ], [ -4.3277, 55.89214 ], [ -4.3304, 55.8928 ], [ -4.33113, 55.89307 ], [ -4.33156, 55.8933 ], [ -4.3321, 55.89384 ], [ -4.33163, 55.89386 ], [ -4.33053, 55.89423 ], [ -4.33, 55.89372 ], [ -4.32858, 55.8935 ], [ -4.3283, 55.89382 ], [ -4.32674, 55.89347 ], [ -4.32616, 55.89417 ], [ -4.32564, 55.89405 ], [ -4.32547, 55.89438 ], [ -4.32442, 55.8941 ], [ -4.32528, 55.89307 ], [ -4.32479, 55.89295 ] ] ] ] } },
{ "type": "Feature", "properties": { "LSOA11_CD": "S01009789", "Neighborhood_Name": "Crookston North - 02", "uk_imd2019_LSOA": "S01009789", "uk_imd2019_Rank": "995", "uk_imd2019_SOA_pct": "14", "uk_imd2019_SOA_decile": "2" }, "geometry": { "type": "MultiPolygon", "coordinates": [ [ [ [ -4.34096, 55.82362 ], [ -4.34217, 55.82373 ], [ -4.34539, 55.82422 ], [ -4.34665, 55.82553 ], [ -4.34779, 55.82663 ], [ -4.34898, 55.82804 ], [ -4.34745, 55.8285 ], [ -4.34699, 55.82803 ], [ -4.34544, 55.82853 ], [ -4.34536, 55.82836 ], [ -4.34294, 55.82842 ], [ -4.34299, 55.82797 ], [ -4.3438, 55.82788 ], [ -4.34457, 55.82761 ], [ -4.3435, 55.82712 ], [ -4.34145, 55.82771 ], [ -4.34087, 55.82924 ], [ -4.33992, 55.82915 ], [ -4.33939, 55.82933 ], [ -4.33933, 55.8289 ], [ -4.33967, 55.82791 ], [ -4.33959, 55.82745 ], [ -4.33919, 55.827 ], [ -4.34057, 55.8253 ], [ -4.34015, 55.82481 ], [ -4.34142, 55.82437 ], [ -4.34097, 55.82399 ], [ -4.34096, 55.82362 ] ] ] ] } },
{ "type": "Feature", "properties": { "LSOA11_CD": "S01009790", "Neighborhood_Name": "Crookston North - 03", "uk_imd2019_LSOA": "S01009790", "uk_imd2019_Rank": "1953", "uk_imd2019_SOA_pct": "28", "uk_imd2019_SOA_decile": "3" }, "geometry": { "type": "MultiPolygon", "coordinates": [ [ [ [ -4.34122, 55.82981 ], [ -4.34138, 55.82932 ], [ -4.34087, 55.82924 ], [ -4.34145, 55.82771 ], [ -4.3435, 55.82712 ], [ -4.34457, 55.82761 ], [ -4.3438, 55.82788 ], [ -4.34299, 55.82797 ], [ -4.34294, 55.82842 ], [ -4.34536, 55.82836 ], [ -4.34544, 55.82853 ], [ -4.34564, 55.82889 ], [ -4.34603, 55.82909 ], [ -4.34571, 55.82933 ], [ -4.34639, 55.82979 ], [ -4.34675, 55.83021 ], [ -4.34719, 55.83011 ], [ -4.34742, 55.83069 ], [ -4.34798, 55.83065 ], [ -4.34782, 55.83182 ], [ -4.34627, 55.83177 ], [ -4.34461, 55.8317 ], [ -4.34342, 55.83195 ], [ -4.34323, 55.83221 ], [ -4.34297, 55.83189 ], [ -4.34138, 55.83086 ], [ -4.34103, 55.83057 ], [ -4.34122, 55.82981 ] ] ] ] } },
{ "type": "Feature", "properties": { "LSOA11_CD": "S01009792", "Neighborhood_Name": "Pollok South and West - 01", "uk_imd2019_LSOA": "S01009792", "uk_imd2019_Rank": "5114", "uk_imd2019_SOA_pct": "73", "uk_imd2019_SOA_decile": "8" }, "geometry": { "type": "MultiPolygon", "coordinates": [ [ [ [ -4.36325, 55.83327 ], [ -4.36368, 55.83158 ], [ -4.36378, 55.83065 ], [ -4.36443, 55.83051 ], [ -4.3647, 55.82979 ], [ -4.36643, 55.8294 ], [ -4.36749, 55.82984 ], [ -4.36827, 55.82967 ], [ -4.36857, 55.82936 ], [ -4.36941, 55.82904 ], [ -4.36968, 55.8294 ], [ -4.37088, 55.82963 ], [ -4.37039, 55.83011 ], [ -4.36958, 55.83144 ], [ -4.36906, 55.83147 ], [ -4.36891, 55.83214 ], [ -4.3698, 55.83238 ], [ -4.37018, 55.83262 ], [ -4.37122, 55.83295 ], [ -4.37051, 55.83382 ], [ -4.36955, 55.83345 ], [ -4.36801, 55.83325 ], [ -4.3664, 55.83332 ], [ -4.36508, 55.83353 ], [ -4.36325, 55.83327 ] ] ] ] } },
{ "type": "Feature", "properties": { "LSOA11_CD": "S01010475", "Neighborhood_Name": "Anniesland West - 06", "uk_imd2019_LSOA": "S01010475", "uk_imd2019_Rank": "5611", "uk_imd2019_SOA_pct": "80", "uk_imd2019_SOA_decile": "9" }, "geometry": { "type": "MultiPolygon", "coordinates": [ [ [ [ -4.32161, 55.89567 ], [ -4.32262, 55.89619 ], [ -4.32364, 55.89651 ], [ -4.32406, 55.89678 ], [ -4.32486, 55.89657 ], [ -4.32489, 55.8963 ], [ -4.32635, 55.89464 ], [ -4.32769, 55.89518 ], [ -4.32706, 55.89589 ], [ -4.32839, 55.8963 ], [ -4.32928, 55.89607 ], [ -4.32942, 55.89619 ], [ -4.33049, 55.89578 ], [ -4.33009, 55.89761 ], [ -4.32846, 55.89759 ], [ -4.32784, 55.89775 ], [ -4.32747, 55.89761 ], [ -4.32626, 55.89831 ], [ -4.32604, 55.89891 ], [ -4.32559, 55.89909 ], [ -4.32396, 55.89889 ], [ -4.32303, 55.89905 ], [ -4.32273, 55.89888 ], [ -4.32135, 55.89782 ], [ -4.32054, 55.89693 ], [ -4.32088, 55.89659 ], [ -4.32051, 55.89624 ], [ -4.32161, 55.89567 ] ] ] ] } },
{ "type": "Feature", "properties": { "LSOA11_CD": "S01009925", "Neighborhood_Name": "Shawlands East - 03", "uk_imd2019_LSOA": "S01009925", "uk_imd2019_Rank": "4960", "uk_imd2019_SOA_pct": "71", "uk_imd2019_SOA_decile": "8" }, "geometry": { "type": "MultiPolygon", "coordinates": [ [ [ [ -4.27978, 55.8282 ], [ -4.28051, 55.82788 ], [ -4.28078, 55.8276 ], [ -4.28147, 55.82741 ], [ -4.28167, 55.82721 ], [ -4.28256, 55.82757 ], [ -4.28243, 55.82795 ], [ -4.28312, 55.82826 ], [ -4.28376, 55.82812 ], [ -4.28275, 55.82898 ], [ -4.28203, 55.82864 ], [ -4.28165, 55.82892 ], [ -4.28126, 55.82872 ], [ -4.28048, 55.82923 ], [ -4.27937, 55.82933 ], [ -4.27873, 55.829 ], [ -4.27893, 55.82873 ], [ -4.27978, 55.8282 ] ] ] ] } },
{ "type": "Feature", "properties": { "LSOA11_CD": "S01009927", "Neighborhood_Name": "Langside - 01", "uk_imd2019_LSOA": "S01009927", "uk_imd2019_Rank": "3334", "uk_imd2019_SOA_pct": "48", "uk_imd2019_SOA_decile": "5" }, "geometry": { "type": "MultiPolygon", "coordinates": [ [ [ [ -4.28, 55.8257 ], [ -4.2804, 55.82541 ], [ -4.28044, 55.82484 ], [ -4.2801, 55.82451 ], [ -4.27896, 55.82404 ], [ -4.27962, 55.8234 ], [ -4.27841, 55.82309 ], [ -4.27846, 55.82289 ], [ -4.27757, 55.82264 ], [ -4.27715, 55.82256 ], [ -4.27732, 55.82221 ], [ -4.2789, 55.82249 ], [ -4.27989, 55.82278 ], [ -4.28166, 55.82299 ], [ -4.28152, 55.82402 ], [ -4.28193, 55.8242 ], [ -4.28259, 55.82474 ], [ -4.28276, 55.82522 ], [ -4.28231, 55.82545 ], [ -4.28188, 55.82597 ], [ -4.28138, 55.82581 ], [ -4.28081, 55.82621 ], [ -4.28019, 55.82651 ], [ -4.27979, 55.82624 ], [ -4.28037, 55.82591 ], [ -4.28, 55.8257 ] ] ] ] } },
{ "type": "Feature", "properties": { "LSOA11_CD": "S01010019", "Neighborhood_Name": "Toryglen and Oatlands - 04", "uk_imd2019_LSOA": "S01010019", "uk_imd2019_Rank": "73", "uk_imd2019_SOA_pct": "1", "uk_imd2019_SOA_decile": "1" }, "geometry": { "type": "MultiPolygon", "coordinates": [ [ [ [ -4.22976, 55.82835 ], [ -4.23024, 55.82838 ], [ -4.23034, 55.82787 ], [ -4.2324, 55.82786 ], [ -4.23242, 55.82815 ], [ -4.23105, 55.82818 ], [ -4.23101, 55.82848 ], [ -4.23161, 55.82854 ], [ -4.23152, 55.82898 ], [ -4.23301, 55.82907 ], [ -4.23481, 55.82929 ], [ -4.23367, 55.82948 ], [ -4.23372, 55.82996 ], [ -4.23627, 55.82944 ], [ -4.23656, 55.82916 ], [ -4.23704, 55.82907 ], [ -4.23728, 55.82967 ], [ -4.23823, 55.82978 ], [ -4.24018, 55.83051 ], [ -4.24001, 55.83061 ], [ -4.23754, 55.83061 ], [ -4.23758, 55.83151 ], [ -4.23649, 55.83154 ], [ -4.23509, 55.83188 ], [ -4.23062, 55.83221 ], [ -4.22976, 55.82835 ] ] ] ] } },
{ "type": "Feature", "properties": { "LSOA11_CD": "S01010020", "Neighborhood_Name": "Toryglen and Oatlands - 05", "uk_imd2019_LSOA": "S01010020", "uk_imd2019_Rank": "1679", "uk_imd2019_SOA_pct": "24", "uk_imd2019_SOA_decile": "3" }, "geometry": { "type": "MultiPolygon", "coordinates": [ [ [ [ -4.23519, 55.82622 ], [ -4.2362, 55.8262 ], [ -4.23708, 55.82588 ], [ -4.23728, 55.82525 ], [ -4.23832, 55.82543 ], [ -4.23892, 55.82512 ], [ -4.23873, 55.82485 ], [ -4.24085, 55.82521 ], [ -4.24205, 55.82575 ], [ -4.24241, 55.82591 ], [ -4.24093, 55.82709 ], [ -4.24125, 55.82731 ], [ -4.24101, 55.82767 ], [ -4.24035, 55.82812 ], [ -4.24085, 55.8288 ], [ -4.24023, 55.82883 ], [ -4.24019, 55.82859 ], [ -4.23893, 55.82809 ], [ -4.23992, 55.82732 ], [ -4.239, 55.82742 ], [ -4.23831, 55.82711 ], [ -4.23756, 55.82723 ], [ -4.23748, 55.82677 ], [ -4.23641, 55.82657 ], [ -4.2352, 55.82661 ], [ -4.23519, 55.82622 ] ] ] ] } },
{ "type": "Feature", "properties": { "LSOA11_CD": "S01010066", "Neighborhood_Name": "Braidfauld - 06", "uk_imd2019_LSOA": "S01010066", "uk_imd2019_Rank": "385", "uk_imd2019_SOA_pct": "6", "uk_imd2019_SOA_decile": "1" }, "geometry": { "type": "MultiPolygon", "coordinates": [ [ [ [ -4.18483, 55.84317 ], [ -4.18537, 55.84245 ], [ -4.18497, 55.84235 ], [ -4.18545, 55.84182 ], [ -4.18618, 55.84155 ], [ -4.18915, 55.84245 ], [ -4.18943, 55.84277 ], [ -4.19013, 55.84301 ], [ -4.1898, 55.84336 ], [ -4.19118, 55.84402 ], [ -4.19109, 55.84433 ], [ -4.19215, 55.8448 ], [ -4.19149, 55.8454 ], [ -4.19041, 55.84523 ], [ -4.18863, 55.84476 ], [ -4.1878, 55.84574 ], [ -4.18732, 55.84561 ], [ -4.1885, 55.84417 ], [ -4.18787, 55.84401 ], [ -4.1876, 55.84429 ], [ -4.18633, 55.84392 ], [ -4.18658, 55.84363 ], [ -4.18563, 55.84343 ], [ -4.18483, 55.84317 ] ] ] ] } },
{ "type": "Feature", "properties": { "LSOA11_CD": "S01010076", "Neighborhood_Name": "Carmyle and Mount Vernon South - 03", "uk_imd2019_LSOA": "S01010076", "uk_imd2019_Rank": "1668", "uk_imd2019_SOA_pct": "24", "uk_imd2019_SOA_decile": "3" }, "geometry": { "type": "MultiPolygon", "coordinates": [ [ [ [ -4.15238, 55.83189 ], [ -4.15251, 55.83141 ], [ -4.15303, 55.83138 ], [ -4.15209, 55.83052 ], [ -4.15227, 55.83018 ], [ -4.15157, 55.83002 ], [ -4.15106, 55.82954 ], [ -4.15192, 55.82917 ], [ -4.1523, 55.82959 ], [ -4.15406, 55.82913 ], [ -4.154, 55.82871 ], [ -4.15498, 55.82871 ], [ -4.15624, 55.82948 ], [ -4.15726, 55.82992 ], [ -4.15665, 55.83 ], [ -4.1562, 55.83024 ], [ -4.15705, 55.83066 ], [ -4.15753, 55.83117 ], [ -4.15634, 55.8317 ], [ -4.15576, 55.83164 ], [ -4.1553, 55.83186 ], [ -4.15558, 55.83206 ], [ -4.15577, 55.83272 ], [ -4.15422, 55.8332 ], [ -4.15327, 55.83249 ], [ -4.15291, 55.832 ], [ -4.15238, 55.83189 ] ] ] ] } },
{ "type": "Feature", "properties": { "LSOA11_CD": "S01010137", "Neighborhood_Name": "Shettleston North - 01", "uk_imd2019_LSOA": "S01010137", "uk_imd2019_Rank": "759", "uk_imd2019_SOA_pct": "11", "uk_imd2019_SOA_decile": "2" }, "geometry": { "type": "MultiPolygon", "coordinates": [ [ [ [ -4.15478, 55.85055 ], [ -4.15108, 55.84997 ], [ -4.14857, 55.84965 ], [ -4.14812, 55.84936 ], [ -4.14844, 55.84911 ], [ -4.14817, 55.84876 ], [ -4.14898, 55.84819 ], [ -4.14956, 55.84832 ], [ -4.15019, 55.84862 ], [ -4.15075, 55.84838 ], [ -4.15178, 55.84835 ], [ -4.15178, 55.84766 ], [ -4.15078, 55.84731 ], [ -4.1508, 55.84702 ], [ -4.15248, 55.84651 ], [ -4.15276, 55.84696 ], [ -4.15432, 55.84711 ], [ -4.15472, 55.84707 ], [ -4.155, 55.84673 ], [ -4.15595, 55.84647 ], [ -4.1566, 55.84769 ], [ -4.15658, 55.84815 ], [ -4.15717, 55.84814 ], [ -4.15722, 55.84902 ], [ -4.15669, 55.84931 ], [ -4.15729, 55.84966 ], [ -4.15664, 55.85008 ], [ -4.15654, 55.85083 ], [ -4.15478, 55.85055 ] ] ] ] } },
{ "type": "Feature", "properties": { "LSOA11_CD": "S01010205", "Neighborhood_Name": "Petershill - 03", "uk_imd2019_LSOA": "S01010205", "uk_imd2019_Rank": "320", "uk_imd2019_SOA_pct": "5", "uk_imd2019_SOA_decile": "1" }, "geometry": { "type": "MultiPolygon", "coordinates": [ [ [ [ -4.21808, 55.8823 ], [ -4.21833, 55.88166 ], [ -4.2174, 55.88153 ], [ -4.21678, 55.88156 ], [ -4.2164, 55.88173 ], [ -4.21549, 55.88165 ], [ -4.21531, 55.88135 ], [ -4.2155, 55.88102 ], [ -4.21616, 55.88104 ], [ -4.21779, 55.88063 ], [ -4.2179, 55.87996 ], [ -4.22134, 55.87983 ], [ -4.22207, 55.8798 ], [ -4.22272, 55.88004 ], [ -4.22226, 55.8816 ], [ -4.221, 55.88216 ], [ -4.22088, 55.88257 ], [ -4.21808, 55.8823 ] ] ] ] } },
{ "type": "Feature", "properties": { "LSOA11_CD": "S01010207", "Neighborhood_Name": "Petershill - 05", "uk_imd2019_LSOA": "S01010207", "uk_imd2019_Rank": "18", "uk_imd2019_SOA_pct": "0", "uk_imd2019_SOA_decile": "1" }, "geometry": { "type": "MultiPolygon", "coordinates": [ [ [ [ -4.20863, 55.88247 ], [ -4.20759, 55.88148 ], [ -4.20668, 55.88101 ], [ -4.20542, 55.88057 ], [ -4.20518, 55.87923 ], [ -4.20639, 55.87917 ], [ -4.20653, 55.88018 ], [ -4.20782, 55.88012 ], [ -4.20849, 55.87988 ], [ -4.20938, 55.87986 ], [ -4.20932, 55.87909 ], [ -4.21058, 55.87918 ], [ -4.2123, 55.87896 ], [ -4.21239, 55.87933 ], [ -4.21192, 55.87967 ], [ -4.21232, 55.88046 ], [ -4.21354, 55.88081 ], [ -4.21352, 55.88125 ], [ -4.21248, 55.88127 ], [ -4.21203, 55.88159 ], [ -4.21207, 55.88194 ], [ -4.2114, 55.88201 ], [ -4.21075, 55.88269 ], [ -4.20863, 55.88247 ] ] ] ] } },
{ "type": "Feature", "properties": { "LSOA11_CD": "S01010223", "Neighborhood_Name": "Cowlairs and Port Dundas - 05", "uk_imd2019_LSOA": "S01010223", "uk_imd2019_Rank": "443", "uk_imd2019_SOA_pct": "6", "uk_imd2019_SOA_decile": "1" }, "geometry": { "type": "MultiPolygon", "coordinates": [ [ [ [ -4.23769, 55.88538 ], [ -4.23709, 55.88473 ], [ -4.23615, 55.88396 ], [ -4.23415, 55.88324 ], [ -4.23322, 55.88275 ], [ -4.2334, 55.88252 ], [ -4.23403, 55.88106 ], [ -4.234, 55.88047 ], [ -4.23346, 55.87967 ], [ -4.23399, 55.8793 ], [ -4.23383, 55.87971 ], [ -4.2362, 55.87926 ], [ -4.23634, 55.8796 ], [ -4.23714, 55.87947 ], [ -4.23735, 55.87983 ], [ -4.239, 55.87952 ], [ -4.23944, 55.87974 ], [ -4.23956, 55.88011 ], [ -4.23893, 55.88111 ], [ -4.23865, 55.8821 ], [ -4.23868, 55.88322 ], [ -4.23912, 55.88469 ], [ -4.23919, 55.88532 ], [ -4.23831, 55.88547 ], [ -4.23769, 55.88538 ] ] ] ] } },
{ "type": "Feature", "properties": { "LSOA11_CD": "S01010242", "Neighborhood_Name": "Carntyne West and Haghill - 01", "uk_imd2019_LSOA": "S01010242", "uk_imd2019_Rank": "662", "uk_imd2019_SOA_pct": "9", "uk_imd2019_SOA_decile": "1" }, "geometry": { "type": "MultiPolygon", "coordinates": [ [ [ [ -4.21028, 55.86295 ], [ -4.20959, 55.86254 ], [ -4.20924, 55.86264 ], [ -4.20827, 55.86258 ], [ -4.20786, 55.86234 ], [ -4.20836, 55.86216 ], [ -4.20831, 55.8617 ], [ -4.20779, 55.8616 ], [ -4.20567, 55.86145 ], [ -4.20568, 55.8608 ], [ -4.20541, 55.86053 ], [ -4.20585, 55.86001 ], [ -4.20652, 55.86013 ], [ -4.20656, 55.85987 ], [ -4.20782, 55.86005 ], [ -4.20903, 55.86043 ], [ -4.20976, 55.86091 ], [ -4.21031, 55.86149 ], [ -4.21046, 55.86184 ], [ -4.21101, 55.86163 ], [ -4.21087, 55.86301 ], [ -4.21028, 55.86295 ] ] ] ] } },
{ "type": "Feature", "properties": { "LSOA11_CD": "S01010243", "Neighborhood_Name": "Carntyne West and Haghill - 02", "uk_imd2019_LSOA": "S01010243", "uk_imd2019_Rank": "855", "uk_imd2019_SOA_pct": "12", "uk_imd2019_SOA_decile": "2" }, "geometry": { "type": "MultiPolygon", "coordinates": [ [ [ [ -4.20243, 55.86234 ], [ -4.20226, 55.8612 ], [ -4.20259, 55.86122 ], [ -4.20261, 55.86058 ], [ -4.20568, 55.8608 ], [ -4.20567, 55.86145 ], [ -4.2052, 55.86162 ], [ -4.20522, 55.86196 ], [ -4.20683, 55.86212 ], [ -4.20685, 55.86241 ], [ -4.20627, 55.86236 ], [ -4.20472, 55.8624 ], [ -4.20473, 55.86252 ], [ -4.20243, 55.86234 ] ] ] ] } },
{ "type": "Feature", "properties": { "LSOA11_CD": "S01010391", "Neighborhood_Name": "Glasgow Harbour and Partick South - 04", "uk_imd2019_LSOA": "S01010391", "uk_imd2019_Rank": "2289", "uk_imd2019_SOA_pct": "33", "uk_imd2019_SOA_decile": "4" }, "geometry": { "type": "MultiPolygon", "coordinates": [ [ [ [ -4.32762, 55.8729 ], [ -4.32794, 55.8722 ], [ -4.32707, 55.872 ], [ -4.32513, 55.8717 ], [ -4.32245, 55.87115 ], [ -4.32204, 55.87124 ], [ -4.32219, 55.87161 ], [ -4.32187, 55.87211 ], [ -4.32129, 55.87186 ], [ -4.32055, 55.87174 ], [ -4.32066, 55.87143 ], [ -4.31987, 55.8713 ], [ -4.31845, 55.87119 ], [ -4.31857, 55.87063 ], [ -4.31893, 55.87043 ], [ -4.31899, 55.86938 ], [ -4.32026, 55.86965 ], [ -4.32251, 55.87002 ], [ -4.3233, 55.87011 ], [ -4.32356, 55.86892 ], [ -4.33102, 55.86933 ], [ -4.33081, 55.87016 ], [ -4.33048, 55.87076 ], [ -4.33007, 55.87117 ], [ -4.32987, 55.87152 ], [ -4.32942, 55.87146 ], [ -4.32894, 55.87237 ], [ -4.32946, 55.87246 ], [ -4.32881, 55.87351 ], [ -4.32762, 55.8729 ] ] ] ] } },
{ "type": "Feature", "properties": { "LSOA11_CD": "S01010393", "Neighborhood_Name": "Partick - 01", "uk_imd2019_LSOA": "S01010393", "uk_imd2019_Rank": "4537", "uk_imd2019_SOA_pct": "65", "uk_imd2019_SOA_decile": "7" }, "geometry": { "type": "MultiPolygon", "coordinates": [ [ [ [ -4.31388, 55.87532 ], [ -4.31344, 55.87477 ], [ -4.31235, 55.87369 ], [ -4.31205, 55.87329 ], [ -4.31106, 55.87157 ], [ -4.31059, 55.87092 ], [ -4.31101, 55.87105 ], [ -4.31238, 55.87097 ], [ -4.31287, 55.87117 ], [ -4.3134, 55.87165 ], [ -4.31456, 55.8716 ], [ -4.31491, 55.87164 ], [ -4.31504, 55.87323 ], [ -4.31575, 55.87303 ], [ -4.31665, 55.87302 ], [ -4.31672, 55.87387 ], [ -4.31731, 55.87383 ], [ -4.31788, 55.87405 ], [ -4.31769, 55.87503 ], [ -4.31768, 55.8752 ], [ -4.31682, 55.87509 ], [ -4.31676, 55.87527 ], [ -4.31563, 55.87508 ], [ -4.31521, 55.87527 ], [ -4.31455, 55.87495 ], [ -4.31388, 55.87532 ] ] ] ] } },
{ "type": "Feature", "properties": { "LSOA11_CD": "S01010394", "Neighborhood_Name": "Partick - 02", "uk_imd2019_LSOA": "S01010394", "uk_imd2019_Rank": "301", "uk_imd2019_SOA_pct": "4", "uk_imd2019_SOA_decile": "1" }, "geometry": { "type": "MultiPolygon", "coordinates": [ [ [ [ -4.31944, 55.87566 ], [ -4.31764, 55.87539 ], [ -4.31768, 55.8752 ], [ -4.31769, 55.87503 ], [ -4.31914, 55.87523 ], [ -4.3197, 55.875 ], [ -4.31998, 55.87425 ], [ -4.31972, 55.87389 ], [ -4.31999, 55.87334 ], [ -4.32038, 55.87338 ], [ -4.32061, 55.87303 ], [ -4.32038, 55.87272 ], [ -4.32126, 55.87302 ], [ -4.3222, 55.87336 ], [ -4.32303, 55.87392 ], [ -4.32378, 55.87526 ], [ -4.32419, 55.87546 ], [ -4.32354, 55.87576 ], [ -4.3228, 55.87591 ], [ -4.32161, 55.87592 ], [ -4.31944, 55.87566 ] ] ] ] } },
{ "type": "Feature", "properties": { "LSOA11_CD": "S01010395", "Neighborhood_Name": "Partick - 03", "uk_imd2019_LSOA": "S01010395", "uk_imd2019_Rank": "2670", "uk_imd2019_SOA_pct": "38", "uk_imd2019_SOA_decile": "4" }, "geometry": { "type": "MultiPolygon", "coordinates": [ [ [ [ -4.31769, 55.87503 ], [ -4.31788, 55.87405 ], [ -4.31731, 55.87383 ], [ -4.31672, 55.87387 ], [ -4.31665, 55.87302 ], [ -4.31575, 55.87303 ], [ -4.3157, 55.87252 ], [ -4.31661, 55.87228 ], [ -4.31689, 55.87206 ], [ -4.31789, 55.87204 ], [ -4.31946, 55.87236 ], [ -4.3194, 55.87256 ], [ -4.32038, 55.87272 ], [ -4.32061, 55.87303 ], [ -4.32038, 55.87338 ], [ -4.31999, 55.87334 ], [ -4.31972, 55.87389 ], [ -4.31998, 55.87425 ], [ -4.3197, 55.875 ], [ -4.31914, 55.87523 ], [ -4.31769, 55.87503 ] ] ] ] } },
{ "type": "Feature", "properties": { "LSOA11_CD": "S01010396", "Neighborhood_Name": "Partick - 04", "uk_imd2019_LSOA": "S01010396", "uk_imd2019_Rank": "3268", "uk_imd2019_SOA_pct": "47", "uk_imd2019_SOA_decile": "5" }, "geometry": { "type": "MultiPolygon", "coordinates": [ [ [ [ -4.30675, 55.87351 ], [ -4.30595, 55.87346 ], [ -4.30558, 55.87316 ], [ -4.3059, 55.87303 ], [ -4.3059, 55.87266 ], [ -4.30668, 55.87264 ], [ -4.30587, 55.87226 ], [ -4.30581, 55.87152 ], [ -4.30544, 55.87114 ], [ -4.30572, 55.87076 ], [ -4.3081, 55.87073 ], [ -4.30935, 55.87072 ], [ -4.30947, 55.87092 ], [ -4.31059, 55.87092 ], [ -4.31106, 55.87157 ], [ -4.31205, 55.87329 ], [ -4.31176, 55.87364 ], [ -4.31092, 55.87394 ], [ -4.31034, 55.87345 ], [ -4.30975, 55.87398 ], [ -4.30851, 55.87365 ], [ -4.30675, 55.87351 ] ] ] ] } },
{ "type": "Feature", "properties": { "LSOA11_CD": "S01010397", "Neighborhood_Name": "Partickhill and Hyndland - 01", "uk_imd2019_LSOA": "S01010397", "uk_imd2019_Rank": "5496", "uk_imd2019_SOA_pct": "79", "uk_imd2019_SOA_decile": "8" }, "geometry": { "type": "MultiPolygon", "coordinates": [ [ [ [ -4.30108, 55.87586 ], [ -4.30051, 55.87536 ], [ -4.30092, 55.87528 ], [ -4.30104, 55.87494 ], [ -4.30134, 55.87421 ], [ -4.30246, 55.8743 ], [ -4.30278, 55.87453 ], [ -4.30355, 55.8748 ], [ -4.30364, 55.87409 ], [ -4.30385, 55.87372 ], [ -4.30464, 55.87377 ], [ -4.30468, 55.87347 ], [ -4.30559, 55.87364 ], [ -4.30595, 55.87346 ], [ -4.30675, 55.87351 ], [ -4.30679, 55.87393 ], [ -4.30632, 55.87391 ], [ -4.30575, 55.87422 ], [ -4.30517, 55.87424 ], [ -4.30518, 55.8752 ], [ -4.30554, 55.87528 ], [ -4.30539, 55.87561 ], [ -4.30492, 55.87538 ], [ -4.30316, 55.87537 ], [ -4.30206, 55.87531 ], [ -4.30192, 55.87589 ], [ -4.30108, 55.87586 ] ] ] ] } },
{ "type": "Feature", "properties": { "LSOA11_CD": "S01010423", "Neighborhood_Name": "Whiteinch - 01", "uk_imd2019_LSOA": "S01010423", "uk_imd2019_Rank": "508", "uk_imd2019_SOA_pct": "7", "uk_imd2019_SOA_decile": "1" }, "geometry": { "type": "MultiPolygon", "coordinates": [ [ [ [ -4.32881, 55.87351 ], [ -4.32946, 55.87246 ], [ -4.32894, 55.87237 ], [ -4.32942, 55.87146 ], [ -4.32987, 55.87152 ], [ -4.33007, 55.87117 ], [ -4.33158, 55.87144 ], [ -4.33157, 55.87179 ], [ -4.33263, 55.872 ], [ -4.33313, 55.87121 ], [ -4.33491, 55.87154 ], [ -4.33507, 55.8718 ], [ -4.33639, 55.87207 ], [ -4.3361, 55.87265 ], [ -4.33541, 55.87252 ], [ -4.33465, 55.87264 ], [ -4.33404, 55.87258 ], [ -4.33283, 55.8723 ], [ -4.33259, 55.87268 ], [ -4.33244, 55.87338 ], [ -4.33376, 55.87364 ], [ -4.33345, 55.87419 ], [ -4.33159, 55.87384 ], [ -4.32953, 55.8735 ], [ -4.32881, 55.87351 ] ] ] ] } },
{ "type": "Feature", "properties": { "LSOA11_CD": "S01009949", "Neighborhood_Name": "Newlands - 02", "uk_imd2019_LSOA": "S01009949", "uk_imd2019_Rank": "2558", "uk_imd2019_SOA_pct": "37", "uk_imd2019_SOA_decile": "4" }, "geometry": { "type": "MultiPolygon", "coordinates": [ [ [ [ -4.29019, 55.8169 ], [ -4.29272, 55.81779 ], [ -4.29233, 55.81818 ], [ -4.29508, 55.81905 ], [ -4.29436, 55.81934 ], [ -4.29355, 55.81944 ], [ -4.29335, 55.8198 ], [ -4.29277, 55.82004 ], [ -4.29311, 55.82032 ], [ -4.29185, 55.82083 ], [ -4.29066, 55.821 ], [ -4.29089, 55.81976 ], [ -4.29033, 55.81941 ], [ -4.2896, 55.81937 ], [ -4.28973, 55.81869 ], [ -4.28912, 55.81867 ], [ -4.28934, 55.81726 ], [ -4.28956, 55.81701 ], [ -4.29019, 55.8169 ] ] ] ] } },
{ "type": "Feature", "properties": { "LSOA11_CD": "S01010455", "Neighborhood_Name": "Knightswood Park West - 01", "uk_imd2019_LSOA": "S01010455", "uk_imd2019_Rank": "50", "uk_imd2019_SOA_pct": "1", "uk_imd2019_SOA_decile": "1" }, "geometry": { "type": "MultiPolygon", "coordinates": [ [ [ [ -4.35492, 55.90051 ], [ -4.35505, 55.90005 ], [ -4.35597, 55.89933 ], [ -4.35721, 55.89879 ], [ -4.35852, 55.8985 ], [ -4.35972, 55.89843 ], [ -4.36184, 55.89867 ], [ -4.36403, 55.89888 ], [ -4.36431, 55.89892 ], [ -4.36398, 55.89942 ], [ -4.36355, 55.89944 ], [ -4.36346, 55.89998 ], [ -4.36384, 55.90024 ], [ -4.36223, 55.90037 ], [ -4.36042, 55.90057 ], [ -4.35894, 55.90064 ], [ -4.35896, 55.90089 ], [ -4.35986, 55.90091 ], [ -4.36043, 55.90165 ], [ -4.3597, 55.90164 ], [ -4.3595, 55.90118 ], [ -4.35845, 55.90116 ], [ -4.35847, 55.90152 ], [ -4.35794, 55.90158 ], [ -4.35771, 55.90063 ], [ -4.35492, 55.90051 ] ] ] ] } },
{ "type": "Feature", "properties": { "LSOA11_CD": "S01010302", "Neighborhood_Name": "Firhill - 02", "uk_imd2019_LSOA": "S01010302", "uk_imd2019_Rank": "1285", "uk_imd2019_SOA_pct": "18", "uk_imd2019_SOA_decile": "2" }, "geometry": { "type": "MultiPolygon", "coordinates": [ [ [ [ -4.26181, 55.87433 ], [ -4.26335, 55.87383 ], [ -4.26303, 55.87329 ], [ -4.26384, 55.87286 ], [ -4.26252, 55.87235 ], [ -4.26309, 55.87146 ], [ -4.26433, 55.87165 ], [ -4.26401, 55.87229 ], [ -4.26465, 55.87255 ], [ -4.26497, 55.87288 ], [ -4.26557, 55.87253 ], [ -4.26583, 55.87208 ], [ -4.26635, 55.87229 ], [ -4.26533, 55.8732 ], [ -4.26639, 55.87355 ], [ -4.26667, 55.87365 ], [ -4.26607, 55.87412 ], [ -4.2655, 55.87362 ], [ -4.26411, 55.87408 ], [ -4.26433, 55.87428 ], [ -4.26355, 55.87451 ], [ -4.26328, 55.87422 ], [ -4.26214, 55.8746 ], [ -4.26181, 55.87433 ] ] ] ] } },
{ "type": "Feature", "properties": { "LSOA11_CD": "S01010303", "Neighborhood_Name": "Firhill - 03", "uk_imd2019_LSOA": "S01010303", "uk_imd2019_Rank": "1354", "uk_imd2019_SOA_pct": "19", "uk_imd2019_SOA_decile": "2" }, "geometry": { "type": "MultiPolygon", "coordinates": [ [ [ [ -4.26165, 55.87427 ], [ -4.26181, 55.87433 ], [ -4.26214, 55.8746 ], [ -4.26328, 55.87422 ], [ -4.26355, 55.87451 ], [ -4.26433, 55.87428 ], [ -4.26411, 55.87408 ], [ -4.2655, 55.87362 ], [ -4.26607, 55.87412 ], [ -4.26478, 55.87519 ], [ -4.26433, 55.8751 ], [ -4.26323, 55.8754 ], [ -4.26275, 55.87501 ], [ -4.26202, 55.87491 ], [ -4.26153, 55.87447 ], [ -4.26165, 55.87427 ] ] ] ] } },
{ "type": "Feature", "properties": { "LSOA11_CD": "S01010304", "Neighborhood_Name": "Firhill - 04", "uk_imd2019_LSOA": "S01010304", "uk_imd2019_Rank": "244", "uk_imd2019_SOA_pct": "3", "uk_imd2019_SOA_decile": "1" }, "geometry": { "type": "MultiPolygon", "coordinates": [ [ [ [ -4.26575, 55.87717 ], [ -4.26655, 55.87678 ], [ -4.26602, 55.87632 ], [ -4.26677, 55.876 ], [ -4.26742, 55.87646 ], [ -4.26796, 55.87625 ], [ -4.26764, 55.87603 ], [ -4.26804, 55.87584 ], [ -4.26839, 55.87607 ], [ -4.27078, 55.87513 ], [ -4.27108, 55.87623 ], [ -4.27153, 55.87625 ], [ -4.2717, 55.8772 ], [ -4.27205, 55.87769 ], [ -4.27147, 55.87775 ], [ -4.27155, 55.87832 ], [ -4.27109, 55.87824 ], [ -4.27004, 55.87833 ], [ -4.26974, 55.87867 ], [ -4.26953, 55.87836 ], [ -4.26896, 55.87841 ], [ -4.26854, 55.87811 ], [ -4.26808, 55.87829 ], [ -4.26712, 55.87787 ], [ -4.26621, 55.87761 ], [ -4.26575, 55.87717 ] ] ] ] } },
{ "type": "Feature", "properties": { "LSOA11_CD": "S01010255", "Neighborhood_Name": "Gallowgate North and Bellgrove - 02", "uk_imd2019_LSOA": "S01010255", "uk_imd2019_Rank": "446", "uk_imd2019_SOA_pct": "6", "uk_imd2019_SOA_decile": "1" }, "geometry": { "type": "MultiPolygon", "coordinates": [ [ [ [ -4.21753, 55.85693 ], [ -4.21749, 55.85652 ], [ -4.21648, 55.85657 ], [ -4.21661, 55.8559 ], [ -4.21539, 55.85591 ], [ -4.21526, 55.85553 ], [ -4.21542, 55.85502 ], [ -4.21573, 55.85504 ], [ -4.21598, 55.85439 ], [ -4.21699, 55.8545 ], [ -4.21709, 55.85431 ], [ -4.21974, 55.85441 ], [ -4.22185, 55.85469 ], [ -4.22167, 55.85519 ], [ -4.22282, 55.85534 ], [ -4.2233, 55.85508 ], [ -4.22259, 55.8565 ], [ -4.22117, 55.85639 ], [ -4.22105, 55.85698 ], [ -4.22041, 55.85693 ], [ -4.22033, 55.85753 ], [ -4.21972, 55.85744 ], [ -4.21978, 55.85641 ], [ -4.21876, 55.85643 ], [ -4.2186, 55.85751 ], [ -4.21808, 55.8575 ], [ -4.21811, 55.85706 ], [ -4.21753, 55.85693 ] ] ] ] } },
{ "type": "Feature", "properties": { "LSOA11_CD": "S01010256", "Neighborhood_Name": "Gallowgate North and Bellgrove - 03", "uk_imd2019_LSOA": "S01010256", "uk_imd2019_Rank": "415", "uk_imd2019_SOA_pct": "6", "uk_imd2019_SOA_decile": "1" }, "geometry": { "type": "MultiPolygon", "coordinates": [ [ [ [ -4.21753, 55.85693 ], [ -4.21811, 55.85706 ], [ -4.21808, 55.8575 ], [ -4.2186, 55.85751 ], [ -4.21876, 55.85643 ], [ -4.21978, 55.85641 ], [ -4.21972, 55.85744 ], [ -4.22033, 55.85753 ], [ -4.22041, 55.85693 ], [ -4.22105, 55.85698 ], [ -4.22117, 55.85639 ], [ -4.22259, 55.8565 ], [ -4.22196, 55.85763 ], [ -4.22177, 55.85821 ], [ -4.22111, 55.85811 ], [ -4.22076, 55.8583 ], [ -4.21744, 55.8584 ], [ -4.21753, 55.85693 ] ] ] ] } },
{ "type": "Feature", "properties": { "LSOA11_CD": "S01010269", "Neighborhood_Name": "City Centre West - 04", "uk_imd2019_LSOA": "S01010269", "uk_imd2019_Rank": "3559", "uk_imd2019_SOA_pct": "51", "uk_imd2019_SOA_decile": "6" }, "geometry": { "type": "MultiPolygon", "coordinates": [ [ [ [ -4.26311, 55.86861 ], [ -4.26233, 55.86847 ], [ -4.26219, 55.86816 ], [ -4.26157, 55.86814 ], [ -4.26102, 55.86861 ], [ -4.26002, 55.86831 ], [ -4.2603, 55.86791 ], [ -4.25956, 55.86743 ], [ -4.25875, 55.86712 ], [ -4.25772, 55.86684 ], [ -4.25794, 55.86629 ], [ -4.25995, 55.86651 ], [ -4.25994, 55.86685 ], [ -4.26071, 55.86694 ], [ -4.2609, 55.86733 ], [ -4.26073, 55.86767 ], [ -4.26221, 55.86783 ], [ -4.26215, 55.86798 ], [ -4.26363, 55.86816 ], [ -4.26359, 55.86829 ], [ -4.26508, 55.86846 ], [ -4.2649, 55.86892 ], [ -4.26427, 55.8687 ], [ -4.26311, 55.86861 ] ] ] ] } },
{ "type": "Feature", "properties": { "LSOA11_CD": "S01009758", "Neighborhood_Name": "Darnley East - 01", "uk_imd2019_LSOA": "S01009758", "uk_imd2019_Rank": "4997", "uk_imd2019_SOA_pct": "72", "uk_imd2019_SOA_decile": "8" }, "geometry": { "type": "MultiPolygon", "coordinates": [ [ [ [ -4.32472, 55.79906 ], [ -4.32812, 55.79661 ], [ -4.32868, 55.79686 ], [ -4.32804, 55.79733 ], [ -4.3285, 55.79757 ], [ -4.32962, 55.79779 ], [ -4.32981, 55.79799 ], [ -4.33072, 55.79815 ], [ -4.33079, 55.79851 ], [ -4.33015, 55.79882 ], [ -4.32979, 55.79862 ], [ -4.32926, 55.79902 ], [ -4.3289, 55.79946 ], [ -4.3294, 55.79963 ], [ -4.32902, 55.80008 ], [ -4.32948, 55.80031 ], [ -4.3293, 55.8006 ], [ -4.32699, 55.80017 ], [ -4.32472, 55.79906 ] ] ] ] } },
{ "type": "Feature", "properties": { "LSOA11_CD": "S01010252", "Neighborhood_Name": "Dennistoun - 05", "uk_imd2019_LSOA": "S01010252", "uk_imd2019_Rank": "3172", "uk_imd2019_SOA_pct": "45", "uk_imd2019_SOA_decile": "5" }, "geometry": { "type": "MultiPolygon", "coordinates": [ [ [ [ -4.22126, 55.86032 ], [ -4.2212, 55.85967 ], [ -4.22061, 55.85968 ], [ -4.22055, 55.85906 ], [ -4.22012, 55.85908 ], [ -4.22044, 55.85841 ], [ -4.22113, 55.85851 ], [ -4.22183, 55.85827 ], [ -4.22403, 55.8582 ], [ -4.22457, 55.85858 ], [ -4.22448, 55.85913 ], [ -4.22429, 55.85978 ], [ -4.22409, 55.86097 ], [ -4.22455, 55.86118 ], [ -4.22727, 55.86121 ], [ -4.22748, 55.86117 ], [ -4.22655, 55.86157 ], [ -4.22399, 55.86152 ], [ -4.22405, 55.86117 ], [ -4.22183, 55.86109 ], [ -4.22184, 55.86031 ], [ -4.22126, 55.86032 ] ] ] ] } },
{ "type": "Feature", "properties": { "LSOA11_CD": "S01010007", "Neighborhood_Name": "Cathcart - 03", "uk_imd2019_LSOA": "S01010007", "uk_imd2019_Rank": "5267", "uk_imd2019_SOA_pct": "76", "uk_imd2019_SOA_decile": "8" }, "geometry": { "type": "MultiPolygon", "coordinates": [ [ [ [ -4.25152, 55.82351 ], [ -4.25147, 55.82297 ], [ -4.25121, 55.82236 ], [ -4.25054, 55.82228 ], [ -4.25072, 55.82191 ], [ -4.25135, 55.82199 ], [ -4.25163, 55.82131 ], [ -4.25323, 55.82144 ], [ -4.25377, 55.82159 ], [ -4.2561, 55.82166 ], [ -4.25578, 55.8207 ], [ -4.25666, 55.82114 ], [ -4.25743, 55.82082 ], [ -4.25839, 55.82068 ], [ -4.25846, 55.82128 ], [ -4.25868, 55.82143 ], [ -4.25886, 55.82241 ], [ -4.25911, 55.82288 ], [ -4.25846, 55.82302 ], [ -4.25837, 55.8234 ], [ -4.25821, 55.82364 ], [ -4.25753, 55.82373 ], [ -4.25749, 55.82391 ], [ -4.25665, 55.82397 ], [ -4.2566, 55.8237 ], [ -4.25572, 55.82389 ], [ -4.25564, 55.82361 ], [ -4.25512, 55.82337 ], [ -4.25344, 55.82338 ], [ -4.25152, 55.82351 ] ] ] ] } },
{ "type": "Feature", "properties": { "LSOA11_CD": "S01010009", "Neighborhood_Name": "Cathcart - 05", "uk_imd2019_LSOA": "S01010009", "uk_imd2019_Rank": "1931", "uk_imd2019_SOA_pct": "28", "uk_imd2019_SOA_decile": "3" }, "geometry": { "type": "MultiPolygon", "coordinates": [ [ [ [ -4.26097, 55.81948 ], [ -4.26078, 55.81921 ], [ -4.26162, 55.81798 ], [ -4.26232, 55.81707 ], [ -4.26313, 55.81698 ], [ -4.26294, 55.81736 ], [ -4.2641, 55.8173 ], [ -4.26532, 55.81757 ], [ -4.26588, 55.81763 ], [ -4.26696, 55.81813 ], [ -4.26828, 55.81802 ], [ -4.26821, 55.81854 ], [ -4.26851, 55.81868 ], [ -4.26845, 55.81993 ], [ -4.26799, 55.82041 ], [ -4.26715, 55.82092 ], [ -4.26696, 55.82108 ], [ -4.2657, 55.8206 ], [ -4.2651, 55.82109 ], [ -4.26379, 55.82115 ], [ -4.26319, 55.82027 ], [ -4.26297, 55.81963 ], [ -4.26251, 55.81934 ], [ -4.26097, 55.81948 ] ] ] ] } },
{ "type": "Feature", "properties": { "LSOA11_CD": "S01010010", "Neighborhood_Name": "Cathcart - 06", "uk_imd2019_LSOA": "S01010010", "uk_imd2019_Rank": "5047", "uk_imd2019_SOA_pct": "72", "uk_imd2019_SOA_decile": "8" }, "geometry": { "type": "MultiPolygon", "coordinates": [ [ [ [ -4.25537, 55.81813 ], [ -4.25497, 55.81789 ], [ -4.25348, 55.81748 ], [ -4.25142, 55.81717 ], [ -4.24892, 55.81691 ], [ -4.24813, 55.81678 ], [ -4.24696, 55.81628 ], [ -4.24579, 55.81507 ], [ -4.24575, 55.81491 ], [ -4.2478, 55.81471 ], [ -4.25028, 55.81426 ], [ -4.25167, 55.81432 ], [ -4.25235, 55.81421 ], [ -4.25244, 55.81469 ], [ -4.25356, 55.81441 ], [ -4.2557, 55.81659 ], [ -4.25737, 55.81577 ], [ -4.25805, 55.81587 ], [ -4.25763, 55.81476 ], [ -4.25876, 55.81485 ], [ -4.25855, 55.81563 ], [ -4.25871, 55.81618 ], [ -4.25926, 55.81738 ], [ -4.25963, 55.81776 ], [ -4.25649, 55.81893 ], [ -4.25558, 55.81922 ], [ -4.25537, 55.81813 ] ] ] ] } },
{ "type": "Feature", "properties": { "LSOA11_CD": "S01010011", "Neighborhood_Name": "Mount Florida - 01", "uk_imd2019_LSOA": "S01010011", "uk_imd2019_Rank": "1374", "uk_imd2019_SOA_pct": "20", "uk_imd2019_SOA_decile": "2" }, "geometry": { "type": "MultiPolygon", "coordinates": [ [ [ [ -4.25742, 55.82593 ], [ -4.25788, 55.82568 ], [ -4.2577, 55.82515 ], [ -4.25744, 55.8249 ], [ -4.25821, 55.82364 ], [ -4.25837, 55.8234 ], [ -4.26016, 55.82303 ], [ -4.26042, 55.82339 ], [ -4.25965, 55.82365 ], [ -4.2604, 55.82449 ], [ -4.26145, 55.82443 ], [ -4.2612, 55.82485 ], [ -4.26101, 55.82527 ], [ -4.26119, 55.82623 ], [ -4.26016, 55.82642 ], [ -4.25954, 55.82634 ], [ -4.25908, 55.82661 ], [ -4.25894, 55.826 ], [ -4.25742, 55.82593 ] ] ] ] } },
{ "type": "Feature", "properties": { "LSOA11_CD": "S01009993", "Neighborhood_Name": "Kingspark South - 01", "uk_imd2019_LSOA": "S01009993", "uk_imd2019_Rank": "3810", "uk_imd2019_SOA_pct": "55", "uk_imd2019_SOA_decile": "6" }, "geometry": { "type": "MultiPolygon", "coordinates": [ [ [ [ -4.23608, 55.81828 ], [ -4.23616, 55.8179 ], [ -4.2362, 55.81756 ], [ -4.23667, 55.81706 ], [ -4.23564, 55.81639 ], [ -4.23472, 55.81591 ], [ -4.23579, 55.81563 ], [ -4.23755, 55.81558 ], [ -4.23757, 55.81508 ], [ -4.23729, 55.81491 ], [ -4.23698, 55.81419 ], [ -4.23804, 55.81399 ], [ -4.23798, 55.81361 ], [ -4.23991, 55.81288 ], [ -4.24004, 55.81278 ], [ -4.2417, 55.8123 ], [ -4.24411, 55.8119 ], [ -4.24521, 55.81166 ], [ -4.24566, 55.81268 ], [ -4.24547, 55.81285 ], [ -4.24573, 55.81367 ], [ -4.24561, 55.81461 ], [ -4.24575, 55.81491 ], [ -4.24579, 55.81507 ], [ -4.24696, 55.81628 ], [ -4.24648, 55.81668 ], [ -4.2457, 55.81838 ], [ -4.24074, 55.81818 ], [ -4.24066, 55.81803 ], [ -4.23878, 55.81793 ], [ -4.23866, 55.81843 ], [ -4.23608, 55.81828 ] ] ] ] } },
{ "type": "Feature", "properties": { "LSOA11_CD": "S01010012", "Neighborhood_Name": "Mount Florida - 02", "uk_imd2019_LSOA": "S01010012", "uk_imd2019_Rank": "4582", "uk_imd2019_SOA_pct": "66", "uk_imd2019_SOA_decile": "7" }, "geometry": { "type": "MultiPolygon", "coordinates": [ [ [ [ -4.24674, 55.82645 ], [ -4.24685, 55.82542 ], [ -4.24684, 55.82433 ], [ -4.24741, 55.82402 ], [ -4.24741, 55.82339 ], [ -4.24686, 55.82326 ], [ -4.24686, 55.82222 ], [ -4.24737, 55.82222 ], [ -4.24754, 55.82041 ], [ -4.24808, 55.82042 ], [ -4.24816, 55.82006 ], [ -4.24937, 55.82011 ], [ -4.25035, 55.82024 ], [ -4.25022, 55.82158 ], [ -4.24992, 55.82219 ], [ -4.25054, 55.82228 ], [ -4.25121, 55.82236 ], [ -4.25147, 55.82297 ], [ -4.25152, 55.82351 ], [ -4.2499, 55.82365 ], [ -4.24978, 55.82392 ], [ -4.24907, 55.82396 ], [ -4.24869, 55.82426 ], [ -4.24891, 55.82476 ], [ -4.24918, 55.82622 ], [ -4.24812, 55.82627 ], [ -4.24675, 55.82661 ], [ -4.24674, 55.82645 ] ] ] ] } },
{ "type": "Feature", "properties": { "LSOA11_CD": "S01010083", "Neighborhood_Name": "Baillieston West - 01", "uk_imd2019_LSOA": "S01010083", "uk_imd2019_Rank": "1071", "uk_imd2019_SOA_pct": "15", "uk_imd2019_SOA_decile": "2" }, "geometry": { "type": "MultiPolygon", "coordinates": [ [ [ [ -4.1224, 55.84267 ], [ -4.12549, 55.842 ], [ -4.127, 55.84185 ], [ -4.12847, 55.84205 ], [ -4.12836, 55.84295 ], [ -4.12701, 55.84317 ], [ -4.12658, 55.8431 ], [ -4.12611, 55.84327 ], [ -4.12593, 55.84361 ], [ -4.1273, 55.84403 ], [ -4.12707, 55.84418 ], [ -4.12539, 55.84419 ], [ -4.12612, 55.8455 ], [ -4.12497, 55.84556 ], [ -4.12484, 55.84581 ], [ -4.12416, 55.84586 ], [ -4.12359, 55.84575 ], [ -4.12351, 55.84508 ], [ -4.12246, 55.84512 ], [ -4.12245, 55.84452 ], [ -4.12158, 55.84462 ], [ -4.12048, 55.84437 ], [ -4.12064, 55.84398 ], [ -4.12126, 55.84375 ], [ -4.12169, 55.84429 ], [ -4.12282, 55.84419 ], [ -4.12279, 55.84402 ], [ -4.12204, 55.84375 ], [ -4.12295, 55.84366 ], [ -4.1224, 55.84267 ] ] ] ] } },
{ "type": "Feature", "properties": { "LSOA11_CD": "S01010427", "Neighborhood_Name": "Scotstoun North and East - 01", "uk_imd2019_LSOA": "S01010427", "uk_imd2019_Rank": "914", "uk_imd2019_SOA_pct": "13", "uk_imd2019_SOA_decile": "2" }, "geometry": { "type": "MultiPolygon", "coordinates": [ [ [ [ -4.35039, 55.88438 ], [ -4.35009, 55.88367 ], [ -4.35006, 55.88235 ], [ -4.35017, 55.88199 ], [ -4.35051, 55.8808 ], [ -4.35126, 55.88084 ], [ -4.35109, 55.88118 ], [ -4.35083, 55.88215 ], [ -4.3513, 55.88257 ], [ -4.35182, 55.8823 ], [ -4.35335, 55.88286 ], [ -4.3537, 55.88262 ], [ -4.35487, 55.88265 ], [ -4.35673, 55.88321 ], [ -4.3571, 55.88277 ], [ -4.35799, 55.88312 ], [ -4.35785, 55.88344 ], [ -4.35785, 55.88429 ], [ -4.35771, 55.88467 ], [ -4.3566, 55.88502 ], [ -4.35537, 55.88528 ], [ -4.35452, 55.88531 ], [ -4.35039, 55.88438 ] ] ] ] } },
{ "type": "Feature", "properties": { "LSOA11_CD": "S01010098", "Neighborhood_Name": "Garrowhill West - 05", "uk_imd2019_LSOA": "S01010098", "uk_imd2019_Rank": "4366", "uk_imd2019_SOA_pct": "63", "uk_imd2019_SOA_decile": "7" }, "geometry": { "type": "MultiPolygon", "coordinates": [ [ [ [ -4.12767, 55.8526 ], [ -4.12709, 55.85247 ], [ -4.1266, 55.85162 ], [ -4.12603, 55.85174 ], [ -4.12585, 55.85142 ], [ -4.12632, 55.85098 ], [ -4.12622, 55.85062 ], [ -4.12554, 55.85044 ], [ -4.12546, 55.85008 ], [ -4.12484, 55.8501 ], [ -4.1244, 55.84966 ], [ -4.12646, 55.84946 ], [ -4.12659, 55.84884 ], [ -4.12942, 55.84891 ], [ -4.12912, 55.84958 ], [ -4.1316, 55.84987 ], [ -4.13178, 55.84953 ], [ -4.13223, 55.84958 ], [ -4.13202, 55.85027 ], [ -4.13139, 55.85017 ], [ -4.13114, 55.85031 ], [ -4.13137, 55.85075 ], [ -4.13116, 55.85131 ], [ -4.12944, 55.85258 ], [ -4.12908, 55.85301 ], [ -4.12844, 55.85288 ], [ -4.12869, 55.85237 ], [ -4.12813, 55.85222 ], [ -4.12753, 55.85234 ], [ -4.12767, 55.8526 ] ] ] ] } },
{ "type": "Feature", "properties": { "LSOA11_CD": "S01010106", "Neighborhood_Name": "Easterhouse East - 02", "uk_imd2019_LSOA": "S01010106", "uk_imd2019_Rank": "1021", "uk_imd2019_SOA_pct": "15", "uk_imd2019_SOA_decile": "2" }, "geometry": { "type": "MultiPolygon", "coordinates": [ [ [ [ -4.09773, 55.86801 ], [ -4.09726, 55.86786 ], [ -4.09772, 55.86712 ], [ -4.09866, 55.8662 ], [ -4.09887, 55.8663 ], [ -4.09968, 55.86559 ], [ -4.10019, 55.86581 ], [ -4.10154, 55.86501 ], [ -4.10171, 55.86441 ], [ -4.1018, 55.86413 ], [ -4.10262, 55.86422 ], [ -4.10263, 55.86461 ], [ -4.10368, 55.86444 ], [ -4.10541, 55.86466 ], [ -4.10513, 55.8656 ], [ -4.10548, 55.86563 ], [ -4.10533, 55.86632 ], [ -4.10524, 55.8665 ], [ -4.10296, 55.8677 ], [ -4.10032, 55.86728 ], [ -4.09953, 55.86813 ], [ -4.09773, 55.86801 ] ] ] ] } },
{ "type": "Feature", "properties": { "LSOA11_CD": "S01009999", "Neighborhood_Name": "Kingspark North - 01", "uk_imd2019_LSOA": "S01009999", "uk_imd2019_Rank": "5212", "uk_imd2019_SOA_pct": "75", "uk_imd2019_SOA_decile": "8" }, "geometry": { "type": "MultiPolygon", "coordinates": [ [ [ [ -4.23906, 55.81894 ], [ -4.24282, 55.81919 ], [ -4.24431, 55.81932 ], [ -4.24408, 55.82044 ], [ -4.24393, 55.82062 ], [ -4.24357, 55.82086 ], [ -4.24459, 55.82126 ], [ -4.24452, 55.82158 ], [ -4.24373, 55.8217 ], [ -4.24364, 55.82202 ], [ -4.24271, 55.82217 ], [ -4.24163, 55.8218 ], [ -4.24134, 55.8215 ], [ -4.24062, 55.8215 ], [ -4.24038, 55.82176 ], [ -4.23968, 55.8221 ], [ -4.2381, 55.82256 ], [ -4.23759, 55.82206 ], [ -4.23703, 55.82193 ], [ -4.23648, 55.82157 ], [ -4.23648, 55.82138 ], [ -4.23926, 55.82141 ], [ -4.23899, 55.82108 ], [ -4.23704, 55.82108 ], [ -4.23709, 55.82074 ], [ -4.23752, 55.82075 ], [ -4.23757, 55.82032 ], [ -4.23661, 55.82001 ], [ -4.23662, 55.81963 ], [ -4.23731, 55.81965 ], [ -4.2374, 55.8193 ], [ -4.23898, 55.81935 ], [ -4.23906, 55.81894 ] ] ] ] } },
{ "type": "Feature", "properties": { "LSOA11_CD": "S01010107", "Neighborhood_Name": "Easterhouse East - 03", "uk_imd2019_LSOA": "S01010107", "uk_imd2019_Rank": "639", "uk_imd2019_SOA_pct": "9", "uk_imd2019_SOA_decile": "1" }, "geometry": { "type": "MultiPolygon", "coordinates": [ [ [ [ -4.10533, 55.86632 ], [ -4.10548, 55.86563 ], [ -4.10513, 55.8656 ], [ -4.10541, 55.86466 ], [ -4.10368, 55.86444 ], [ -4.10263, 55.86461 ], [ -4.10262, 55.86422 ], [ -4.1018, 55.86413 ], [ -4.10171, 55.86441 ], [ -4.10141, 55.86438 ], [ -4.10102, 55.86433 ], [ -4.10115, 55.86395 ], [ -4.10215, 55.86391 ], [ -4.1026, 55.86308 ], [ -4.10552, 55.86339 ], [ -4.10662, 55.86335 ], [ -4.10759, 55.86351 ], [ -4.10747, 55.86392 ], [ -4.10911, 55.86409 ], [ -4.10964, 55.86424 ], [ -4.10925, 55.86462 ], [ -4.10823, 55.86464 ], [ -4.10814, 55.86488 ], [ -4.10716, 55.86481 ], [ -4.10715, 55.86578 ], [ -4.10744, 55.86646 ], [ -4.10686, 55.86629 ], [ -4.10533, 55.86632 ] ] ] ] } },
{ "type": "Feature", "properties": { "LSOA11_CD": "S01010121", "Neighborhood_Name": "North Barlanark and Easterhouse South - 04", "uk_imd2019_LSOA": "S01010121", "uk_imd2019_Rank": "47", "uk_imd2019_SOA_pct": "1", "uk_imd2019_SOA_decile": "1" }, "geometry": { "type": "MultiPolygon", "coordinates": [ [ [ [ -4.12177, 55.86278 ], [ -4.12252, 55.86171 ], [ -4.12283, 55.86142 ], [ -4.12362, 55.86118 ], [ -4.12351, 55.86091 ], [ -4.12385, 55.86073 ], [ -4.12424, 55.86109 ], [ -4.12492, 55.86109 ], [ -4.12942, 55.8609 ], [ -4.12945, 55.86116 ], [ -4.12903, 55.86144 ], [ -4.12906, 55.86175 ], [ -4.12857, 55.86188 ], [ -4.12801, 55.86181 ], [ -4.12692, 55.86194 ], [ -4.12697, 55.86226 ], [ -4.12596, 55.86235 ], [ -4.12602, 55.8629 ], [ -4.12535, 55.86292 ], [ -4.12527, 55.86316 ], [ -4.12316, 55.86277 ], [ -4.12177, 55.86278 ] ] ] ] } },
{ "type": "Feature", "properties": { "LSOA11_CD": "S01010194", "Neighborhood_Name": "Balornock - 01", "uk_imd2019_LSOA": "S01010194", "uk_imd2019_Rank": "1338", "uk_imd2019_SOA_pct": "19", "uk_imd2019_SOA_decile": "2" }, "geometry": { "type": "MultiPolygon", "coordinates": [ [ [ [ -4.20538, 55.89122 ], [ -4.20511, 55.891 ], [ -4.20526, 55.89025 ], [ -4.20713, 55.88963 ], [ -4.20731, 55.88945 ], [ -4.20636, 55.88852 ], [ -4.20702, 55.88825 ], [ -4.20771, 55.88822 ], [ -4.20794, 55.88723 ], [ -4.20776, 55.88672 ], [ -4.20866, 55.88672 ], [ -4.20865, 55.88738 ], [ -4.20967, 55.88732 ], [ -4.20981, 55.8869 ], [ -4.21244, 55.88662 ], [ -4.2129, 55.88741 ], [ -4.21207, 55.88761 ], [ -4.21182, 55.88817 ], [ -4.21098, 55.88864 ], [ -4.2107, 55.88861 ], [ -4.20952, 55.88886 ], [ -4.2108, 55.88933 ], [ -4.21078, 55.88958 ], [ -4.21018, 55.88983 ], [ -4.21007, 55.89093 ], [ -4.2104, 55.89096 ], [ -4.21041, 55.89133 ], [ -4.20538, 55.89122 ] ] ] ] } },
{ "type": "Feature", "properties": { "LSOA11_CD": "S01009817", "Neighborhood_Name": "Cardonald West and Central - 03", "uk_imd2019_LSOA": "S01009817", "uk_imd2019_Rank": "1646", "uk_imd2019_SOA_pct": "24", "uk_imd2019_SOA_decile": "3" }, "geometry": { "type": "MultiPolygon", "coordinates": [ [ [ [ -4.36282, 55.84108 ], [ -4.36322, 55.84054 ], [ -4.36277, 55.84005 ], [ -4.36131, 55.83929 ], [ -4.36064, 55.8388 ], [ -4.35999, 55.83887 ], [ -4.35809, 55.83782 ], [ -4.35856, 55.8369 ], [ -4.35884, 55.83663 ], [ -4.35987, 55.83647 ], [ -4.36028, 55.83637 ], [ -4.36135, 55.83634 ], [ -4.36477, 55.83694 ], [ -4.3656, 55.83739 ], [ -4.3662, 55.83811 ], [ -4.36673, 55.83837 ], [ -4.36791, 55.83863 ], [ -4.36895, 55.83858 ], [ -4.36999, 55.83845 ], [ -4.37102, 55.83842 ], [ -4.37086, 55.83893 ], [ -4.3702, 55.8394 ], [ -4.37066, 55.83971 ], [ -4.37059, 55.84009 ], [ -4.37086, 55.84069 ], [ -4.36976, 55.84109 ], [ -4.3697, 55.84121 ], [ -4.36658, 55.84191 ], [ -4.36413, 55.84241 ], [ -4.36433, 55.8412 ], [ -4.36325, 55.84125 ], [ -4.36282, 55.84108 ] ] ] ] } },
{ "type": "Feature", "properties": { "LSOA11_CD": "S01009818", "Neighborhood_Name": "Cardonald West and Central - 04", "uk_imd2019_LSOA": "S01009818", "uk_imd2019_Rank": "5051", "uk_imd2019_SOA_pct": "72", "uk_imd2019_SOA_decile": "8" }, "geometry": { "type": "MultiPolygon", "coordinates": [ [ [ [ -4.35966, 55.84557 ], [ -4.36127, 55.8455 ], [ -4.36096, 55.84437 ], [ -4.36127, 55.84402 ], [ -4.36073, 55.84373 ], [ -4.36277, 55.84362 ], [ -4.36257, 55.84274 ], [ -4.36413, 55.84241 ], [ -4.36658, 55.84191 ], [ -4.3697, 55.84121 ], [ -4.36981, 55.84206 ], [ -4.36875, 55.84519 ], [ -4.36807, 55.84514 ], [ -4.36799, 55.84539 ], [ -4.36835, 55.84632 ], [ -4.36665, 55.84651 ], [ -4.36535, 55.8465 ], [ -4.36461, 55.84657 ], [ -4.36453, 55.84614 ], [ -4.36424, 55.84577 ], [ -4.36351, 55.84585 ], [ -4.36318, 55.84621 ], [ -4.3632, 55.84658 ], [ -4.36247, 55.84665 ], [ -4.36051, 55.84671 ], [ -4.3604, 55.84596 ], [ -4.35971, 55.84598 ], [ -4.35966, 55.84557 ] ] ] ] } },
{ "type": "Feature", "properties": { "LSOA11_CD": "S01010305", "Neighborhood_Name": "Firhill - 05", "uk_imd2019_LSOA": "S01010305", "uk_imd2019_Rank": "1025", "uk_imd2019_SOA_pct": "15", "uk_imd2019_SOA_decile": "2" }, "geometry": { "type": "MultiPolygon", "coordinates": [ [ [ [ -4.26974, 55.87867 ], [ -4.27004, 55.87833 ], [ -4.27109, 55.87824 ], [ -4.27155, 55.87832 ], [ -4.27147, 55.87775 ], [ -4.27205, 55.87769 ], [ -4.27332, 55.87782 ], [ -4.27317, 55.87849 ], [ -4.27361, 55.87853 ], [ -4.27389, 55.87826 ], [ -4.27539, 55.87827 ], [ -4.2759, 55.8785 ], [ -4.27586, 55.87887 ], [ -4.27576, 55.87973 ], [ -4.2752, 55.87974 ], [ -4.27524, 55.87923 ], [ -4.27424, 55.87912 ], [ -4.27418, 55.8799 ], [ -4.27387, 55.88 ], [ -4.27324, 55.87975 ], [ -4.27197, 55.87964 ], [ -4.27217, 55.88006 ], [ -4.27139, 55.87992 ], [ -4.27083, 55.88034 ], [ -4.27051, 55.88017 ], [ -4.27071, 55.87986 ], [ -4.26904, 55.87908 ], [ -4.26893, 55.87876 ], [ -4.26974, 55.87867 ] ] ] ] } },
{ "type": "Feature", "properties": { "LSOA11_CD": "S01010306", "Neighborhood_Name": "Firhill - 06", "uk_imd2019_LSOA": "S01010306", "uk_imd2019_Rank": "4044", "uk_imd2019_SOA_pct": "58", "uk_imd2019_SOA_decile": "6" }, "geometry": { "type": "MultiPolygon", "coordinates": [ [ [ [ -4.27332, 55.87782 ], [ -4.27205, 55.87769 ], [ -4.2717, 55.8772 ], [ -4.27153, 55.87625 ], [ -4.27108, 55.87623 ], [ -4.27137, 55.87595 ], [ -4.27118, 55.87516 ], [ -4.27234, 55.87536 ], [ -4.27384, 55.8758 ], [ -4.27499, 55.87575 ], [ -4.27598, 55.87557 ], [ -4.27624, 55.87613 ], [ -4.27699, 55.87606 ], [ -4.27716, 55.8766 ], [ -4.2783, 55.87648 ], [ -4.27894, 55.87719 ], [ -4.27958, 55.87749 ], [ -4.27908, 55.87799 ], [ -4.27599, 55.87721 ], [ -4.27596, 55.87759 ], [ -4.27385, 55.87749 ], [ -4.27395, 55.87709 ], [ -4.27341, 55.87708 ], [ -4.27332, 55.87782 ] ] ] ] } },
{ "type": "Feature", "properties": { "LSOA11_CD": "S01010307", "Neighborhood_Name": "Firhill - 07", "uk_imd2019_LSOA": "S01010307", "uk_imd2019_Rank": "5939", "uk_imd2019_SOA_pct": "85", "uk_imd2019_SOA_decile": "9" }, "geometry": { "type": "MultiPolygon", "coordinates": [ [ [ [ -4.27586, 55.87887 ], [ -4.2759, 55.8785 ], [ -4.27539, 55.87827 ], [ -4.27389, 55.87826 ], [ -4.27361, 55.87853 ], [ -4.27317, 55.87849 ], [ -4.27332, 55.87782 ], [ -4.27341, 55.87708 ], [ -4.27395, 55.87709 ], [ -4.27385, 55.87749 ], [ -4.27596, 55.87759 ], [ -4.27599, 55.87721 ], [ -4.27908, 55.87799 ], [ -4.27878, 55.87825 ], [ -4.27808, 55.87855 ], [ -4.27727, 55.87867 ], [ -4.27702, 55.8791 ], [ -4.27586, 55.87887 ] ] ] ] } },
{ "type": "Feature", "properties": { "LSOA11_CD": "S01010308", "Neighborhood_Name": "Firhill - 08", "uk_imd2019_LSOA": "S01010308", "uk_imd2019_Rank": "4763", "uk_imd2019_SOA_pct": "68", "uk_imd2019_SOA_decile": "7" }, "geometry": { "type": "MultiPolygon", "coordinates": [ [ [ [ -4.27234, 55.87536 ], [ -4.27365, 55.87405 ], [ -4.27463, 55.87424 ], [ -4.27507, 55.87366 ], [ -4.27574, 55.87362 ], [ -4.27624, 55.874 ], [ -4.27746, 55.87396 ], [ -4.27803, 55.87415 ], [ -4.27964, 55.87468 ], [ -4.27984, 55.87466 ], [ -4.28045, 55.87493 ], [ -4.28227, 55.87549 ], [ -4.28207, 55.8758 ], [ -4.28156, 55.87552 ], [ -4.27958, 55.87749 ], [ -4.27894, 55.87719 ], [ -4.2783, 55.87648 ], [ -4.27716, 55.8766 ], [ -4.27699, 55.87606 ], [ -4.27624, 55.87613 ], [ -4.27598, 55.87557 ], [ -4.27499, 55.87575 ], [ -4.27384, 55.8758 ], [ -4.27234, 55.87536 ] ] ] ] } },
{ "type": "Feature", "properties": { "LSOA11_CD": "S01010309", "Neighborhood_Name": "Keppochhill - 01", "uk_imd2019_LSOA": "S01010309", "uk_imd2019_Rank": "1006", "uk_imd2019_SOA_pct": "14", "uk_imd2019_SOA_decile": "2" }, "geometry": { "type": "MultiPolygon", "coordinates": [ [ [ [ -4.26022, 55.88091 ], [ -4.26008, 55.88011 ], [ -4.25848, 55.88017 ], [ -4.25844, 55.87989 ], [ -4.25855, 55.87844 ], [ -4.25859, 55.87797 ], [ -4.25936, 55.87802 ], [ -4.25946, 55.87782 ], [ -4.26294, 55.87812 ], [ -4.26351, 55.87826 ], [ -4.264, 55.87877 ], [ -4.26394, 55.87965 ], [ -4.26372, 55.8811 ], [ -4.26322, 55.88069 ], [ -4.26265, 55.88105 ], [ -4.26083, 55.88117 ], [ -4.26022, 55.88091 ] ] ] ] } },
{ "type": "Feature", "properties": { "LSOA11_CD": "S01010310", "Neighborhood_Name": "Keppochhill - 02", "uk_imd2019_LSOA": "S01010310", "uk_imd2019_Rank": "472", "uk_imd2019_SOA_pct": "7", "uk_imd2019_SOA_decile": "1" }, "geometry": { "type": "MultiPolygon", "coordinates": [ [ [ [ -4.25486, 55.8807 ], [ -4.25489, 55.87994 ], [ -4.25438, 55.87991 ], [ -4.25451, 55.878 ], [ -4.25597, 55.87771 ], [ -4.25626, 55.87781 ], [ -4.25798, 55.87769 ], [ -4.25797, 55.87842 ], [ -4.25855, 55.87844 ], [ -4.25844, 55.87989 ], [ -4.25848, 55.88017 ], [ -4.26008, 55.88011 ], [ -4.26022, 55.88091 ], [ -4.25803, 55.8811 ], [ -4.25797, 55.88088 ], [ -4.25666, 55.88093 ], [ -4.25662, 55.88062 ], [ -4.25486, 55.8807 ] ] ] ] } },
{ "type": "Feature", "properties": { "LSOA11_CD": "S01010360", "Neighborhood_Name": "Wyndford - 03", "uk_imd2019_LSOA": "S01010360", "uk_imd2019_Rank": "501", "uk_imd2019_SOA_pct": "7", "uk_imd2019_SOA_decile": "1" }, "geometry": { "type": "MultiPolygon", "coordinates": [ [ [ [ -4.29774, 55.8921 ], [ -4.29639, 55.89194 ], [ -4.29637, 55.89135 ], [ -4.29522, 55.89128 ], [ -4.295, 55.89111 ], [ -4.29279, 55.89107 ], [ -4.29251, 55.89075 ], [ -4.29137, 55.8909 ], [ -4.29113, 55.89111 ], [ -4.29024, 55.89078 ], [ -4.29007, 55.89034 ], [ -4.29209, 55.89013 ], [ -4.29201, 55.88953 ], [ -4.29107, 55.88952 ], [ -4.29106, 55.88918 ], [ -4.29272, 55.88917 ], [ -4.29306, 55.88864 ], [ -4.29359, 55.88868 ], [ -4.29341, 55.88934 ], [ -4.29443, 55.88907 ], [ -4.29512, 55.88879 ], [ -4.29582, 55.88906 ], [ -4.29642, 55.88898 ], [ -4.2971, 55.8893 ], [ -4.29838, 55.89008 ], [ -4.29877, 55.89107 ], [ -4.29857, 55.89209 ], [ -4.29774, 55.8921 ] ] ] ] } },
{ "type": "Feature", "properties": { "LSOA11_CD": "S01009928", "Neighborhood_Name": "Langside - 02", "uk_imd2019_LSOA": "S01009928", "uk_imd2019_Rank": "6375", "uk_imd2019_SOA_pct": "91", "uk_imd2019_SOA_decile": "10" }, "geometry": { "type": "MultiPolygon", "coordinates": [ [ [ [ -4.27298, 55.82833 ], [ -4.27324, 55.82816 ], [ -4.27291, 55.82787 ], [ -4.27211, 55.82753 ], [ -4.27292, 55.82725 ], [ -4.27262, 55.82655 ], [ -4.27263, 55.82608 ], [ -4.27331, 55.82576 ], [ -4.27381, 55.82592 ], [ -4.27434, 55.82567 ], [ -4.27553, 55.82486 ], [ -4.27488, 55.82466 ], [ -4.27555, 55.82394 ], [ -4.27584, 55.82361 ], [ -4.27646, 55.82307 ], [ -4.27724, 55.82311 ], [ -4.27757, 55.82264 ], [ -4.27846, 55.82289 ], [ -4.27841, 55.82309 ], [ -4.27962, 55.8234 ], [ -4.27896, 55.82404 ], [ -4.2801, 55.82451 ], [ -4.28044, 55.82484 ], [ -4.2804, 55.82541 ], [ -4.28, 55.8257 ], [ -4.27853, 55.82651 ], [ -4.27764, 55.82693 ], [ -4.2764, 55.82723 ], [ -4.27486, 55.82747 ], [ -4.27396, 55.82781 ], [ -4.27337, 55.8286 ], [ -4.27298, 55.82833 ] ] ] ] } },
{ "type": "Feature", "properties": { "LSOA11_CD": "S01009929", "Neighborhood_Name": "Langside - 03", "uk_imd2019_LSOA": "S01009929", "uk_imd2019_Rank": "5896", "uk_imd2019_SOA_pct": "85", "uk_imd2019_SOA_decile": "9" }, "geometry": { "type": "MultiPolygon", "coordinates": [ [ [ [ -4.26912, 55.82623 ], [ -4.26977, 55.82527 ], [ -4.2712, 55.82568 ], [ -4.27147, 55.82533 ], [ -4.27354, 55.82395 ], [ -4.27428, 55.82375 ], [ -4.275, 55.82378 ], [ -4.27555, 55.82394 ], [ -4.27488, 55.82466 ], [ -4.27553, 55.82486 ], [ -4.27434, 55.82567 ], [ -4.27381, 55.82592 ], [ -4.27331, 55.82576 ], [ -4.27263, 55.82608 ], [ -4.27262, 55.82655 ], [ -4.27292, 55.82725 ], [ -4.27211, 55.82753 ], [ -4.27199, 55.82713 ], [ -4.27044, 55.82672 ], [ -4.27055, 55.82652 ], [ -4.26912, 55.82623 ] ] ] ] } },
{ "type": "Feature", "properties": { "LSOA11_CD": "S01009930", "Neighborhood_Name": "Langside - 04", "uk_imd2019_LSOA": "S01009930", "uk_imd2019_Rank": "4647", "uk_imd2019_SOA_pct": "67", "uk_imd2019_SOA_decile": "7" }, "geometry": { "type": "MultiPolygon", "coordinates": [ [ [ [ -4.26977, 55.82527 ], [ -4.26825, 55.82487 ], [ -4.26877, 55.82433 ], [ -4.26676, 55.82374 ], [ -4.26712, 55.82336 ], [ -4.26749, 55.82365 ], [ -4.26868, 55.82395 ], [ -4.26895, 55.8237 ], [ -4.2695, 55.82384 ], [ -4.26975, 55.82357 ], [ -4.27076, 55.82382 ], [ -4.27095, 55.82356 ], [ -4.27217, 55.82389 ], [ -4.27226, 55.82354 ], [ -4.27261, 55.8236 ], [ -4.27361, 55.82297 ], [ -4.27584, 55.82361 ], [ -4.27555, 55.82394 ], [ -4.275, 55.82378 ], [ -4.27428, 55.82375 ], [ -4.27354, 55.82395 ], [ -4.27147, 55.82533 ], [ -4.2712, 55.82568 ], [ -4.26977, 55.82527 ] ] ] ] } },
{ "type": "Feature", "properties": { "LSOA11_CD": "S01009932", "Neighborhood_Name": "Langside - 06", "uk_imd2019_LSOA": "S01009932", "uk_imd2019_Rank": "4696", "uk_imd2019_SOA_pct": "67", "uk_imd2019_SOA_decile": "7" }, "geometry": { "type": "MultiPolygon", "coordinates": [ [ [ [ -4.28081, 55.82621 ], [ -4.28138, 55.82581 ], [ -4.28188, 55.82597 ], [ -4.28231, 55.82545 ], [ -4.28276, 55.82522 ], [ -4.28259, 55.82474 ], [ -4.28193, 55.8242 ], [ -4.28152, 55.82402 ], [ -4.28166, 55.82299 ], [ -4.28251, 55.82306 ], [ -4.2835, 55.82325 ], [ -4.28425, 55.82358 ], [ -4.28514, 55.82493 ], [ -4.28595, 55.82511 ], [ -4.28562, 55.82605 ], [ -4.28377, 55.82568 ], [ -4.28405, 55.82534 ], [ -4.28392, 55.82505 ], [ -4.28349, 55.82503 ], [ -4.28288, 55.8261 ], [ -4.28224, 55.8266 ], [ -4.28168, 55.82688 ], [ -4.28081, 55.82621 ] ] ] ] } },
{ "type": "Feature", "properties": { "LSOA11_CD": "S01009933", "Neighborhood_Name": "Pollokshaws - 01", "uk_imd2019_LSOA": "S01009933", "uk_imd2019_Rank": "746", "uk_imd2019_SOA_pct": "11", "uk_imd2019_SOA_decile": "2" }, "geometry": { "type": "MultiPolygon", "coordinates": [ [ [ [ -4.28634, 55.82503 ], [ -4.2876, 55.82488 ], [ -4.28966, 55.82438 ], [ -4.29029, 55.82403 ], [ -4.29187, 55.82354 ], [ -4.29236, 55.82412 ], [ -4.29153, 55.82434 ], [ -4.29167, 55.82456 ], [ -4.29283, 55.82497 ], [ -4.29338, 55.82499 ], [ -4.29371, 55.82514 ], [ -4.29318, 55.82558 ], [ -4.29197, 55.82568 ], [ -4.29164, 55.82582 ], [ -4.29093, 55.82571 ], [ -4.29004, 55.82577 ], [ -4.28917, 55.82608 ], [ -4.28845, 55.8256 ], [ -4.28774, 55.82545 ], [ -4.28692, 55.82549 ], [ -4.2864, 55.82533 ], [ -4.28634, 55.82503 ] ] ] ] } },
{ "type": "Feature", "properties": { "LSOA11_CD": "S01010151", "Neighborhood_Name": "Old Shettleston and Parkhead North - 05", "uk_imd2019_LSOA": "S01010151", "uk_imd2019_Rank": "308", "uk_imd2019_SOA_pct": "4", "uk_imd2019_SOA_decile": "1" }, "geometry": { "type": "MultiPolygon", "coordinates": [ [ [ [ -4.17554, 55.85843 ], [ -4.1776, 55.85756 ], [ -4.17776, 55.8577 ], [ -4.179, 55.85772 ], [ -4.17905, 55.85832 ], [ -4.17972, 55.85822 ], [ -4.18, 55.85924 ], [ -4.18075, 55.8592 ], [ -4.18142, 55.85952 ], [ -4.18192, 55.85925 ], [ -4.18255, 55.85964 ], [ -4.18271, 55.86022 ], [ -4.18186, 55.8603 ], [ -4.18176, 55.86065 ], [ -4.1813, 55.86109 ], [ -4.17796, 55.86156 ], [ -4.1779, 55.86088 ], [ -4.17671, 55.86095 ], [ -4.17678, 55.86063 ], [ -4.17555, 55.86061 ], [ -4.17565, 55.85997 ], [ -4.17502, 55.85991 ], [ -4.17508, 55.85956 ], [ -4.1757, 55.85961 ], [ -4.17583, 55.85866 ], [ -4.17554, 55.85843 ] ] ] ] } },
{ "type": "Feature", "properties": { "LSOA11_CD": "S01010355", "Neighborhood_Name": "Maryhill West - 02", "uk_imd2019_LSOA": "S01010355", "uk_imd2019_Rank": "461", "uk_imd2019_SOA_pct": "7", "uk_imd2019_SOA_decile": "1" }, "geometry": { "type": "MultiPolygon", "coordinates": [ [ [ [ -4.29239, 55.89406 ], [ -4.29134, 55.89393 ], [ -4.29136, 55.89368 ], [ -4.2929, 55.89371 ], [ -4.29197, 55.89322 ], [ -4.29141, 55.8932 ], [ -4.29059, 55.89334 ], [ -4.28998, 55.89327 ], [ -4.29107, 55.89263 ], [ -4.29228, 55.89218 ], [ -4.29335, 55.89216 ], [ -4.29416, 55.89206 ], [ -4.29668, 55.89326 ], [ -4.29618, 55.89358 ], [ -4.29649, 55.89371 ], [ -4.29717, 55.89503 ], [ -4.2965, 55.89529 ], [ -4.294, 55.89535 ], [ -4.29349, 55.89423 ], [ -4.29239, 55.89406 ] ] ] ] } },
{ "type": "Feature", "properties": { "LSOA11_CD": "S01010013", "Neighborhood_Name": "Mount Florida - 03", "uk_imd2019_LSOA": "S01010013", "uk_imd2019_Rank": "2073", "uk_imd2019_SOA_pct": "30", "uk_imd2019_SOA_decile": "3" }, "geometry": { "type": "MultiPolygon", "coordinates": [ [ [ [ -4.25293, 55.82672 ], [ -4.25052, 55.82706 ], [ -4.24958, 55.82681 ], [ -4.24918, 55.82622 ], [ -4.24891, 55.82476 ], [ -4.24869, 55.82426 ], [ -4.24907, 55.82396 ], [ -4.24978, 55.82392 ], [ -4.2499, 55.82365 ], [ -4.25152, 55.82351 ], [ -4.25344, 55.82338 ], [ -4.25512, 55.82337 ], [ -4.25564, 55.82361 ], [ -4.25572, 55.82389 ], [ -4.2566, 55.8237 ], [ -4.25665, 55.82397 ], [ -4.25749, 55.82391 ], [ -4.25753, 55.82373 ], [ -4.25821, 55.82364 ], [ -4.25744, 55.8249 ], [ -4.2577, 55.82515 ], [ -4.25788, 55.82568 ], [ -4.25742, 55.82593 ], [ -4.25736, 55.82638 ], [ -4.25782, 55.8265 ], [ -4.25556, 55.82689 ], [ -4.25572, 55.82717 ], [ -4.25349, 55.82748 ], [ -4.25329, 55.82703 ], [ -4.25373, 55.82696 ], [ -4.25358, 55.82662 ], [ -4.25293, 55.82672 ] ] ] ] } },
{ "type": "Feature", "properties": { "LSOA11_CD": "S01009872", "Neighborhood_Name": "Kingston West and Dumbreck - 02", "uk_imd2019_LSOA": "S01009872", "uk_imd2019_Rank": "2515", "uk_imd2019_SOA_pct": "36", "uk_imd2019_SOA_decile": "4" }, "geometry": { "type": "MultiPolygon", "coordinates": [ [ [ [ -4.28865, 55.85128 ], [ -4.28897, 55.84973 ], [ -4.28994, 55.84971 ], [ -4.29503, 55.84932 ], [ -4.29734, 55.84926 ], [ -4.29729, 55.85054 ], [ -4.2989, 55.85027 ], [ -4.29891, 55.84998 ], [ -4.29951, 55.84977 ], [ -4.29994, 55.85028 ], [ -4.30056, 55.85025 ], [ -4.30082, 55.85091 ], [ -4.29692, 55.85154 ], [ -4.2956, 55.8517 ], [ -4.29397, 55.85183 ], [ -4.2938, 55.85163 ], [ -4.29319, 55.85158 ], [ -4.29169, 55.85175 ], [ -4.29157, 55.85119 ], [ -4.29077, 55.8514 ], [ -4.29053, 55.85115 ], [ -4.28865, 55.85128 ] ] ] ] } },
{ "type": "Feature", "properties": { "LSOA11_CD": "S01010167", "Neighborhood_Name": "Craigend and Ruchazie - 03", "uk_imd2019_LSOA": "S01010167", "uk_imd2019_Rank": "235", "uk_imd2019_SOA_pct": "3", "uk_imd2019_SOA_decile": "1" }, "geometry": { "type": "MultiPolygon", "coordinates": [ [ [ [ -4.15246, 55.87651 ], [ -4.15361, 55.87645 ], [ -4.1558, 55.87607 ], [ -4.15633, 55.87569 ], [ -4.15711, 55.87588 ], [ -4.15738, 55.87645 ], [ -4.15897, 55.87645 ], [ -4.15907, 55.87714 ], [ -4.15905, 55.87788 ], [ -4.15922, 55.87817 ], [ -4.15974, 55.87803 ], [ -4.16119, 55.87799 ], [ -4.16132, 55.87846 ], [ -4.16117, 55.87905 ], [ -4.16254, 55.87898 ], [ -4.16244, 55.87973 ], [ -4.16018, 55.87979 ], [ -4.15632, 55.8795 ], [ -4.15365, 55.87923 ], [ -4.15274, 55.87799 ], [ -4.1522, 55.87747 ], [ -4.15314, 55.87724 ], [ -4.15341, 55.87692 ], [ -4.15254, 55.87668 ], [ -4.15246, 55.87651 ] ] ] ] } },
{ "type": "Feature", "properties": { "LSOA11_CD": "S01010367", "Neighborhood_Name": "Kelvindale - 05", "uk_imd2019_LSOA": "S01010367", "uk_imd2019_Rank": "6829", "uk_imd2019_SOA_pct": "98", "uk_imd2019_SOA_decile": "10" }, "geometry": { "type": "MultiPolygon", "coordinates": [ [ [ [ -4.29846, 55.88753 ], [ -4.29807, 55.88714 ], [ -4.2972, 55.88666 ], [ -4.2966, 55.88629 ], [ -4.2959, 55.88601 ], [ -4.29423, 55.88562 ], [ -4.2928, 55.88496 ], [ -4.2916, 55.88501 ], [ -4.29124, 55.88488 ], [ -4.29205, 55.88372 ], [ -4.29198, 55.88328 ], [ -4.2927, 55.88331 ], [ -4.29329, 55.88353 ], [ -4.29398, 55.88314 ], [ -4.29425, 55.88327 ], [ -4.29611, 55.88314 ], [ -4.29883, 55.88321 ], [ -4.29905, 55.88362 ], [ -4.30097, 55.88368 ], [ -4.30093, 55.88385 ], [ -4.30206, 55.88389 ], [ -4.30217, 55.8842 ], [ -4.30265, 55.88473 ], [ -4.30375, 55.88532 ], [ -4.30404, 55.88578 ], [ -4.30633, 55.88801 ], [ -4.30592, 55.88794 ], [ -4.30203, 55.888 ], [ -4.29994, 55.88753 ], [ -4.29846, 55.88753 ] ] ] ] } },
{ "type": "Feature", "properties": { "LSOA11_CD": "S01009958", "Neighborhood_Name": "Merrylee and Millbrae - 04", "uk_imd2019_LSOA": "S01009958", "uk_imd2019_Rank": "6525", "uk_imd2019_SOA_pct": "94", "uk_imd2019_SOA_decile": "10" }, "geometry": { "type": "MultiPolygon", "coordinates": [ [ [ [ -4.27226, 55.82354 ], [ -4.27119, 55.8233 ], [ -4.26983, 55.8227 ], [ -4.27021, 55.82258 ], [ -4.27055, 55.82215 ], [ -4.26715, 55.82092 ], [ -4.26799, 55.82041 ], [ -4.26845, 55.81993 ], [ -4.26851, 55.81868 ], [ -4.26821, 55.81854 ], [ -4.26828, 55.81802 ], [ -4.27315, 55.81991 ], [ -4.27272, 55.82025 ], [ -4.27321, 55.82043 ], [ -4.27212, 55.82118 ], [ -4.27251, 55.82158 ], [ -4.27387, 55.82115 ], [ -4.2742, 55.82159 ], [ -4.27612, 55.82187 ], [ -4.27732, 55.82221 ], [ -4.27715, 55.82256 ], [ -4.27757, 55.82264 ], [ -4.27724, 55.82311 ], [ -4.27646, 55.82307 ], [ -4.27584, 55.82361 ], [ -4.27361, 55.82297 ], [ -4.27261, 55.8236 ], [ -4.27226, 55.82354 ] ] ] ] } },
{ "type": "Feature", "properties": { "LSOA11_CD": "S01009859", "Neighborhood_Name": "Ibrox - 01", "uk_imd2019_LSOA": "S01009859", "uk_imd2019_Rank": "185", "uk_imd2019_SOA_pct": "3", "uk_imd2019_SOA_decile": "1" }, "geometry": { "type": "MultiPolygon", "coordinates": [ [ [ [ -4.29855, 55.85665 ], [ -4.30138, 55.8572 ], [ -4.30149, 55.85703 ], [ -4.30259, 55.85728 ], [ -4.30294, 55.85829 ], [ -4.30533, 55.85903 ], [ -4.30646, 55.85924 ], [ -4.30711, 55.858 ], [ -4.30957, 55.8586 ], [ -4.30935, 55.85978 ], [ -4.30925, 55.86097 ], [ -4.30877, 55.86089 ], [ -4.30826, 55.86105 ], [ -4.30715, 55.86086 ], [ -4.30687, 55.8613 ], [ -4.30607, 55.86108 ], [ -4.30574, 55.86143 ], [ -4.3044, 55.86122 ], [ -4.30443, 55.86156 ], [ -4.30354, 55.86161 ], [ -4.3033, 55.86122 ], [ -4.30248, 55.86132 ], [ -4.30304, 55.86247 ], [ -4.30281, 55.86252 ], [ -4.30146, 55.86211 ], [ -4.29918, 55.86119 ], [ -4.29874, 55.86086 ], [ -4.29938, 55.86011 ], [ -4.29773, 55.85963 ], [ -4.29838, 55.85916 ], [ -4.29766, 55.85892 ], [ -4.2975, 55.85871 ], [ -4.29855, 55.85665 ] ] ] ] } },
{ "type": "Feature", "properties": { "LSOA11_CD": "S01010357", "Neighborhood_Name": "Maryhill West - 04", "uk_imd2019_LSOA": "S01010357", "uk_imd2019_Rank": "204", "uk_imd2019_SOA_pct": "3", "uk_imd2019_SOA_decile": "1" }, "geometry": { "type": "MultiPolygon", "coordinates": [ [ [ [ -4.29131, 55.8958 ], [ -4.29138, 55.89548 ], [ -4.29282, 55.89544 ], [ -4.29212, 55.89493 ], [ -4.29203, 55.8943 ], [ -4.29239, 55.89406 ], [ -4.29349, 55.89423 ], [ -4.294, 55.89535 ], [ -4.2965, 55.89529 ], [ -4.29717, 55.89503 ], [ -4.29777, 55.89527 ], [ -4.29858, 55.89499 ], [ -4.29921, 55.89577 ], [ -4.29954, 55.89571 ], [ -4.29956, 55.89621 ], [ -4.3001, 55.89675 ], [ -4.29971, 55.89693 ], [ -4.2993, 55.89655 ], [ -4.29765, 55.89706 ], [ -4.29692, 55.8968 ], [ -4.29638, 55.89636 ], [ -4.29447, 55.8962 ], [ -4.29133, 55.89625 ], [ -4.29131, 55.8958 ] ] ] ] } },
{ "type": "Feature", "properties": { "LSOA11_CD": "S01009935", "Neighborhood_Name": "Pollokshaws - 03", "uk_imd2019_LSOA": "S01009935", "uk_imd2019_Rank": "111", "uk_imd2019_SOA_pct": "2", "uk_imd2019_SOA_decile": "1" }, "geometry": { "type": "MultiPolygon", "coordinates": [ [ [ [ -4.29576, 55.82825 ], [ -4.29605, 55.82726 ], [ -4.29371, 55.82793 ], [ -4.29311, 55.8274 ], [ -4.29271, 55.82681 ], [ -4.29319, 55.82656 ], [ -4.29363, 55.82613 ], [ -4.29318, 55.82558 ], [ -4.29371, 55.82514 ], [ -4.29338, 55.82499 ], [ -4.29352, 55.82454 ], [ -4.29223, 55.82323 ], [ -4.29292, 55.82197 ], [ -4.29456, 55.82117 ], [ -4.29526, 55.82128 ], [ -4.29552, 55.82169 ], [ -4.29514, 55.82234 ], [ -4.29506, 55.82284 ], [ -4.29535, 55.82307 ], [ -4.29659, 55.82327 ], [ -4.29829, 55.82374 ], [ -4.29979, 55.82424 ], [ -4.30015, 55.82447 ], [ -4.29978, 55.82496 ], [ -4.30005, 55.82509 ], [ -4.29751, 55.82763 ], [ -4.29576, 55.82902 ], [ -4.29576, 55.82825 ] ] ] ] } },
{ "type": "Feature", "properties": { "LSOA11_CD": "S01009970", "Neighborhood_Name": "Carmunnock South - 02", "uk_imd2019_LSOA": "S01009970", "uk_imd2019_Rank": "337", "uk_imd2019_SOA_pct": "5", "uk_imd2019_SOA_decile": "1" }, "geometry": { "type": "MultiPolygon", "coordinates": [ [ [ [ -4.24343, 55.80892 ], [ -4.24322, 55.80837 ], [ -4.24386, 55.80832 ], [ -4.24383, 55.80727 ], [ -4.24429, 55.80678 ], [ -4.24653, 55.80591 ], [ -4.2481, 55.806 ], [ -4.24743, 55.80687 ], [ -4.24755, 55.8074 ], [ -4.24723, 55.80866 ], [ -4.24606, 55.80886 ], [ -4.24604, 55.80905 ], [ -4.24519, 55.80904 ], [ -4.24532, 55.80928 ], [ -4.24503, 55.80986 ], [ -4.24448, 55.80993 ], [ -4.24402, 55.80998 ], [ -4.24364, 55.80951 ], [ -4.24343, 55.80892 ] ] ] ] } },
{ "type": "Feature", "properties": { "LSOA11_CD": "S01010023", "Neighborhood_Name": "Gorbals and Hutchesontown - 01", "uk_imd2019_LSOA": "S01010023", "uk_imd2019_Rank": "42", "uk_imd2019_SOA_pct": "1", "uk_imd2019_SOA_decile": "1" }, "geometry": { "type": "MultiPolygon", "coordinates": [ [ [ [ -4.24049, 55.84454 ], [ -4.24071, 55.84392 ], [ -4.24069, 55.84328 ], [ -4.24012, 55.84292 ], [ -4.23878, 55.84254 ], [ -4.23968, 55.84197 ], [ -4.24103, 55.84264 ], [ -4.24293, 55.84329 ], [ -4.24378, 55.84359 ], [ -4.24323, 55.8441 ], [ -4.24405, 55.84432 ], [ -4.2445, 55.84382 ], [ -4.24647, 55.84445 ], [ -4.24585, 55.84505 ], [ -4.24496, 55.84486 ], [ -4.24442, 55.84536 ], [ -4.24288, 55.84492 ], [ -4.24257, 55.84496 ], [ -4.24134, 55.84454 ], [ -4.24049, 55.84454 ] ] ] ] } },
{ "type": "Feature", "properties": { "LSOA11_CD": "S01010378", "Neighborhood_Name": "Kelvingrove and University - 05", "uk_imd2019_LSOA": "S01010378", "uk_imd2019_Rank": "5650", "uk_imd2019_SOA_pct": "81", "uk_imd2019_SOA_decile": "9" }, "geometry": { "type": "MultiPolygon", "coordinates": [ [ [ [ -4.28732, 55.87579 ], [ -4.28766, 55.87533 ], [ -4.28804, 55.87479 ], [ -4.28861, 55.87471 ], [ -4.28946, 55.87489 ], [ -4.28893, 55.87561 ], [ -4.28988, 55.87589 ], [ -4.29031, 55.8757 ], [ -4.29058, 55.87537 ], [ -4.29105, 55.87516 ], [ -4.29141, 55.87528 ], [ -4.2908, 55.87604 ], [ -4.29128, 55.87616 ], [ -4.2904, 55.87608 ], [ -4.28976, 55.87654 ], [ -4.28895, 55.8766 ], [ -4.28869, 55.87693 ], [ -4.28743, 55.87665 ], [ -4.28794, 55.87605 ], [ -4.28732, 55.87579 ] ] ] ] } },
{ "type": "Feature", "properties": { "LSOA11_CD": "S01010014", "Neighborhood_Name": "Mount Florida - 04", "uk_imd2019_LSOA": "S01010014", "uk_imd2019_Rank": "3450", "uk_imd2019_SOA_pct": "49", "uk_imd2019_SOA_decile": "5" }, "geometry": { "type": "MultiPolygon", "coordinates": [ [ [ [ -4.25293, 55.82672 ], [ -4.25358, 55.82662 ], [ -4.25373, 55.82696 ], [ -4.25329, 55.82703 ], [ -4.25349, 55.82748 ], [ -4.25572, 55.82717 ], [ -4.25556, 55.82689 ], [ -4.25782, 55.8265 ], [ -4.25878, 55.82708 ], [ -4.25966, 55.82745 ], [ -4.25967, 55.82789 ], [ -4.25935, 55.82791 ], [ -4.25912, 55.82847 ], [ -4.25853, 55.82835 ], [ -4.25829, 55.82853 ], [ -4.25765, 55.82858 ], [ -4.25652, 55.82908 ], [ -4.25589, 55.82898 ], [ -4.25516, 55.82937 ], [ -4.2553, 55.82984 ], [ -4.25491, 55.83025 ], [ -4.25454, 55.82906 ], [ -4.25358, 55.82906 ], [ -4.25228, 55.82896 ], [ -4.25222, 55.82848 ], [ -4.25287, 55.82825 ], [ -4.25193, 55.82792 ], [ -4.25233, 55.82759 ], [ -4.25244, 55.82719 ], [ -4.25288, 55.82714 ], [ -4.25293, 55.82672 ] ] ] ] } },
{ "type": "Feature", "properties": { "LSOA11_CD": "S01010015", "Neighborhood_Name": "Mount Florida - 05", "uk_imd2019_LSOA": "S01010015", "uk_imd2019_Rank": "4218", "uk_imd2019_SOA_pct": "60", "uk_imd2019_SOA_decile": "7" }, "geometry": { "type": "MultiPolygon", "coordinates": [ [ [ [ -4.25967, 55.82789 ], [ -4.25966, 55.82745 ], [ -4.25878, 55.82708 ], [ -4.25782, 55.8265 ], [ -4.25736, 55.82638 ], [ -4.25742, 55.82593 ], [ -4.25894, 55.826 ], [ -4.25908, 55.82661 ], [ -4.25954, 55.82634 ], [ -4.26016, 55.82642 ], [ -4.26119, 55.82623 ], [ -4.26101, 55.82527 ], [ -4.2612, 55.82485 ], [ -4.26171, 55.82502 ], [ -4.263, 55.82531 ], [ -4.26401, 55.82566 ], [ -4.2657, 55.82685 ], [ -4.26482, 55.82746 ], [ -4.26417, 55.82766 ], [ -4.26172, 55.82787 ], [ -4.26031, 55.82783 ], [ -4.25967, 55.82789 ] ] ] ] } },
{ "type": "Feature", "properties": { "LSOA11_CD": "S01010425", "Neighborhood_Name": "Whiteinch - 03", "uk_imd2019_LSOA": "S01010425", "uk_imd2019_Rank": "343", "uk_imd2019_SOA_pct": "5", "uk_imd2019_SOA_decile": "1" }, "geometry": { "type": "MultiPolygon", "coordinates": [ [ [ [ -4.34442, 55.87675 ], [ -4.34245, 55.8768 ], [ -4.34227, 55.87643 ], [ -4.3411, 55.87612 ], [ -4.34103, 55.87577 ], [ -4.34146, 55.87524 ], [ -4.33844, 55.87441 ], [ -4.33903, 55.87415 ], [ -4.33983, 55.87428 ], [ -4.34067, 55.87321 ], [ -4.34164, 55.87351 ], [ -4.34209, 55.87379 ], [ -4.3438, 55.87457 ], [ -4.34476, 55.87506 ], [ -4.34549, 55.8745 ], [ -4.34593, 55.87466 ], [ -4.34515, 55.87524 ], [ -4.3467, 55.876 ], [ -4.34562, 55.87683 ], [ -4.34653, 55.87701 ], [ -4.34625, 55.87727 ], [ -4.34507, 55.87683 ], [ -4.34442, 55.87675 ] ] ] ] } },
{ "type": "Feature", "properties": { "LSOA11_CD": "S01010025", "Neighborhood_Name": "Gorbals and Hutchesontown - 03", "uk_imd2019_LSOA": "S01010025", "uk_imd2019_Rank": "309", "uk_imd2019_SOA_pct": "4", "uk_imd2019_SOA_decile": "1" }, "geometry": { "type": "MultiPolygon", "coordinates": [ [ [ [ -4.24084, 55.84966 ], [ -4.24095, 55.84957 ], [ -4.24137, 55.84978 ], [ -4.24226, 55.84979 ], [ -4.24294, 55.84968 ], [ -4.24326, 55.84978 ], [ -4.24401, 55.84956 ], [ -4.24407, 55.84903 ], [ -4.24484, 55.84928 ], [ -4.24543, 55.84949 ], [ -4.24657, 55.84835 ], [ -4.24824, 55.84907 ], [ -4.2501, 55.84942 ], [ -4.2495, 55.84962 ], [ -4.2482, 55.84939 ], [ -4.24721, 55.85021 ], [ -4.24881, 55.85068 ], [ -4.24834, 55.85082 ], [ -4.24731, 55.85191 ], [ -4.24762, 55.85208 ], [ -4.24594, 55.85162 ], [ -4.24358, 55.85075 ], [ -4.24291, 55.85054 ], [ -4.24084, 55.84966 ] ] ] ] } },
{ "type": "Feature", "properties": { "LSOA11_CD": "S01010426", "Neighborhood_Name": "Whiteinch - 04", "uk_imd2019_LSOA": "S01010426", "uk_imd2019_Rank": "1406", "uk_imd2019_SOA_pct": "20", "uk_imd2019_SOA_decile": "3" }, "geometry": { "type": "MultiPolygon", "coordinates": [ [ [ [ -4.34537, 55.8785 ], [ -4.34443, 55.8781 ], [ -4.34389, 55.87817 ], [ -4.34285, 55.87774 ], [ -4.34408, 55.87712 ], [ -4.34418, 55.87694 ], [ -4.34442, 55.87675 ], [ -4.34507, 55.87683 ], [ -4.34625, 55.87727 ], [ -4.34653, 55.87701 ], [ -4.34562, 55.87683 ], [ -4.3467, 55.876 ], [ -4.3474, 55.87634 ], [ -4.34821, 55.87562 ], [ -4.34983, 55.87611 ], [ -4.34828, 55.87732 ], [ -4.34772, 55.87748 ], [ -4.34705, 55.87721 ], [ -4.34669, 55.87744 ], [ -4.34792, 55.87794 ], [ -4.34751, 55.87827 ], [ -4.34699, 55.87811 ], [ -4.34655, 55.8785 ], [ -4.34572, 55.87822 ], [ -4.34537, 55.8785 ] ] ] ] } },
{ "type": "Feature", "properties": { "LSOA11_CD": "S01010027", "Neighborhood_Name": "Gorbals and Hutchesontown - 05", "uk_imd2019_LSOA": "S01010027", "uk_imd2019_Rank": "2188", "uk_imd2019_SOA_pct": "31", "uk_imd2019_SOA_decile": "4" }, "geometry": { "type": "MultiPolygon", "coordinates": [ [ [ [ -4.24484, 55.84928 ], [ -4.24607, 55.84817 ], [ -4.24553, 55.84797 ], [ -4.24647, 55.84706 ], [ -4.24707, 55.84722 ], [ -4.24766, 55.84665 ], [ -4.25154, 55.84774 ], [ -4.2501, 55.84942 ], [ -4.24824, 55.84907 ], [ -4.24657, 55.84835 ], [ -4.24543, 55.84949 ], [ -4.24484, 55.84928 ] ] ] ] } },
{ "type": "Feature", "properties": { "LSOA11_CD": "S01009943", "Neighborhood_Name": "Carnwadric West - 05", "uk_imd2019_LSOA": "S01009943", "uk_imd2019_Rank": "163", "uk_imd2019_SOA_pct": "2", "uk_imd2019_SOA_decile": "1" }, "geometry": { "type": "MultiPolygon", "coordinates": [ [ [ [ -4.31313, 55.80987 ], [ -4.31391, 55.80963 ], [ -4.31519, 55.80956 ], [ -4.315, 55.8086 ], [ -4.31926, 55.80831 ], [ -4.31942, 55.80825 ], [ -4.32274, 55.80802 ], [ -4.3228, 55.80836 ], [ -4.32451, 55.80831 ], [ -4.32448, 55.80882 ], [ -4.32427, 55.80932 ], [ -4.32333, 55.80964 ], [ -4.32292, 55.80991 ], [ -4.32344, 55.81013 ], [ -4.32265, 55.81075 ], [ -4.32162, 55.81061 ], [ -4.32064, 55.81061 ], [ -4.31801, 55.81085 ], [ -4.3179, 55.81001 ], [ -4.31942, 55.81018 ], [ -4.31967, 55.8096 ], [ -4.31842, 55.80947 ], [ -4.31845, 55.80913 ], [ -4.31758, 55.80907 ], [ -4.31757, 55.80938 ], [ -4.31627, 55.8093 ], [ -4.31586, 55.80992 ], [ -4.31403, 55.81 ], [ -4.31358, 55.81012 ], [ -4.31313, 55.80987 ] ] ] ] } },
{ "type": "Feature", "properties": { "LSOA11_CD": "S01010428", "Neighborhood_Name": "Scotstoun North and East - 02", "uk_imd2019_LSOA": "S01010428", "uk_imd2019_Rank": "5417", "uk_imd2019_SOA_pct": "78", "uk_imd2019_SOA_decile": "8" }, "geometry": { "type": "MultiPolygon", "coordinates": [ [ [ [ -4.34867, 55.88403 ], [ -4.34738, 55.88376 ], [ -4.34473, 55.88314 ], [ -4.3418, 55.88249 ], [ -4.34147, 55.88235 ], [ -4.34049, 55.8822 ], [ -4.33811, 55.88207 ], [ -4.33752, 55.88211 ], [ -4.33708, 55.88104 ], [ -4.33734, 55.88035 ], [ -4.33781, 55.87952 ], [ -4.33865, 55.87892 ], [ -4.33917, 55.87916 ], [ -4.34158, 55.88008 ], [ -4.34428, 55.88093 ], [ -4.3456, 55.88128 ], [ -4.34561, 55.88093 ], [ -4.34593, 55.88048 ], [ -4.3477, 55.88107 ], [ -4.34813, 55.88077 ], [ -4.34868, 55.88096 ], [ -4.34917, 55.88057 ], [ -4.34986, 55.8808 ], [ -4.34963, 55.88126 ], [ -4.34906, 55.88175 ], [ -4.35017, 55.88199 ], [ -4.35006, 55.88235 ], [ -4.35009, 55.88367 ], [ -4.35039, 55.88438 ], [ -4.34867, 55.88403 ] ] ] ] } },
{ "type": "Feature", "properties": { "LSOA11_CD": "S01010429", "Neighborhood_Name": "Scotstoun North and East - 03", "uk_imd2019_LSOA": "S01010429", "uk_imd2019_Rank": "6179", "uk_imd2019_SOA_pct": "89", "uk_imd2019_SOA_decile": "9" }, "geometry": { "type": "MultiPolygon", "coordinates": [ [ [ [ -4.34561, 55.88093 ], [ -4.34458, 55.88063 ], [ -4.34656, 55.87899 ], [ -4.34537, 55.8785 ], [ -4.34572, 55.87822 ], [ -4.34655, 55.8785 ], [ -4.34699, 55.87811 ], [ -4.34751, 55.87827 ], [ -4.34792, 55.87794 ], [ -4.34973, 55.87863 ], [ -4.35164, 55.87943 ], [ -4.35139, 55.8797 ], [ -4.35332, 55.88045 ], [ -4.353, 55.88074 ], [ -4.35334, 55.8809 ], [ -4.35267, 55.88148 ], [ -4.3517, 55.88107 ], [ -4.35109, 55.88118 ], [ -4.35126, 55.88084 ], [ -4.35051, 55.8808 ], [ -4.35017, 55.88199 ], [ -4.34906, 55.88175 ], [ -4.34963, 55.88126 ], [ -4.34986, 55.8808 ], [ -4.34917, 55.88057 ], [ -4.34868, 55.88096 ], [ -4.34813, 55.88077 ], [ -4.3477, 55.88107 ], [ -4.34593, 55.88048 ], [ -4.34561, 55.88093 ] ] ] ] } },
{ "type": "Feature", "properties": { "LSOA11_CD": "S01010430", "Neighborhood_Name": "Scotstoun North and East - 04", "uk_imd2019_LSOA": "S01010430", "uk_imd2019_Rank": "890", "uk_imd2019_SOA_pct": "13", "uk_imd2019_SOA_decile": "2" }, "geometry": { "type": "MultiPolygon", "coordinates": [ [ [ [ -4.35109, 55.88118 ], [ -4.3517, 55.88107 ], [ -4.35267, 55.88148 ], [ -4.35334, 55.8809 ], [ -4.35375, 55.88106 ], [ -4.35351, 55.88138 ], [ -4.35453, 55.88178 ], [ -4.35489, 55.88154 ], [ -4.35536, 55.88166 ], [ -4.35595, 55.8811 ], [ -4.35836, 55.88181 ], [ -4.3579, 55.88238 ], [ -4.35848, 55.88254 ], [ -4.35799, 55.88312 ], [ -4.3571, 55.88277 ], [ -4.35673, 55.88321 ], [ -4.35487, 55.88265 ], [ -4.3537, 55.88262 ], [ -4.35335, 55.88286 ], [ -4.35182, 55.8823 ], [ -4.3513, 55.88257 ], [ -4.35083, 55.88215 ], [ -4.35109, 55.88118 ] ] ] ] } },
{ "type": "Feature", "properties": { "LSOA11_CD": "S01009997", "Neighborhood_Name": "Kingspark South - 05", "uk_imd2019_LSOA": "S01009997", "uk_imd2019_Rank": "3500", "uk_imd2019_SOA_pct": "50", "uk_imd2019_SOA_decile": "6" }, "geometry": { "type": "MultiPolygon", "coordinates": [ [ [ [ -4.23371, 55.81861 ], [ -4.23084, 55.81843 ], [ -4.22782, 55.81818 ], [ -4.22859, 55.818 ], [ -4.229, 55.81785 ], [ -4.22822, 55.81733 ], [ -4.22791, 55.81674 ], [ -4.22913, 55.81656 ], [ -4.22938, 55.81606 ], [ -4.22989, 55.81615 ], [ -4.23022, 55.81592 ], [ -4.23227, 55.81693 ], [ -4.23187, 55.81714 ], [ -4.233, 55.81776 ], [ -4.2331, 55.81812 ], [ -4.23557, 55.81828 ], [ -4.23558, 55.81787 ], [ -4.23616, 55.8179 ], [ -4.23608, 55.81828 ], [ -4.23574, 55.81825 ], [ -4.2356, 55.81873 ], [ -4.23371, 55.81861 ] ] ] ] } },
{ "type": "Feature", "properties": { "LSOA11_CD": "S01010431", "Neighborhood_Name": "Scotstoun North and East - 05", "uk_imd2019_LSOA": "S01010431", "uk_imd2019_Rank": "6758", "uk_imd2019_SOA_pct": "97", "uk_imd2019_SOA_decile": "10" }, "geometry": { "type": "MultiPolygon", "coordinates": [ [ [ [ -4.33865, 55.87892 ], [ -4.33753, 55.87841 ], [ -4.33823, 55.87795 ], [ -4.33867, 55.87815 ], [ -4.33911, 55.87783 ], [ -4.33976, 55.8781 ], [ -4.34088, 55.87736 ], [ -4.34172, 55.87773 ], [ -4.34318, 55.8769 ], [ -4.34418, 55.87694 ], [ -4.34408, 55.87712 ], [ -4.34285, 55.87774 ], [ -4.34389, 55.87817 ], [ -4.34443, 55.8781 ], [ -4.34537, 55.8785 ], [ -4.34656, 55.87899 ], [ -4.34458, 55.88063 ], [ -4.34561, 55.88093 ], [ -4.3456, 55.88128 ], [ -4.34428, 55.88093 ], [ -4.34158, 55.88008 ], [ -4.33917, 55.87916 ], [ -4.33865, 55.87892 ] ] ] ] } },
{ "type": "Feature", "properties": { "LSOA11_CD": "S01010432", "Neighborhood_Name": "Scotstoun South and West - 01", "uk_imd2019_LSOA": "S01010432", "uk_imd2019_Rank": "1222", "uk_imd2019_SOA_pct": "18", "uk_imd2019_SOA_decile": "2" }, "geometry": { "type": "MultiPolygon", "coordinates": [ [ [ [ -4.3635, 55.88285 ], [ -4.36093, 55.88245 ], [ -4.35836, 55.88181 ], [ -4.35595, 55.8811 ], [ -4.35531, 55.88082 ], [ -4.35532, 55.88048 ], [ -4.35591, 55.88022 ], [ -4.35659, 55.88037 ], [ -4.35678, 55.8802 ], [ -4.3578, 55.88055 ], [ -4.35972, 55.88108 ], [ -4.36212, 55.88205 ], [ -4.36231, 55.88177 ], [ -4.36327, 55.8812 ], [ -4.36464, 55.88182 ], [ -4.36501, 55.88213 ], [ -4.36654, 55.881 ], [ -4.367, 55.88084 ], [ -4.36906, 55.88182 ], [ -4.36806, 55.88245 ], [ -4.36764, 55.88227 ], [ -4.36709, 55.88268 ], [ -4.36787, 55.88296 ], [ -4.36736, 55.88341 ], [ -4.36682, 55.88317 ], [ -4.36592, 55.88302 ], [ -4.3635, 55.88285 ] ] ] ] } },
{ "type": "Feature", "properties": { "LSOA11_CD": "S01010434", "Neighborhood_Name": "Scotstoun South and West - 03", "uk_imd2019_LSOA": "S01010434", "uk_imd2019_Rank": "195", "uk_imd2019_SOA_pct": "3", "uk_imd2019_SOA_decile": "1" }, "geometry": { "type": "MultiPolygon", "coordinates": [ [ [ [ -4.35334, 55.8809 ], [ -4.353, 55.88074 ], [ -4.35332, 55.88045 ], [ -4.35373, 55.88063 ], [ -4.35403, 55.88033 ], [ -4.35331, 55.88007 ], [ -4.35365, 55.87975 ], [ -4.35197, 55.87913 ], [ -4.35271, 55.87867 ], [ -4.35678, 55.8802 ], [ -4.35659, 55.88037 ], [ -4.35591, 55.88022 ], [ -4.35532, 55.88048 ], [ -4.35531, 55.88082 ], [ -4.35595, 55.8811 ], [ -4.35536, 55.88166 ], [ -4.35489, 55.88154 ], [ -4.35453, 55.88178 ], [ -4.35351, 55.88138 ], [ -4.35375, 55.88106 ], [ -4.35334, 55.8809 ] ] ] ] } },
{ "type": "Feature", "properties": { "LSOA11_CD": "S01010435", "Neighborhood_Name": "Scotstoun South and West - 04", "uk_imd2019_LSOA": "S01010435", "uk_imd2019_Rank": "1707", "uk_imd2019_SOA_pct": "24", "uk_imd2019_SOA_decile": "3" }, "geometry": { "type": "MultiPolygon", "coordinates": [ [ [ [ -4.36184, 55.88761 ], [ -4.36165, 55.88691 ], [ -4.35452, 55.88531 ], [ -4.35537, 55.88528 ], [ -4.3566, 55.88502 ], [ -4.35771, 55.88467 ], [ -4.35829, 55.88494 ], [ -4.35851, 55.88435 ], [ -4.36209, 55.88292 ], [ -4.36078, 55.88262 ], [ -4.36093, 55.88245 ], [ -4.3635, 55.88285 ], [ -4.36505, 55.88413 ], [ -4.36601, 55.88466 ], [ -4.36574, 55.88497 ], [ -4.36582, 55.88537 ], [ -4.36555, 55.88575 ], [ -4.36453, 55.88584 ], [ -4.36367, 55.88646 ], [ -4.36376, 55.88686 ], [ -4.36309, 55.88658 ], [ -4.36241, 55.88562 ], [ -4.36204, 55.88577 ], [ -4.36127, 55.88563 ], [ -4.36204, 55.88697 ], [ -4.36354, 55.88729 ], [ -4.36313, 55.88788 ], [ -4.36184, 55.88761 ] ] ] ] } },
{ "type": "Feature", "properties": { "LSOA11_CD": "S01010028", "Neighborhood_Name": "Gorbals and Hutchesontown - 06", "uk_imd2019_LSOA": "S01010028", "uk_imd2019_Rank": "490", "uk_imd2019_SOA_pct": "7", "uk_imd2019_SOA_decile": "1" }, "geometry": { "type": "MultiPolygon", "coordinates": [ [ [ [ -4.24647, 55.84706 ], [ -4.24537, 55.847 ], [ -4.24436, 55.84661 ], [ -4.24387, 55.84704 ], [ -4.24299, 55.84623 ], [ -4.24195, 55.84711 ], [ -4.24091, 55.84673 ], [ -4.24116, 55.84644 ], [ -4.24114, 55.84604 ], [ -4.24028, 55.84571 ], [ -4.23969, 55.84584 ], [ -4.23813, 55.84696 ], [ -4.23794, 55.84691 ], [ -4.23884, 55.84628 ], [ -4.23993, 55.84522 ], [ -4.24049, 55.84454 ], [ -4.24134, 55.84454 ], [ -4.24257, 55.84496 ], [ -4.24288, 55.84492 ], [ -4.24442, 55.84536 ], [ -4.24473, 55.84569 ], [ -4.24561, 55.84596 ], [ -4.24708, 55.84651 ], [ -4.24766, 55.84665 ], [ -4.24707, 55.84722 ], [ -4.24647, 55.84706 ] ] ] ] } },
{ "type": "Feature", "properties": { "LSOA11_CD": "S01010488", "Neighborhood_Name": "Drumchapel South - 01", "uk_imd2019_LSOA": "S01010488", "uk_imd2019_Rank": "429", "uk_imd2019_SOA_pct": "6", "uk_imd2019_SOA_decile": "1" }, "geometry": { "type": "MultiPolygon", "coordinates": [ [ [ [ -4.34857, 55.9087 ], [ -4.34887, 55.90631 ], [ -4.35052, 55.90613 ], [ -4.35055, 55.90576 ], [ -4.35139, 55.90563 ], [ -4.35173, 55.90596 ], [ -4.3534, 55.90564 ], [ -4.35614, 55.90504 ], [ -4.35624, 55.90523 ], [ -4.35492, 55.90655 ], [ -4.35614, 55.90694 ], [ -4.3557, 55.90737 ], [ -4.357, 55.90789 ], [ -4.35722, 55.90822 ], [ -4.3572, 55.90861 ], [ -4.3567, 55.90861 ], [ -4.35613, 55.90896 ], [ -4.35573, 55.90862 ], [ -4.35472, 55.90887 ], [ -4.35413, 55.90879 ], [ -4.3535, 55.9083 ], [ -4.35332, 55.90792 ], [ -4.35219, 55.9083 ], [ -4.35199, 55.90799 ], [ -4.3533, 55.90756 ], [ -4.35289, 55.90727 ], [ -4.35153, 55.9077 ], [ -4.3511, 55.90774 ], [ -4.34857, 55.9087 ] ] ] ] } },
{ "type": "Feature", "properties": { "LSOA11_CD": "S01010049", "Neighborhood_Name": "Parkhead West and Barrowfield - 01", "uk_imd2019_LSOA": "S01010049", "uk_imd2019_Rank": "286", "uk_imd2019_SOA_pct": "4", "uk_imd2019_SOA_decile": "1" }, "geometry": { "type": "MultiPolygon", "coordinates": [ [ [ [ -4.18916, 55.85209 ], [ -4.19115, 55.85187 ], [ -4.19094, 55.85143 ], [ -4.19093, 55.85075 ], [ -4.19041, 55.85069 ], [ -4.19037, 55.84974 ], [ -4.1908, 55.84975 ], [ -4.19078, 55.84917 ], [ -4.19175, 55.84956 ], [ -4.19194, 55.84938 ], [ -4.19254, 55.84958 ], [ -4.19225, 55.84979 ], [ -4.19273, 55.85006 ], [ -4.19386, 55.85038 ], [ -4.19404, 55.8501 ], [ -4.19732, 55.85117 ], [ -4.19647, 55.85106 ], [ -4.1947, 55.85095 ], [ -4.1931, 55.85096 ], [ -4.19317, 55.85119 ], [ -4.19393, 55.85141 ], [ -4.19383, 55.85212 ], [ -4.19222, 55.85228 ], [ -4.19228, 55.85281 ], [ -4.18933, 55.85269 ], [ -4.18916, 55.85209 ] ] ] ] } },
{ "type": "Feature", "properties": { "LSOA11_CD": "S01010495", "Neighborhood_Name": "Drumchapel North - 05", "uk_imd2019_LSOA": "S01010495", "uk_imd2019_Rank": "59", "uk_imd2019_SOA_pct": "1", "uk_imd2019_SOA_decile": "1" }, "geometry": { "type": "MultiPolygon", "coordinates": [ [ [ [ -4.35106, 55.91287 ], [ -4.35152, 55.91283 ], [ -4.35137, 55.91226 ], [ -4.35167, 55.91161 ], [ -4.35249, 55.91173 ], [ -4.35321, 55.91142 ], [ -4.35654, 55.91141 ], [ -4.35697, 55.91095 ], [ -4.35675, 55.91051 ], [ -4.35843, 55.91046 ], [ -4.35886, 55.91077 ], [ -4.35855, 55.91115 ], [ -4.35767, 55.91089 ], [ -4.35743, 55.91113 ], [ -4.35835, 55.91147 ], [ -4.35793, 55.91194 ], [ -4.35872, 55.91223 ], [ -4.35816, 55.91272 ], [ -4.35729, 55.91281 ], [ -4.35755, 55.91339 ], [ -4.35554, 55.91389 ], [ -4.35128, 55.91415 ], [ -4.34967, 55.9137 ], [ -4.34993, 55.91346 ], [ -4.35058, 55.9135 ], [ -4.35106, 55.91287 ] ] ] ] } },
{ "type": "Feature", "properties": { "LSOA11_CD": "S01010060", "Neighborhood_Name": "Parkhead East and Braidfauld North - 05", "uk_imd2019_LSOA": "S01010060", "uk_imd2019_Rank": "724", "uk_imd2019_SOA_pct": "10", "uk_imd2019_SOA_decile": "2" }, "geometry": { "type": "MultiPolygon", "coordinates": [ [ [ [ -4.19254, 55.84958 ], [ -4.19194, 55.84938 ], [ -4.19175, 55.84956 ], [ -4.19078, 55.84917 ], [ -4.18967, 55.84914 ], [ -4.18813, 55.84974 ], [ -4.18681, 55.84973 ], [ -4.18539, 55.84945 ], [ -4.1849, 55.84927 ], [ -4.18507, 55.84877 ], [ -4.18553, 55.84802 ], [ -4.18634, 55.8473 ], [ -4.18711, 55.8476 ], [ -4.18746, 55.84732 ], [ -4.19033, 55.84844 ], [ -4.19048, 55.84815 ], [ -4.18951, 55.8478 ], [ -4.19007, 55.84737 ], [ -4.1909, 55.84748 ], [ -4.1915, 55.84774 ], [ -4.19402, 55.84831 ], [ -4.19342, 55.84932 ], [ -4.19425, 55.84957 ], [ -4.19381, 55.85001 ], [ -4.19254, 55.84958 ] ] ] ] } },
{ "type": "Feature", "properties": { "LSOA11_CD": "S01010094", "Neighborhood_Name": "Garrowhill West - 01", "uk_imd2019_LSOA": "S01010094", "uk_imd2019_Rank": "4364", "uk_imd2019_SOA_pct": "63", "uk_imd2019_SOA_decile": "7" }, "geometry": { "type": "MultiPolygon", "coordinates": [ [ [ [ -4.11214, 55.85049 ], [ -4.11254, 55.85041 ], [ -4.11324, 55.84986 ], [ -4.11386, 55.84991 ], [ -4.11421, 55.84956 ], [ -4.1151, 55.84971 ], [ -4.11568, 55.84986 ], [ -4.11657, 55.84988 ], [ -4.11655, 55.85013 ], [ -4.1181, 55.85023 ], [ -4.11757, 55.85075 ], [ -4.11818, 55.85114 ], [ -4.11755, 55.85145 ], [ -4.11828, 55.85182 ], [ -4.11833, 55.85216 ], [ -4.11893, 55.85226 ], [ -4.11915, 55.85283 ], [ -4.11831, 55.85346 ], [ -4.11785, 55.85304 ], [ -4.11719, 55.85321 ], [ -4.11679, 55.85286 ], [ -4.11485, 55.8525 ], [ -4.11424, 55.85267 ], [ -4.11402, 55.85244 ], [ -4.11301, 55.85214 ], [ -4.11107, 55.85168 ], [ -4.11141, 55.85118 ], [ -4.11214, 55.85049 ] ] ] ] } },
{ "type": "Feature", "properties": { "LSOA11_CD": "S01010280", "Neighborhood_Name": "Anderston - 05", "uk_imd2019_LSOA": "S01010280", "uk_imd2019_Rank": "4437", "uk_imd2019_SOA_pct": "64", "uk_imd2019_SOA_decile": "7" }, "geometry": { "type": "MultiPolygon", "coordinates": [ [ [ [ -4.27131, 55.86625 ], [ -4.27132, 55.86613 ], [ -4.27224, 55.86609 ], [ -4.2724, 55.86575 ], [ -4.27333, 55.86569 ], [ -4.27374, 55.86528 ], [ -4.27352, 55.86458 ], [ -4.27385, 55.8643 ], [ -4.27471, 55.86399 ], [ -4.2751, 55.86373 ], [ -4.27521, 55.86419 ], [ -4.27586, 55.86356 ], [ -4.27651, 55.8635 ], [ -4.27761, 55.86343 ], [ -4.27766, 55.86361 ], [ -4.27962, 55.86349 ], [ -4.27975, 55.86405 ], [ -4.27847, 55.86416 ], [ -4.27865, 55.86496 ], [ -4.28002, 55.86488 ], [ -4.28023, 55.86568 ], [ -4.27872, 55.8658 ], [ -4.27208, 55.86626 ], [ -4.27131, 55.86625 ] ] ] ] } },
{ "type": "Feature", "properties": { "LSOA11_CD": "S01010281", "Neighborhood_Name": "Anderston - 06", "uk_imd2019_LSOA": "S01010281", "uk_imd2019_Rank": "5274", "uk_imd2019_SOA_pct": "76", "uk_imd2019_SOA_decile": "8" }, "geometry": { "type": "MultiPolygon", "coordinates": [ [ [ [ -4.27132, 55.86613 ], [ -4.27131, 55.86571 ], [ -4.27088, 55.86397 ], [ -4.27047, 55.86301 ], [ -4.2723, 55.86306 ], [ -4.27385, 55.86304 ], [ -4.27388, 55.86337 ], [ -4.27496, 55.86334 ], [ -4.2751, 55.86373 ], [ -4.27471, 55.86399 ], [ -4.27385, 55.8643 ], [ -4.27352, 55.86458 ], [ -4.27374, 55.86528 ], [ -4.27333, 55.86569 ], [ -4.2724, 55.86575 ], [ -4.27224, 55.86609 ], [ -4.27132, 55.86613 ] ] ] ] } },
{ "type": "Feature", "properties": { "LSOA11_CD": "S01010282", "Neighborhood_Name": "Finnieston and Kelvinhaugh - 01", "uk_imd2019_LSOA": "S01010282", "uk_imd2019_Rank": "1390", "uk_imd2019_SOA_pct": "20", "uk_imd2019_SOA_decile": "2" }, "geometry": { "type": "MultiPolygon", "coordinates": [ [ [ [ -4.2913, 55.86772 ], [ -4.29008, 55.86662 ], [ -4.29058, 55.86672 ], [ -4.2908, 55.86597 ], [ -4.28996, 55.86581 ], [ -4.29256, 55.86479 ], [ -4.29249, 55.86535 ], [ -4.29288, 55.86547 ], [ -4.29289, 55.86619 ], [ -4.29241, 55.86621 ], [ -4.29233, 55.8665 ], [ -4.29144, 55.86646 ], [ -4.29143, 55.86679 ], [ -4.29332, 55.86702 ], [ -4.29327, 55.86726 ], [ -4.29414, 55.86745 ], [ -4.29522, 55.86783 ], [ -4.29666, 55.86799 ], [ -4.29741, 55.86856 ], [ -4.29638, 55.86903 ], [ -4.29445, 55.86959 ], [ -4.29353, 55.8693 ], [ -4.29289, 55.86894 ], [ -4.2913, 55.86772 ] ] ] ] } },
{ "type": "Feature", "properties": { "LSOA11_CD": "S01009876", "Neighborhood_Name": "Pollokshields West - 02", "uk_imd2019_LSOA": "S01009876", "uk_imd2019_Rank": "738", "uk_imd2019_SOA_pct": "11", "uk_imd2019_SOA_decile": "2" }, "geometry": { "type": "MultiPolygon", "coordinates": [ [ [ [ -4.27482, 55.84696 ], [ -4.27526, 55.84587 ], [ -4.27506, 55.84584 ], [ -4.27541, 55.8445 ], [ -4.27688, 55.84467 ], [ -4.28024, 55.84515 ], [ -4.27985, 55.84632 ], [ -4.27881, 55.84626 ], [ -4.27891, 55.84591 ], [ -4.27768, 55.8458 ], [ -4.2776, 55.84612 ], [ -4.27773, 55.84695 ], [ -4.27482, 55.84696 ] ] ] ] } },
{ "type": "Feature", "properties": { "LSOA11_CD": "S01010166", "Neighborhood_Name": "Craigend and Ruchazie - 02", "uk_imd2019_LSOA": "S01010166", "uk_imd2019_Rank": "1473", "uk_imd2019_SOA_pct": "21", "uk_imd2019_SOA_decile": "3" }, "geometry": { "type": "MultiPolygon", "coordinates": [ [ [ [ -4.15226, 55.87455 ], [ -4.1518, 55.87428 ], [ -4.15158, 55.8739 ], [ -4.1516, 55.87352 ], [ -4.14968, 55.87381 ], [ -4.14905, 55.8724 ], [ -4.14871, 55.87169 ], [ -4.14691, 55.87198 ], [ -4.14653, 55.87125 ], [ -4.15149, 55.8708 ], [ -4.15601, 55.87106 ], [ -4.156, 55.87131 ], [ -4.15716, 55.87152 ], [ -4.15767, 55.87181 ], [ -4.15845, 55.87254 ], [ -4.15869, 55.87314 ], [ -4.15813, 55.87425 ], [ -4.15725, 55.87512 ], [ -4.15663, 55.87524 ], [ -4.15713, 55.87477 ], [ -4.15674, 55.87469 ], [ -4.1572, 55.87421 ], [ -4.15604, 55.87376 ], [ -4.15584, 55.87401 ], [ -4.15433, 55.87355 ], [ -4.15443, 55.87415 ], [ -4.15417, 55.8742 ], [ -4.15398, 55.87565 ], [ -4.15336, 55.87563 ], [ -4.15327, 55.87435 ], [ -4.15226, 55.87455 ] ] ] ] } },
{ "type": "Feature", "properties": { "LSOA11_CD": "S01009829", "Neighborhood_Name": "Hillington - 01", "uk_imd2019_LSOA": "S01009829", "uk_imd2019_Rank": "953", "uk_imd2019_SOA_pct": "14", "uk_imd2019_SOA_decile": "2" }, "geometry": { "type": "MultiPolygon", "coordinates": [ [ [ [ -4.35715, 55.85441 ], [ -4.35728, 55.85399 ], [ -4.35575, 55.85382 ], [ -4.35552, 55.85349 ], [ -4.35542, 55.85293 ], [ -4.35469, 55.85219 ], [ -4.3557, 55.85191 ], [ -4.35615, 55.85217 ], [ -4.35722, 55.85199 ], [ -4.35757, 55.8517 ], [ -4.35968, 55.85204 ], [ -4.36057, 55.85213 ], [ -4.36074, 55.85182 ], [ -4.36132, 55.85196 ], [ -4.36182, 55.85171 ], [ -4.36231, 55.85155 ], [ -4.36286, 55.85147 ], [ -4.36308, 55.852 ], [ -4.36366, 55.85219 ], [ -4.36438, 55.85297 ], [ -4.36484, 55.85365 ], [ -4.36544, 55.85423 ], [ -4.36444, 55.85439 ], [ -4.3642, 55.85514 ], [ -4.36108, 55.85483 ], [ -4.35715, 55.85441 ] ] ] ] } },
{ "type": "Feature", "properties": { "LSOA11_CD": "S01009830", "Neighborhood_Name": "Hillington - 02", "uk_imd2019_LSOA": "S01009830", "uk_imd2019_Rank": "1841", "uk_imd2019_SOA_pct": "26", "uk_imd2019_SOA_decile": "3" }, "geometry": { "type": "MultiPolygon", "coordinates": [ [ [ [ -4.34609, 55.85216 ], [ -4.34961, 55.8525 ], [ -4.34937, 55.85216 ], [ -4.35012, 55.85189 ], [ -4.35042, 55.85162 ], [ -4.35118, 55.85178 ], [ -4.35139, 55.85149 ], [ -4.35229, 55.85163 ], [ -4.35284, 55.85197 ], [ -4.35337, 55.85201 ], [ -4.35469, 55.85219 ], [ -4.35542, 55.85293 ], [ -4.35552, 55.85349 ], [ -4.35575, 55.85382 ], [ -4.35728, 55.85399 ], [ -4.35715, 55.85441 ], [ -4.35369, 55.85405 ], [ -4.34944, 55.85364 ], [ -4.34955, 55.85321 ], [ -4.34709, 55.853 ], [ -4.34649, 55.85284 ], [ -4.34617, 55.85254 ], [ -4.34609, 55.85216 ] ] ] ] } },
{ "type": "Feature", "properties": { "LSOA11_CD": "S01009903", "Neighborhood_Name": "Battlefield - 05", "uk_imd2019_LSOA": "S01009903", "uk_imd2019_Rank": "2761", "uk_imd2019_SOA_pct": "40", "uk_imd2019_SOA_decile": "4" }, "geometry": { "type": "MultiPolygon", "coordinates": [ [ [ [ -4.26046, 55.83456 ], [ -4.25873, 55.83424 ], [ -4.25868, 55.83391 ], [ -4.25778, 55.83376 ], [ -4.25675, 55.83337 ], [ -4.25645, 55.83306 ], [ -4.25574, 55.83308 ], [ -4.25566, 55.83279 ], [ -4.25549, 55.83262 ], [ -4.25532, 55.83183 ], [ -4.25563, 55.83174 ], [ -4.25762, 55.83208 ], [ -4.25775, 55.83181 ], [ -4.25911, 55.83204 ], [ -4.25908, 55.83149 ], [ -4.25953, 55.83107 ], [ -4.26122, 55.8315 ], [ -4.26164, 55.83099 ], [ -4.26238, 55.83032 ], [ -4.26329, 55.83049 ], [ -4.26311, 55.83154 ], [ -4.26338, 55.83211 ], [ -4.26406, 55.83283 ], [ -4.26335, 55.83419 ], [ -4.26283, 55.83505 ], [ -4.26046, 55.83456 ] ] ] ] } },
{ "type": "Feature", "properties": { "LSOA11_CD": "S01010000", "Neighborhood_Name": "Kingspark North - 02", "uk_imd2019_LSOA": "S01010000", "uk_imd2019_Rank": "3695", "uk_imd2019_SOA_pct": "53", "uk_imd2019_SOA_decile": "6" }, "geometry": { "type": "MultiPolygon", "coordinates": [ [ [ [ -4.23873, 55.82485 ], [ -4.23671, 55.82445 ], [ -4.23502, 55.82417 ], [ -4.2352, 55.82387 ], [ -4.23511, 55.82311 ], [ -4.23736, 55.82359 ], [ -4.23788, 55.82299 ], [ -4.23909, 55.8231 ], [ -4.24021, 55.82309 ], [ -4.24024, 55.82343 ], [ -4.2418, 55.82388 ], [ -4.24223, 55.8239 ], [ -4.24226, 55.82409 ], [ -4.24306, 55.82424 ], [ -4.24333, 55.82463 ], [ -4.24099, 55.82423 ], [ -4.24054, 55.82446 ], [ -4.23875, 55.82416 ], [ -4.23858, 55.82447 ], [ -4.24187, 55.82508 ], [ -4.24268, 55.82539 ], [ -4.24205, 55.82575 ], [ -4.24085, 55.82521 ], [ -4.23873, 55.82485 ] ] ] ] } },
{ "type": "Feature", "properties": { "LSOA11_CD": "S01010001", "Neighborhood_Name": "Kingspark North - 03", "uk_imd2019_LSOA": "S01010001", "uk_imd2019_Rank": "3303", "uk_imd2019_SOA_pct": "47", "uk_imd2019_SOA_decile": "5" }, "geometry": { "type": "MultiPolygon", "coordinates": [ [ [ [ -4.2352, 55.82387 ], [ -4.23491, 55.8238 ], [ -4.23359, 55.81995 ], [ -4.23352, 55.81943 ], [ -4.23371, 55.81861 ], [ -4.2356, 55.81873 ], [ -4.23906, 55.81894 ], [ -4.23898, 55.81935 ], [ -4.2374, 55.8193 ], [ -4.23731, 55.81965 ], [ -4.23662, 55.81963 ], [ -4.23661, 55.82001 ], [ -4.23757, 55.82032 ], [ -4.23752, 55.82075 ], [ -4.23709, 55.82074 ], [ -4.23704, 55.82108 ], [ -4.23899, 55.82108 ], [ -4.23926, 55.82141 ], [ -4.23648, 55.82138 ], [ -4.23648, 55.82157 ], [ -4.23703, 55.82193 ], [ -4.23759, 55.82206 ], [ -4.2381, 55.82256 ], [ -4.23788, 55.82299 ], [ -4.23736, 55.82359 ], [ -4.23511, 55.82311 ], [ -4.2352, 55.82387 ] ] ] ] } },
{ "type": "Feature", "properties": { "LSOA11_CD": "S01009948", "Neighborhood_Name": "Newlands - 01", "uk_imd2019_LSOA": "S01009948", "uk_imd2019_Rank": "369", "uk_imd2019_SOA_pct": "5", "uk_imd2019_SOA_decile": "1" }, "geometry": { "type": "MultiPolygon", "coordinates": [ [ [ [ -4.296, 55.8147 ], [ -4.29682, 55.81416 ], [ -4.29828, 55.81465 ], [ -4.29654, 55.81549 ], [ -4.29623, 55.81636 ], [ -4.29939, 55.8167 ], [ -4.30008, 55.81695 ], [ -4.30071, 55.81703 ], [ -4.30098, 55.81782 ], [ -4.29963, 55.8181 ], [ -4.29838, 55.81827 ], [ -4.29614, 55.81749 ], [ -4.29632, 55.81707 ], [ -4.29311, 55.81601 ], [ -4.29252, 55.81632 ], [ -4.29165, 55.81606 ], [ -4.29242, 55.81535 ], [ -4.29302, 55.81557 ], [ -4.29269, 55.81588 ], [ -4.29382, 55.81595 ], [ -4.29447, 55.81609 ], [ -4.296, 55.8147 ] ] ] ] } },
{ "type": "Feature", "properties": { "LSOA11_CD": "S01010220", "Neighborhood_Name": "Cowlairs and Port Dundas - 02", "uk_imd2019_LSOA": "S01010220", "uk_imd2019_Rank": "6216", "uk_imd2019_SOA_pct": "89", "uk_imd2019_SOA_decile": "9" }, "geometry": { "type": "MultiPolygon", "coordinates": [ [ [ [ -4.24601, 55.87207 ], [ -4.24677, 55.87341 ], [ -4.24834, 55.87326 ], [ -4.24949, 55.873 ], [ -4.25136, 55.87237 ], [ -4.25496, 55.87109 ], [ -4.25565, 55.87088 ], [ -4.2567, 55.87131 ], [ -4.25774, 55.87136 ], [ -4.25828, 55.87409 ], [ -4.25749, 55.87477 ], [ -4.25742, 55.87502 ], [ -4.25786, 55.87536 ], [ -4.25974, 55.87628 ], [ -4.25863, 55.87701 ], [ -4.25777, 55.8773 ], [ -4.25597, 55.87771 ], [ -4.25451, 55.878 ], [ -4.25434, 55.87787 ], [ -4.25128, 55.8771 ], [ -4.25024, 55.87694 ], [ -4.25033, 55.87653 ], [ -4.24951, 55.87624 ], [ -4.24825, 55.87608 ], [ -4.24797, 55.87574 ], [ -4.24662, 55.87563 ], [ -4.24619, 55.87513 ], [ -4.24557, 55.87469 ], [ -4.24453, 55.87361 ], [ -4.24423, 55.87322 ], [ -4.24504, 55.87203 ], [ -4.24601, 55.87207 ] ] ] ] } },
{ "type": "Feature", "properties": { "LSOA11_CD": "S01010115", "Neighborhood_Name": "Garthamlock, Auchinlea and Gartloch - 03", "uk_imd2019_LSOA": "S01010115", "uk_imd2019_Rank": "2406", "uk_imd2019_SOA_pct": "34", "uk_imd2019_SOA_decile": "4" }, "geometry": { "type": "MultiPolygon", "coordinates": [ [ [ [ -4.14146, 55.87586 ], [ -4.1445, 55.876 ], [ -4.1463, 55.87539 ], [ -4.14838, 55.87508 ], [ -4.14848, 55.87574 ], [ -4.14888, 55.87575 ], [ -4.14897, 55.87637 ], [ -4.14731, 55.87664 ], [ -4.14552, 55.87661 ], [ -4.14489, 55.87741 ], [ -4.14208, 55.8772 ], [ -4.1418, 55.87625 ], [ -4.13984, 55.87618 ], [ -4.13706, 55.87603 ], [ -4.13702, 55.87619 ], [ -4.13567, 55.8761 ], [ -4.136, 55.87525 ], [ -4.13689, 55.87561 ], [ -4.14146, 55.87586 ] ] ] ] } },
{ "type": "Feature", "properties": { "LSOA11_CD": "S01010247", "Neighborhood_Name": "Carntyne West and Haghill - 06", "uk_imd2019_LSOA": "S01010247", "uk_imd2019_Rank": "1577", "uk_imd2019_SOA_pct": "23", "uk_imd2019_SOA_decile": "3" }, "geometry": { "type": "MultiPolygon", "coordinates": [ [ [ [ -4.18639, 55.86033 ], [ -4.18635, 55.85996 ], [ -4.18572, 55.86005 ], [ -4.18541, 55.85977 ], [ -4.18406, 55.85934 ], [ -4.18461, 55.85908 ], [ -4.18489, 55.85869 ], [ -4.18612, 55.85895 ], [ -4.18829, 55.85942 ], [ -4.18988, 55.85983 ], [ -4.19381, 55.85912 ], [ -4.1961, 55.85851 ], [ -4.19714, 55.85809 ], [ -4.19892, 55.85765 ], [ -4.19806, 55.85847 ], [ -4.19708, 55.86028 ], [ -4.19668, 55.86225 ], [ -4.19194, 55.86252 ], [ -4.1914, 55.8622 ], [ -4.19132, 55.86145 ], [ -4.19085, 55.86156 ], [ -4.19061, 55.86014 ], [ -4.18768, 55.86049 ], [ -4.18766, 55.86015 ], [ -4.18639, 55.86033 ] ] ] ] } },
{ "type": "Feature", "properties": { "LSOA11_CD": "S01010248", "Neighborhood_Name": "Dennistoun - 01", "uk_imd2019_LSOA": "S01010248", "uk_imd2019_Rank": "4477", "uk_imd2019_SOA_pct": "64", "uk_imd2019_SOA_decile": "7" }, "geometry": { "type": "MultiPolygon", "coordinates": [ [ [ [ -4.21636, 55.86162 ], [ -4.21564, 55.86144 ], [ -4.21565, 55.86102 ], [ -4.21417, 55.861 ], [ -4.21418, 55.86034 ], [ -4.21483, 55.86004 ], [ -4.21577, 55.86005 ], [ -4.21641, 55.85994 ], [ -4.21642, 55.85974 ], [ -4.21757, 55.85973 ], [ -4.21774, 55.86039 ], [ -4.21906, 55.8604 ], [ -4.21904, 55.86102 ], [ -4.21769, 55.861 ], [ -4.21769, 55.86132 ], [ -4.21676, 55.8613 ], [ -4.21636, 55.86162 ] ] ] ] } },
{ "type": "Feature", "properties": { "LSOA11_CD": "S01010249", "Neighborhood_Name": "Dennistoun - 02", "uk_imd2019_LSOA": "S01010249", "uk_imd2019_Rank": "3715", "uk_imd2019_SOA_pct": "53", "uk_imd2019_SOA_decile": "6" }, "geometry": { "type": "MultiPolygon", "coordinates": [ [ [ [ -4.21483, 55.86004 ], [ -4.2145, 55.85972 ], [ -4.2118, 55.85971 ], [ -4.21238, 55.85909 ], [ -4.21329, 55.85841 ], [ -4.21365, 55.8583 ], [ -4.21642, 55.85842 ], [ -4.21552, 55.85875 ], [ -4.21551, 55.8591 ], [ -4.21681, 55.85911 ], [ -4.21681, 55.85943 ], [ -4.21761, 55.85942 ], [ -4.21757, 55.85973 ], [ -4.21642, 55.85974 ], [ -4.21641, 55.85994 ], [ -4.21577, 55.86005 ], [ -4.21483, 55.86004 ] ] ] ] } },
{ "type": "Feature", "properties": { "LSOA11_CD": "S01010002", "Neighborhood_Name": "Kingspark North - 04", "uk_imd2019_LSOA": "S01010002", "uk_imd2019_Rank": "3570", "uk_imd2019_SOA_pct": "51", "uk_imd2019_SOA_decile": "6" }, "geometry": { "type": "MultiPolygon", "coordinates": [ [ [ [ -4.24241, 55.82591 ], [ -4.24205, 55.82575 ], [ -4.24268, 55.82539 ], [ -4.24187, 55.82508 ], [ -4.23858, 55.82447 ], [ -4.23875, 55.82416 ], [ -4.24054, 55.82446 ], [ -4.24099, 55.82423 ], [ -4.24333, 55.82463 ], [ -4.24306, 55.82424 ], [ -4.24226, 55.82409 ], [ -4.24223, 55.8239 ], [ -4.24356, 55.82372 ], [ -4.24445, 55.8233 ], [ -4.24508, 55.82339 ], [ -4.24504, 55.82395 ], [ -4.24562, 55.82401 ], [ -4.24557, 55.82484 ], [ -4.24617, 55.82486 ], [ -4.24615, 55.82517 ], [ -4.24685, 55.82542 ], [ -4.24674, 55.82645 ], [ -4.24627, 55.82643 ], [ -4.2462, 55.82685 ], [ -4.24403, 55.82663 ], [ -4.24241, 55.82591 ] ] ] ] } },
{ "type": "Feature", "properties": { "LSOA11_CD": "S01010250", "Neighborhood_Name": "Dennistoun - 03", "uk_imd2019_LSOA": "S01010250", "uk_imd2019_Rank": "4384", "uk_imd2019_SOA_pct": "63", "uk_imd2019_SOA_decile": "7" }, "geometry": { "type": "MultiPolygon", "coordinates": [ [ [ [ -4.21757, 55.85973 ], [ -4.21761, 55.85942 ], [ -4.21681, 55.85943 ], [ -4.21681, 55.85911 ], [ -4.21551, 55.8591 ], [ -4.21552, 55.85875 ], [ -4.21642, 55.85842 ], [ -4.21744, 55.8584 ], [ -4.22076, 55.8583 ], [ -4.22183, 55.85827 ], [ -4.22113, 55.85851 ], [ -4.22044, 55.85841 ], [ -4.22012, 55.85908 ], [ -4.21975, 55.85953 ], [ -4.21908, 55.85955 ], [ -4.21907, 55.8599 ], [ -4.21843, 55.85999 ], [ -4.21906, 55.8604 ], [ -4.21774, 55.86039 ], [ -4.21757, 55.85973 ] ] ] ] } },
{ "type": "Feature", "properties": { "LSOA11_CD": "S01010016", "Neighborhood_Name": "Toryglen and Oatlands - 01", "uk_imd2019_LSOA": "S01010016", "uk_imd2019_Rank": "1733", "uk_imd2019_SOA_pct": "25", "uk_imd2019_SOA_decile": "3" }, "geometry": { "type": "MultiPolygon", "coordinates": [ [ [ [ -4.2362, 55.8262 ], [ -4.23622, 55.82595 ], [ -4.23565, 55.82572 ], [ -4.23328, 55.8257 ], [ -4.23317, 55.82589 ], [ -4.23216, 55.8259 ], [ -4.2321, 55.82535 ], [ -4.23143, 55.82542 ], [ -4.23047, 55.8243 ], [ -4.23006, 55.82443 ], [ -4.23063, 55.82544 ], [ -4.23042, 55.82597 ], [ -4.2299, 55.82596 ], [ -4.22957, 55.82491 ], [ -4.22956, 55.8246 ], [ -4.22884, 55.82446 ], [ -4.23012, 55.8239 ], [ -4.23221, 55.82337 ], [ -4.2333, 55.8234 ], [ -4.23491, 55.8238 ], [ -4.2352, 55.82387 ], [ -4.23502, 55.82417 ], [ -4.23671, 55.82445 ], [ -4.23873, 55.82485 ], [ -4.23892, 55.82512 ], [ -4.23832, 55.82543 ], [ -4.23728, 55.82525 ], [ -4.23708, 55.82588 ], [ -4.2362, 55.8262 ] ] ] ] } },
{ "type": "Feature", "properties": { "LSOA11_CD": "S01010017", "Neighborhood_Name": "Toryglen and Oatlands - 02", "uk_imd2019_LSOA": "S01010017", "uk_imd2019_Rank": "848", "uk_imd2019_SOA_pct": "12", "uk_imd2019_SOA_decile": "2" }, "geometry": { "type": "MultiPolygon", "coordinates": [ [ [ [ -4.22976, 55.82835 ], [ -4.22966, 55.82796 ], [ -4.22922, 55.82603 ], [ -4.22884, 55.82446 ], [ -4.22956, 55.8246 ], [ -4.22957, 55.82491 ], [ -4.2299, 55.82596 ], [ -4.23042, 55.82597 ], [ -4.23063, 55.82544 ], [ -4.23006, 55.82443 ], [ -4.23047, 55.8243 ], [ -4.23143, 55.82542 ], [ -4.2321, 55.82535 ], [ -4.23216, 55.8259 ], [ -4.23317, 55.82589 ], [ -4.23328, 55.8257 ], [ -4.23565, 55.82572 ], [ -4.23622, 55.82595 ], [ -4.2362, 55.8262 ], [ -4.23519, 55.82622 ], [ -4.23349, 55.82624 ], [ -4.23338, 55.82678 ], [ -4.23252, 55.82682 ], [ -4.23253, 55.82781 ], [ -4.2324, 55.82786 ], [ -4.23034, 55.82787 ], [ -4.23024, 55.82838 ], [ -4.22976, 55.82835 ] ] ] ] } },
{ "type": "Feature", "properties": { "LSOA11_CD": "S01009791", "Neighborhood_Name": "Crookston North - 04", "uk_imd2019_LSOA": "S01009791", "uk_imd2019_Rank": "629", "uk_imd2019_SOA_pct": "9", "uk_imd2019_SOA_decile": "1" }, "geometry": { "type": "MultiPolygon", "coordinates": [ [ [ [ -4.34627, 55.83177 ], [ -4.34782, 55.83182 ], [ -4.34798, 55.83065 ], [ -4.34742, 55.83069 ], [ -4.34719, 55.83011 ], [ -4.34675, 55.83021 ], [ -4.34639, 55.82979 ], [ -4.34571, 55.82933 ], [ -4.34603, 55.82909 ], [ -4.34564, 55.82889 ], [ -4.34544, 55.82853 ], [ -4.34699, 55.82803 ], [ -4.34745, 55.8285 ], [ -4.34898, 55.82804 ], [ -4.34779, 55.82663 ], [ -4.34856, 55.8265 ], [ -4.34916, 55.82705 ], [ -4.34998, 55.82736 ], [ -4.35053, 55.82785 ], [ -4.35067, 55.82869 ], [ -4.3512, 55.82879 ], [ -4.35237, 55.82941 ], [ -4.35277, 55.83011 ], [ -4.35202, 55.83024 ], [ -4.3524, 55.83072 ], [ -4.35253, 55.83125 ], [ -4.35307, 55.83218 ], [ -4.35066, 55.83258 ], [ -4.34973, 55.83263 ], [ -4.34928, 55.83241 ], [ -4.34839, 55.83247 ], [ -4.34758, 55.83236 ], [ -4.34624, 55.8323 ], [ -4.34627, 55.83177 ] ] ] ] } },
{ "type": "Feature", "properties": { "LSOA11_CD": "S01009784", "Neighborhood_Name": "Crookston South - 01", "uk_imd2019_LSOA": "S01009784", "uk_imd2019_Rank": "232", "uk_imd2019_SOA_pct": "3", "uk_imd2019_SOA_decile": "1" }, "geometry": { "type": "MultiPolygon", "coordinates": [ [ [ [ -4.35171, 55.82002 ], [ -4.35198, 55.81967 ], [ -4.35163, 55.81957 ], [ -4.35224, 55.81896 ], [ -4.35298, 55.81862 ], [ -4.35433, 55.81895 ], [ -4.35498, 55.81813 ], [ -4.35535, 55.81827 ], [ -4.35583, 55.8179 ], [ -4.35648, 55.81792 ], [ -4.357, 55.81823 ], [ -4.35825, 55.81758 ], [ -4.3586, 55.81781 ], [ -4.35972, 55.81734 ], [ -4.3606, 55.81796 ], [ -4.36146, 55.81759 ], [ -4.36301, 55.8176 ], [ -4.36342, 55.81746 ], [ -4.36357, 55.81716 ], [ -4.36412, 55.81702 ], [ -4.36549, 55.81748 ], [ -4.36519, 55.81779 ], [ -4.3645, 55.81807 ], [ -4.36399, 55.81853 ], [ -4.36328, 55.81829 ], [ -4.36261, 55.81792 ], [ -4.36069, 55.81911 ], [ -4.361, 55.8195 ], [ -4.36092, 55.82002 ], [ -4.36038, 55.82056 ], [ -4.35965, 55.82083 ], [ -4.35798, 55.82105 ], [ -4.35666, 55.82084 ], [ -4.35639, 55.82115 ], [ -4.35171, 55.82002 ] ] ] ] } },
{ "type": "Feature", "properties": { "LSOA11_CD": "S01009775", "Neighborhood_Name": "Nitshill - 01", "uk_imd2019_LSOA": "S01009775", "uk_imd2019_Rank": "126", "uk_imd2019_SOA_pct": "2", "uk_imd2019_SOA_decile": "1" }, "geometry": { "type": "MultiPolygon", "coordinates": [ [ [ [ -4.34096, 55.82362 ], [ -4.33725, 55.82326 ], [ -4.33199, 55.82282 ], [ -4.32898, 55.82267 ], [ -4.33025, 55.82073 ], [ -4.33079, 55.81962 ], [ -4.33153, 55.81829 ], [ -4.3313, 55.81785 ], [ -4.33203, 55.81802 ], [ -4.33229, 55.81769 ], [ -4.33192, 55.8174 ], [ -4.33436, 55.81684 ], [ -4.33547, 55.81625 ], [ -4.33755, 55.81548 ], [ -4.33824, 55.81612 ], [ -4.33873, 55.81614 ], [ -4.33934, 55.81677 ], [ -4.34046, 55.81741 ], [ -4.34102, 55.81761 ], [ -4.34238, 55.81789 ], [ -4.34385, 55.81797 ], [ -4.34539, 55.8184 ], [ -4.34592, 55.81834 ], [ -4.34567, 55.81792 ], [ -4.3458, 55.81738 ], [ -4.34627, 55.81749 ], [ -4.34631, 55.81774 ], [ -4.3469, 55.81808 ], [ -4.34897, 55.81886 ], [ -4.34872, 55.81917 ], [ -4.34896, 55.8196 ], [ -4.34981, 55.81951 ], [ -4.34966, 55.81972 ], [ -4.34877, 55.82075 ], [ -4.3496, 55.82086 ], [ -4.34965, 55.82133 ], [ -4.34788, 55.8217 ], [ -4.34539, 55.82422 ], [ -4.34217, 55.82373 ], [ -4.34096, 55.82362 ] ] ] ] } },
{ "type": "Feature", "properties": { "LSOA11_CD": "S01009760", "Neighborhood_Name": "Darnley East - 03", "uk_imd2019_LSOA": "S01009760", "uk_imd2019_Rank": "998", "uk_imd2019_SOA_pct": "14", "uk_imd2019_SOA_decile": "2" }, "geometry": { "type": "MultiPolygon", "coordinates": [ [ [ [ -4.3272, 55.80759 ], [ -4.32605, 55.8065 ], [ -4.32425, 55.8052 ], [ -4.32382, 55.8048 ], [ -4.32318, 55.80393 ], [ -4.32279, 55.8028 ], [ -4.32278, 55.80208 ], [ -4.32288, 55.80065 ], [ -4.32265, 55.80054 ], [ -4.32472, 55.79906 ], [ -4.32699, 55.80017 ], [ -4.3293, 55.8006 ], [ -4.32971, 55.80069 ], [ -4.32946, 55.80106 ], [ -4.33015, 55.80121 ], [ -4.32968, 55.80185 ], [ -4.33075, 55.80211 ], [ -4.33173, 55.80259 ], [ -4.33115, 55.80323 ], [ -4.33172, 55.80341 ], [ -4.33131, 55.80383 ], [ -4.33185, 55.80446 ], [ -4.3315, 55.8046 ], [ -4.33037, 55.80406 ], [ -4.33001, 55.80444 ], [ -4.32906, 55.80417 ], [ -4.3281, 55.80437 ], [ -4.3292, 55.80496 ], [ -4.32922, 55.80604 ], [ -4.32938, 55.80653 ], [ -4.32989, 55.807 ], [ -4.32941, 55.80731 ], [ -4.32976, 55.80751 ], [ -4.32899, 55.80791 ], [ -4.32824, 55.808 ], [ -4.32854, 55.80844 ], [ -4.32811, 55.8085 ], [ -4.3272, 55.80759 ] ] ] ] } },
{ "type": "Feature", "properties": { "LSOA11_CD": "S01009761", "Neighborhood_Name": "Darnley East - 04", "uk_imd2019_LSOA": "S01009761", "uk_imd2019_Rank": "3135", "uk_imd2019_SOA_pct": "45", "uk_imd2019_SOA_decile": "5" }, "geometry": { "type": "MultiPolygon", "coordinates": [ [ [ [ -4.33172, 55.80341 ], [ -4.33115, 55.80323 ], [ -4.33173, 55.80259 ], [ -4.33075, 55.80211 ], [ -4.32968, 55.80185 ], [ -4.33015, 55.80121 ], [ -4.32946, 55.80106 ], [ -4.32971, 55.80069 ], [ -4.3293, 55.8006 ], [ -4.32948, 55.80031 ], [ -4.32902, 55.80008 ], [ -4.3294, 55.79963 ], [ -4.3289, 55.79946 ], [ -4.32926, 55.79902 ], [ -4.32979, 55.79862 ], [ -4.33015, 55.79882 ], [ -4.33079, 55.79851 ], [ -4.33144, 55.79871 ], [ -4.3324, 55.79855 ], [ -4.33279, 55.79791 ], [ -4.33369, 55.79791 ], [ -4.33397, 55.79806 ], [ -4.33417, 55.79934 ], [ -4.33364, 55.79958 ], [ -4.33309, 55.79961 ], [ -4.33286, 55.79983 ], [ -4.33224, 55.79988 ], [ -4.33156, 55.79974 ], [ -4.33167, 55.80011 ], [ -4.33237, 55.80009 ], [ -4.33291, 55.80022 ], [ -4.33317, 55.79988 ], [ -4.33452, 55.79983 ], [ -4.33473, 55.80174 ], [ -4.33383, 55.80186 ], [ -4.33366, 55.80225 ], [ -4.33274, 55.80291 ], [ -4.33453, 55.80367 ], [ -4.33497, 55.80378 ], [ -4.33368, 55.80492 ], [ -4.33296, 55.80465 ], [ -4.33283, 55.80434 ], [ -4.33184, 55.80384 ], [ -4.33172, 55.80341 ] ] ] ] } },
{ "type": "Feature", "properties": { "LSOA11_CD": "S01009762", "Neighborhood_Name": "Darnley East - 05", "uk_imd2019_LSOA": "S01009762", "uk_imd2019_Rank": "1247", "uk_imd2019_SOA_pct": "18", "uk_imd2019_SOA_decile": "2" }, "geometry": { "type": "MultiPolygon", "coordinates": [ [ [ [ -4.32976, 55.80751 ], [ -4.32941, 55.80731 ], [ -4.32989, 55.807 ], [ -4.32938, 55.80653 ], [ -4.32922, 55.80604 ], [ -4.3292, 55.80496 ], [ -4.3281, 55.80437 ], [ -4.32906, 55.80417 ], [ -4.33001, 55.80444 ], [ -4.33037, 55.80406 ], [ -4.3315, 55.8046 ], [ -4.33185, 55.80446 ], [ -4.33131, 55.80383 ], [ -4.33172, 55.80341 ], [ -4.33184, 55.80384 ], [ -4.33283, 55.80434 ], [ -4.33296, 55.80465 ], [ -4.33368, 55.80492 ], [ -4.33497, 55.80378 ], [ -4.33633, 55.80414 ], [ -4.33663, 55.80433 ], [ -4.33649, 55.80516 ], [ -4.33617, 55.80596 ], [ -4.33576, 55.80668 ], [ -4.33461, 55.808 ], [ -4.3342, 55.80836 ], [ -4.33371, 55.80816 ], [ -4.33323, 55.80761 ], [ -4.33347, 55.8074 ], [ -4.33194, 55.80691 ], [ -4.3314, 55.80645 ], [ -4.32976, 55.80751 ] ] ] ] } },
{ "type": "Feature", "properties": { "LSOA11_CD": "S01009783", "Neighborhood_Name": "Nitshill - 09", "uk_imd2019_LSOA": "S01009783", "uk_imd2019_Rank": "299", "uk_imd2019_SOA_pct": "4", "uk_imd2019_SOA_decile": "1" }, "geometry": { "type": "MultiPolygon", "coordinates": [ [ [ [ -4.34474, 55.81582 ], [ -4.34298, 55.81523 ], [ -4.34107, 55.81433 ], [ -4.34147, 55.81401 ], [ -4.34117, 55.81382 ], [ -4.34152, 55.81344 ], [ -4.34162, 55.81255 ], [ -4.34215, 55.81254 ], [ -4.34233, 55.81195 ], [ -4.3469, 55.81203 ], [ -4.34732, 55.81228 ], [ -4.35006, 55.81273 ], [ -4.34962, 55.81282 ], [ -4.34927, 55.81312 ], [ -4.35056, 55.81383 ], [ -4.35053, 55.81427 ], [ -4.34723, 55.81429 ], [ -4.34731, 55.81475 ], [ -4.34667, 55.81486 ], [ -4.34606, 55.81457 ], [ -4.34513, 55.81515 ], [ -4.34528, 55.81551 ], [ -4.34492, 55.81587 ], [ -4.34474, 55.81582 ] ] ] ] } },
{ "type": "Feature", "properties": { "LSOA11_CD": "S01009776", "Neighborhood_Name": "Nitshill - 02", "uk_imd2019_LSOA": "S01009776", "uk_imd2019_Rank": "109", "uk_imd2019_SOA_pct": "2", "uk_imd2019_SOA_decile": "1" }, "geometry": { "type": "MultiPolygon", "coordinates": [ [ [ [ -4.36549, 55.81748 ], [ -4.36412, 55.81702 ], [ -4.36458, 55.81671 ], [ -4.36291, 55.81557 ], [ -4.36315, 55.81528 ], [ -4.36396, 55.81482 ], [ -4.36495, 55.81412 ], [ -4.36659, 55.81402 ], [ -4.36756, 55.8139 ], [ -4.36784, 55.81355 ], [ -4.36748, 55.81256 ], [ -4.36762, 55.81243 ], [ -4.36785, 55.81245 ], [ -4.36875, 55.81251 ], [ -4.3723, 55.81257 ], [ -4.37492, 55.81247 ], [ -4.3743, 55.81277 ], [ -4.37436, 55.81309 ], [ -4.37414, 55.81391 ], [ -4.37371, 55.81438 ], [ -4.37254, 55.81484 ], [ -4.37228, 55.81513 ], [ -4.37213, 55.81579 ], [ -4.37161, 55.81595 ], [ -4.37051, 55.81582 ], [ -4.369, 55.81588 ], [ -4.36828, 55.81602 ], [ -4.36755, 55.81662 ], [ -4.36743, 55.81766 ], [ -4.36549, 55.81748 ] ] ] ] } },
{ "type": "Feature", "properties": { "LSOA11_CD": "S01009777", "Neighborhood_Name": "Nitshill - 03", "uk_imd2019_LSOA": "S01009777", "uk_imd2019_Rank": "422", "uk_imd2019_SOA_pct": "6", "uk_imd2019_SOA_decile": "1" }, "geometry": { "type": "MultiPolygon", "coordinates": [ [ [ [ -4.34642, 55.81668 ], [ -4.34615, 55.81622 ], [ -4.34492, 55.81587 ], [ -4.34528, 55.81551 ], [ -4.34513, 55.81515 ], [ -4.34606, 55.81457 ], [ -4.34667, 55.81486 ], [ -4.34731, 55.81475 ], [ -4.34723, 55.81429 ], [ -4.35053, 55.81427 ], [ -4.35056, 55.81383 ], [ -4.34927, 55.81312 ], [ -4.34962, 55.81282 ], [ -4.35006, 55.81273 ], [ -4.35047, 55.81247 ], [ -4.35109, 55.81233 ], [ -4.35246, 55.81227 ], [ -4.35257, 55.8133 ], [ -4.35182, 55.81341 ], [ -4.35187, 55.81444 ], [ -4.35154, 55.81488 ], [ -4.35234, 55.81491 ], [ -4.35206, 55.81549 ], [ -4.35208, 55.81588 ], [ -4.35126, 55.81652 ], [ -4.35057, 55.81722 ], [ -4.35029, 55.81678 ], [ -4.34868, 55.81658 ], [ -4.34825, 55.81666 ], [ -4.34714, 55.81646 ], [ -4.34642, 55.81668 ] ] ] ] } },
{ "type": "Feature", "properties": { "LSOA11_CD": "S01009778", "Neighborhood_Name": "Nitshill - 04", "uk_imd2019_LSOA": "S01009778", "uk_imd2019_Rank": "231", "uk_imd2019_SOA_pct": "3", "uk_imd2019_SOA_decile": "1" }, "geometry": { "type": "MultiPolygon", "coordinates": [ [ [ [ -4.35057, 55.81722 ], [ -4.35126, 55.81652 ], [ -4.35208, 55.81588 ], [ -4.35206, 55.81549 ], [ -4.35234, 55.81491 ], [ -4.35154, 55.81488 ], [ -4.35187, 55.81444 ], [ -4.35182, 55.81341 ], [ -4.35257, 55.8133 ], [ -4.35246, 55.81227 ], [ -4.35735, 55.81211 ], [ -4.35805, 55.81215 ], [ -4.35844, 55.81335 ], [ -4.35903, 55.81337 ], [ -4.35979, 55.81316 ], [ -4.36041, 55.81363 ], [ -4.36059, 55.81397 ], [ -4.35997, 55.81407 ], [ -4.36027, 55.81474 ], [ -4.35984, 55.81482 ], [ -4.35887, 55.81457 ], [ -4.35629, 55.81516 ], [ -4.35609, 55.81564 ], [ -4.35433, 55.81605 ], [ -4.35326, 55.81642 ], [ -4.35243, 55.81692 ], [ -4.35181, 55.81747 ], [ -4.3515, 55.81702 ], [ -4.35057, 55.81722 ] ] ] ] } },
{ "type": "Feature", "properties": { "LSOA11_CD": "S01009764", "Neighborhood_Name": "Darnley North - 01", "uk_imd2019_LSOA": "S01009764", "uk_imd2019_Rank": "892", "uk_imd2019_SOA_pct": "13", "uk_imd2019_SOA_decile": "2" }, "geometry": { "type": "MultiPolygon", "coordinates": [ [ [ [ -4.34127, 55.81007 ], [ -4.34102, 55.80998 ], [ -4.341, 55.80947 ], [ -4.34161, 55.80945 ], [ -4.34222, 55.80923 ], [ -4.34182, 55.809 ], [ -4.34195, 55.8082 ], [ -4.34057, 55.80809 ], [ -4.34048, 55.80693 ], [ -4.3407, 55.80631 ], [ -4.34198, 55.80667 ], [ -4.3418, 55.80692 ], [ -4.34258, 55.80748 ], [ -4.34312, 55.80742 ], [ -4.34335, 55.80761 ], [ -4.34472, 55.80714 ], [ -4.34518, 55.80683 ], [ -4.3468, 55.8073 ], [ -4.34518, 55.8076 ], [ -4.34572, 55.80807 ], [ -4.3454, 55.80853 ], [ -4.34474, 55.80872 ], [ -4.34447, 55.80949 ], [ -4.34377, 55.8099 ], [ -4.34324, 55.81006 ], [ -4.34244, 55.81014 ], [ -4.34127, 55.81007 ] ] ] ] } },
{ "type": "Feature", "properties": { "LSOA11_CD": "S01009765", "Neighborhood_Name": "Darnley North - 02", "uk_imd2019_LSOA": "S01009765", "uk_imd2019_Rank": "2403", "uk_imd2019_SOA_pct": "34", "uk_imd2019_SOA_decile": "4" }, "geometry": { "type": "MultiPolygon", "coordinates": [ [ [ [ -4.33058, 55.81185 ], [ -4.33075, 55.81112 ], [ -4.33101, 55.8106 ], [ -4.33063, 55.81041 ], [ -4.33177, 55.80983 ], [ -4.3342, 55.80836 ], [ -4.33461, 55.808 ], [ -4.33576, 55.80668 ], [ -4.33617, 55.80596 ], [ -4.33649, 55.80516 ], [ -4.33663, 55.80433 ], [ -4.34127, 55.80566 ], [ -4.3407, 55.80631 ], [ -4.34048, 55.80693 ], [ -4.34057, 55.80809 ], [ -4.34195, 55.8082 ], [ -4.34182, 55.809 ], [ -4.34222, 55.80923 ], [ -4.34161, 55.80945 ], [ -4.341, 55.80947 ], [ -4.34102, 55.80998 ], [ -4.34127, 55.81007 ], [ -4.3416, 55.81119 ], [ -4.34053, 55.81145 ], [ -4.33954, 55.81144 ], [ -4.33935, 55.81164 ], [ -4.33747, 55.8116 ], [ -4.33429, 55.81163 ], [ -4.33445, 55.81189 ], [ -4.33135, 55.81213 ], [ -4.33038, 55.81229 ], [ -4.33058, 55.81185 ] ] ] ] } },
{ "type": "Feature", "properties": { "LSOA11_CD": "S01009766", "Neighborhood_Name": "Darnley North - 03", "uk_imd2019_LSOA": "S01009766", "uk_imd2019_Rank": "4042", "uk_imd2019_SOA_pct": "58", "uk_imd2019_SOA_decile": "6" }, "geometry": { "type": "MultiPolygon", "coordinates": [ [ [ [ -4.34805, 55.80763 ], [ -4.34888, 55.80686 ], [ -4.35007, 55.80708 ], [ -4.35101, 55.80706 ], [ -4.35175, 55.80645 ], [ -4.35122, 55.80583 ], [ -4.35073, 55.80606 ], [ -4.3501, 55.80562 ], [ -4.3506, 55.80522 ], [ -4.35136, 55.80514 ], [ -4.35247, 55.80479 ], [ -4.35352, 55.80423 ], [ -4.35412, 55.80452 ], [ -4.35397, 55.80496 ], [ -4.35405, 55.80547 ], [ -4.35445, 55.80598 ], [ -4.35538, 55.80596 ], [ -4.35569, 55.80608 ], [ -4.35582, 55.80667 ], [ -4.35527, 55.80669 ], [ -4.35527, 55.80743 ], [ -4.35388, 55.80751 ], [ -4.35354, 55.80727 ], [ -4.35385, 55.807 ], [ -4.3532, 55.80668 ], [ -4.35217, 55.80725 ], [ -4.35179, 55.8076 ], [ -4.34986, 55.80769 ], [ -4.34916, 55.80798 ], [ -4.34805, 55.80763 ] ] ] ] } },
{ "type": "Feature", "properties": { "LSOA11_CD": "S01009779", "Neighborhood_Name": "Nitshill - 05", "uk_imd2019_LSOA": "S01009779", "uk_imd2019_Rank": "350", "uk_imd2019_SOA_pct": "5", "uk_imd2019_SOA_decile": "1" }, "geometry": { "type": "MultiPolygon", "coordinates": [ [ [ [ -4.36027, 55.81474 ], [ -4.35997, 55.81407 ], [ -4.36059, 55.81397 ], [ -4.36041, 55.81363 ], [ -4.35979, 55.81316 ], [ -4.35903, 55.81337 ], [ -4.35844, 55.81335 ], [ -4.35805, 55.81215 ], [ -4.3585, 55.81186 ], [ -4.36189, 55.812 ], [ -4.36762, 55.81243 ], [ -4.36748, 55.81256 ], [ -4.36784, 55.81355 ], [ -4.36756, 55.8139 ], [ -4.36659, 55.81402 ], [ -4.36495, 55.81412 ], [ -4.36396, 55.81482 ], [ -4.36315, 55.81528 ], [ -4.36291, 55.81557 ], [ -4.36458, 55.81671 ], [ -4.36412, 55.81702 ], [ -4.36357, 55.81716 ], [ -4.36297, 55.81692 ], [ -4.36341, 55.81663 ], [ -4.36272, 55.81606 ], [ -4.36185, 55.81609 ], [ -4.36057, 55.81523 ], [ -4.36027, 55.81474 ] ] ] ] } },
{ "type": "Feature", "properties": { "LSOA11_CD": "S01009811", "Neighborhood_Name": "Cardonald North - 02", "uk_imd2019_LSOA": "S01009811", "uk_imd2019_Rank": "816", "uk_imd2019_SOA_pct": "12", "uk_imd2019_SOA_decile": "2" }, "geometry": { "type": "MultiPolygon", "coordinates": [ [ [ [ -4.34609, 55.85216 ], [ -4.34553, 55.85178 ], [ -4.34451, 55.85165 ], [ -4.34462, 55.85136 ], [ -4.34411, 55.85095 ], [ -4.34419, 55.85057 ], [ -4.34391, 55.85014 ], [ -4.3445, 55.84979 ], [ -4.34458, 55.8493 ], [ -4.34356, 55.84927 ], [ -4.34304, 55.8489 ], [ -4.34332, 55.8474 ], [ -4.34339, 55.84699 ], [ -4.34613, 55.8472 ], [ -4.34649, 55.84752 ], [ -4.34649, 55.84784 ], [ -4.34987, 55.84828 ], [ -4.34986, 55.84912 ], [ -4.34831, 55.8491 ], [ -4.34832, 55.84982 ], [ -4.34737, 55.8502 ], [ -4.34792, 55.85072 ], [ -4.3496, 55.85085 ], [ -4.35052, 55.85125 ], [ -4.35139, 55.85149 ], [ -4.35118, 55.85178 ], [ -4.35042, 55.85162 ], [ -4.35012, 55.85189 ], [ -4.34937, 55.85216 ], [ -4.34961, 55.8525 ], [ -4.34609, 55.85216 ] ] ] ] } },
{ "type": "Feature", "properties": { "LSOA11_CD": "S01009759", "Neighborhood_Name": "Darnley East - 02", "uk_imd2019_LSOA": "S01009759", "uk_imd2019_Rank": "161", "uk_imd2019_SOA_pct": "2", "uk_imd2019_SOA_decile": "1" }, "geometry": { "type": "MultiPolygon", "coordinates": [ [ [ [ -4.32811, 55.8085 ], [ -4.32854, 55.80844 ], [ -4.32824, 55.808 ], [ -4.32899, 55.80791 ], [ -4.32976, 55.80751 ], [ -4.3314, 55.80645 ], [ -4.33194, 55.80691 ], [ -4.33347, 55.8074 ], [ -4.33323, 55.80761 ], [ -4.33371, 55.80816 ], [ -4.3342, 55.80836 ], [ -4.33177, 55.80983 ], [ -4.33063, 55.81041 ], [ -4.33101, 55.8106 ], [ -4.33075, 55.81112 ], [ -4.33058, 55.81185 ], [ -4.3293, 55.81173 ], [ -4.3291, 55.81244 ], [ -4.32571, 55.81313 ], [ -4.32738, 55.81248 ], [ -4.32819, 55.81188 ], [ -4.3284, 55.81114 ], [ -4.32818, 55.80984 ], [ -4.32792, 55.80901 ], [ -4.32824, 55.80892 ], [ -4.32811, 55.8085 ] ] ] ] } },
{ "type": "Feature", "properties": { "LSOA11_CD": "S01009767", "Neighborhood_Name": "Darnley North - 04", "uk_imd2019_LSOA": "S01009767", "uk_imd2019_Rank": "1962", "uk_imd2019_SOA_pct": "28", "uk_imd2019_SOA_decile": "3" }, "geometry": { "type": "MultiPolygon", "coordinates": [ [ [ [ -4.36785, 55.81245 ], [ -4.36764, 55.81218 ], [ -4.36612, 55.81145 ], [ -4.36723, 55.81137 ], [ -4.36636, 55.81023 ], [ -4.36846, 55.80958 ], [ -4.36638, 55.80849 ], [ -4.36551, 55.80782 ], [ -4.36502, 55.80761 ], [ -4.36435, 55.80702 ], [ -4.36478, 55.807 ], [ -4.36572, 55.80696 ], [ -4.36497, 55.80594 ], [ -4.36471, 55.80494 ], [ -4.36253, 55.80325 ], [ -4.36372, 55.80282 ], [ -4.36308, 55.80215 ], [ -4.36291, 55.80175 ], [ -4.3631, 55.80149 ], [ -4.36144, 55.80009 ], [ -4.35963, 55.80026 ], [ -4.35989, 55.80091 ], [ -4.35805, 55.80158 ], [ -4.35699, 55.80174 ], [ -4.35484, 55.80173 ], [ -4.3544, 55.80186 ], [ -4.35426, 55.80216 ], [ -4.35479, 55.80276 ], [ -4.3515, 55.80332 ], [ -4.35077, 55.80332 ], [ -4.3519, 55.80264 ], [ -4.3518, 55.80216 ], [ -4.35117, 55.80187 ], [ -4.35062, 55.80096 ], [ -4.34957, 55.80096 ], [ -4.34901, 55.80069 ], [ -4.34781, 55.80045 ], [ -4.3471, 55.79989 ], [ -4.34584, 55.79962 ], [ -4.3441, 55.80095 ], [ -4.34415, 55.80131 ], [ -4.34346, 55.80157 ], [ -4.34236, 55.80218 ], [ -4.34176, 55.80273 ], [ -4.34269, 55.80306 ], [ -4.34296, 55.80294 ], [ -4.34406, 55.80364 ], [ -4.34481, 55.80403 ], [ -4.34525, 55.80414 ], [ -4.34668, 55.80488 ], [ -4.34716, 55.8056 ], [ -4.34769, 55.80547 ], [ -4.34806, 55.80559 ], [ -4.34836, 55.805 ], [ -4.35136, 55.80514 ], [ -4.3506, 55.80522 ], [ -4.3501, 55.80562 ], [ -4.35073, 55.80606 ], [ -4.35122, 55.80583 ], [ -4.35175, 55.80645 ], [ -4.35101, 55.80706 ], [ -4.35007, 55.80708 ], [ -4.34888, 55.80686 ], [ -4.34805, 55.80763 ], [ -4.34778, 55.80804 ], [ -4.34841, 55.80884 ], [ -4.34991, 55.80961 ], [ -4.3516, 55.81029 ], [ -4.35233, 55.81046 ], [ -4.35191, 55.81101 ], [ -4.35245, 55.81121 ], [ -4.35109, 55.81233 ], [ -4.35047, 55.81247 ], [ -4.35006, 55.81273 ], [ -4.34732, 55.81228 ], [ -4.3469, 55.81203 ], [ -4.34233, 55.81195 ], [ -4.3408, 55.81172 ], [ -4.33935, 55.81164 ], [ -4.33954, 55.81144 ], [ -4.34053, 55.81145 ], [ -4.3416, 55.81119 ], [ -4.34127, 55.81007 ], [ -4.34244, 55.81014 ], [ -4.34324, 55.81006 ], [ -4.34377, 55.8099 ], [ -4.34447, 55.80949 ], [ -4.34474, 55.80872 ], [ -4.3454, 55.80853 ], [ -4.34572, 55.80807 ], [ -4.34518, 55.8076 ], [ -4.3468, 55.8073 ], [ -4.34518, 55.80683 ], [ -4.34472, 55.80714 ], [ -4.34335, 55.80761 ], [ -4.34312, 55.80742 ], [ -4.34258, 55.80748 ], [ -4.3418, 55.80692 ], [ -4.34198, 55.80667 ], [ -4.3407, 55.80631 ], [ -4.34127, 55.80566 ], [ -4.33663, 55.80433 ], [ -4.33633, 55.80414 ], [ -4.33497, 55.80378 ], [ -4.33453, 55.80367 ], [ -4.33274, 55.80291 ], [ -4.33366, 55.80225 ], [ -4.33383, 55.80186 ], [ -4.33473, 55.80174 ], [ -4.33452, 55.79983 ], [ -4.33317, 55.79988 ], [ -4.33291, 55.80022 ], [ -4.33237, 55.80009 ], [ -4.33167, 55.80011 ], [ -4.33156, 55.79974 ], [ -4.33224, 55.79988 ], [ -4.33286, 55.79983 ], [ -4.33309, 55.79961 ], [ -4.33364, 55.79958 ], [ -4.33417, 55.79934 ], [ -4.33397, 55.79806 ], [ -4.33369, 55.79791 ], [ -4.33402, 55.79731 ], [ -4.33454, 55.79739 ], [ -4.33581, 55.79529 ], [ -4.33598, 55.79521 ], [ -4.33203, 55.79383 ], [ -4.33341, 55.79283 ], [ -4.33823, 55.79383 ], [ -4.34365, 55.79498 ], [ -4.34694, 55.79499 ], [ -4.3558, 55.79499 ], [ -4.36052, 55.79438 ], [ -4.36841, 55.79474 ], [ -4.37156, 55.79488 ], [ -4.37205, 55.79474 ], [ -4.37253, 55.79541 ], [ -4.37367, 55.79618 ], [ -4.37725, 55.79853 ], [ -4.37721, 55.79855 ], [ -4.37655, 55.79887 ], [ -4.37803, 55.79985 ], [ -4.37703, 55.79992 ], [ -4.37641, 55.79987 ], [ -4.37498, 55.79949 ], [ -4.37373, 55.79955 ], [ -4.37255, 55.80032 ], [ -4.37197, 55.80081 ], [ -4.36976, 55.80212 ], [ -4.37227, 55.80249 ], [ -4.37101, 55.8031 ], [ -4.36928, 55.80331 ], [ -4.36774, 55.80331 ], [ -4.36866, 55.80398 ], [ -4.37164, 55.80588 ], [ -4.3717, 55.80599 ], [ -4.37312, 55.80661 ], [ -4.37423, 55.80724 ], [ -4.37382, 55.80745 ], [ -4.37457, 55.80774 ], [ -4.37436, 55.80817 ], [ -4.37437, 55.8087 ], [ -4.37475, 55.80967 ], [ -4.37549, 55.81012 ], [ -4.37593, 55.8105 ], [ -4.37601, 55.81081 ], [ -4.3758, 55.81166 ], [ -4.37544, 55.81213 ], [ -4.37492, 55.81247 ], [ -4.3723, 55.81257 ], [ -4.36875, 55.81251 ], [ -4.36785, 55.81245 ] ] ] ] } },
{ "type": "Feature", "properties": { "LSOA11_CD": "S01009812", "Neighborhood_Name": "Cardonald North - 03", "uk_imd2019_LSOA": "S01009812", "uk_imd2019_Rank": "1325", "uk_imd2019_SOA_pct": "19", "uk_imd2019_SOA_decile": "2" }, "geometry": { "type": "MultiPolygon", "coordinates": [ [ [ [ -4.35139, 55.85149 ], [ -4.35052, 55.85125 ], [ -4.3496, 55.85085 ], [ -4.34792, 55.85072 ], [ -4.34737, 55.8502 ], [ -4.34832, 55.84982 ], [ -4.34831, 55.8491 ], [ -4.34986, 55.84912 ], [ -4.34987, 55.84828 ], [ -4.35272, 55.84867 ], [ -4.35311, 55.84869 ], [ -4.35481, 55.84915 ], [ -4.35464, 55.84926 ], [ -4.3555, 55.84973 ], [ -4.35584, 55.84999 ], [ -4.35501, 55.85035 ], [ -4.35466, 55.85015 ], [ -4.35353, 55.85037 ], [ -4.35334, 55.85069 ], [ -4.35358, 55.851 ], [ -4.35327, 55.85137 ], [ -4.35349, 55.85166 ], [ -4.35337, 55.85201 ], [ -4.35284, 55.85197 ], [ -4.35229, 55.85163 ], [ -4.35139, 55.85149 ] ] ] ] } },
{ "type": "Feature", "properties": { "LSOA11_CD": "S01009768", "Neighborhood_Name": "Darnley West - 01", "uk_imd2019_LSOA": "S01009768", "uk_imd2019_Rank": "1468", "uk_imd2019_SOA_pct": "21", "uk_imd2019_SOA_decile": "3" }, "geometry": { "type": "MultiPolygon", "coordinates": [ [ [ [ -4.36762, 55.81243 ], [ -4.36189, 55.812 ], [ -4.3585, 55.81186 ], [ -4.35679, 55.81131 ], [ -4.3571, 55.81095 ], [ -4.35866, 55.81089 ], [ -4.35941, 55.81048 ], [ -4.35908, 55.81008 ], [ -4.35993, 55.80944 ], [ -4.36052, 55.8092 ], [ -4.36132, 55.80917 ], [ -4.36129, 55.80881 ], [ -4.36249, 55.80876 ], [ -4.3634, 55.80864 ], [ -4.36357, 55.80893 ], [ -4.36464, 55.80871 ], [ -4.36502, 55.80849 ], [ -4.36488, 55.80799 ], [ -4.36393, 55.80813 ], [ -4.36198, 55.80819 ], [ -4.36088, 55.80792 ], [ -4.36013, 55.8081 ], [ -4.35955, 55.80808 ], [ -4.35945, 55.80727 ], [ -4.36108, 55.8072 ], [ -4.3611, 55.80671 ], [ -4.36295, 55.80716 ], [ -4.36435, 55.80702 ], [ -4.36502, 55.80761 ], [ -4.36551, 55.80782 ], [ -4.36638, 55.80849 ], [ -4.36846, 55.80958 ], [ -4.36636, 55.81023 ], [ -4.36723, 55.81137 ], [ -4.36612, 55.81145 ], [ -4.36764, 55.81218 ], [ -4.36785, 55.81245 ], [ -4.36762, 55.81243 ] ] ] ] } },
{ "type": "Feature", "properties": { "LSOA11_CD": "S01009769", "Neighborhood_Name": "Darnley West - 02", "uk_imd2019_LSOA": "S01009769", "uk_imd2019_Rank": "4266", "uk_imd2019_SOA_pct": "61", "uk_imd2019_SOA_decile": "7" }, "geometry": { "type": "MultiPolygon", "coordinates": [ [ [ [ -4.34805, 55.80763 ], [ -4.34916, 55.80798 ], [ -4.34986, 55.80769 ], [ -4.35179, 55.8076 ], [ -4.35217, 55.80725 ], [ -4.3532, 55.80668 ], [ -4.35385, 55.807 ], [ -4.35354, 55.80727 ], [ -4.35388, 55.80751 ], [ -4.35527, 55.80743 ], [ -4.35527, 55.80669 ], [ -4.35582, 55.80667 ], [ -4.35775, 55.80657 ], [ -4.35822, 55.80732 ], [ -4.35945, 55.80727 ], [ -4.35955, 55.80808 ], [ -4.36013, 55.8081 ], [ -4.36088, 55.80792 ], [ -4.36198, 55.80819 ], [ -4.36393, 55.80813 ], [ -4.36488, 55.80799 ], [ -4.36502, 55.80849 ], [ -4.36464, 55.80871 ], [ -4.36357, 55.80893 ], [ -4.3634, 55.80864 ], [ -4.36249, 55.80876 ], [ -4.36129, 55.80881 ], [ -4.36132, 55.80917 ], [ -4.36052, 55.8092 ], [ -4.35993, 55.80944 ], [ -4.35908, 55.81008 ], [ -4.35941, 55.81048 ], [ -4.35866, 55.81089 ], [ -4.3571, 55.81095 ], [ -4.35679, 55.81131 ], [ -4.3585, 55.81186 ], [ -4.35805, 55.81215 ], [ -4.35735, 55.81211 ], [ -4.35246, 55.81227 ], [ -4.35109, 55.81233 ], [ -4.35245, 55.81121 ], [ -4.35191, 55.81101 ], [ -4.35233, 55.81046 ], [ -4.3516, 55.81029 ], [ -4.34991, 55.80961 ], [ -4.34841, 55.80884 ], [ -4.34778, 55.80804 ], [ -4.34805, 55.80763 ] ] ] ] } },
{ "type": "Feature", "properties": { "LSOA11_CD": "S01009770", "Neighborhood_Name": "Darnley West - 03", "uk_imd2019_LSOA": "S01009770", "uk_imd2019_Rank": "4227", "uk_imd2019_SOA_pct": "61", "uk_imd2019_SOA_decile": "7" }, "geometry": { "type": "MultiPolygon", "coordinates": [ [ [ [ -4.34525, 55.80414 ], [ -4.34562, 55.80395 ], [ -4.3456, 55.80368 ], [ -4.34638, 55.80364 ], [ -4.34549, 55.80313 ], [ -4.34593, 55.80262 ], [ -4.34645, 55.80278 ], [ -4.34729, 55.80275 ], [ -4.34737, 55.80229 ], [ -4.3488, 55.80221 ], [ -4.34958, 55.80172 ], [ -4.34957, 55.80096 ], [ -4.35062, 55.80096 ], [ -4.35117, 55.80187 ], [ -4.3518, 55.80216 ], [ -4.3519, 55.80264 ], [ -4.35077, 55.80332 ], [ -4.3515, 55.80332 ], [ -4.35479, 55.80276 ], [ -4.3556, 55.80364 ], [ -4.35408, 55.80397 ], [ -4.35352, 55.80423 ], [ -4.35247, 55.80479 ], [ -4.35136, 55.80514 ], [ -4.34836, 55.805 ], [ -4.34806, 55.80559 ], [ -4.34769, 55.80547 ], [ -4.34716, 55.8056 ], [ -4.34668, 55.80488 ], [ -4.34525, 55.80414 ] ] ] ] } },
{ "type": "Feature", "properties": { "LSOA11_CD": "S01009782", "Neighborhood_Name": "Nitshill - 08", "uk_imd2019_LSOA": "S01009782", "uk_imd2019_Rank": "1496", "uk_imd2019_SOA_pct": "21", "uk_imd2019_SOA_decile": "3" }, "geometry": { "type": "MultiPolygon", "coordinates": [ [ [ [ -4.33873, 55.81614 ], [ -4.33824, 55.81612 ], [ -4.33755, 55.81548 ], [ -4.33704, 55.81504 ], [ -4.33585, 55.81371 ], [ -4.33445, 55.81189 ], [ -4.33429, 55.81163 ], [ -4.33747, 55.8116 ], [ -4.33935, 55.81164 ], [ -4.3408, 55.81172 ], [ -4.34233, 55.81195 ], [ -4.34215, 55.81254 ], [ -4.34162, 55.81255 ], [ -4.34152, 55.81344 ], [ -4.34117, 55.81382 ], [ -4.34147, 55.81401 ], [ -4.34107, 55.81433 ], [ -4.34298, 55.81523 ], [ -4.34474, 55.81582 ], [ -4.34448, 55.8161 ], [ -4.34257, 55.81548 ], [ -4.34222, 55.81575 ], [ -4.3413, 55.81532 ], [ -4.34152, 55.81516 ], [ -4.34016, 55.81428 ], [ -4.33984, 55.81536 ], [ -4.33986, 55.81584 ], [ -4.33873, 55.81614 ] ] ] ] } },
{ "type": "Feature", "properties": { "LSOA11_CD": "S01009772", "Neighborhood_Name": "Darnley West - 05", "uk_imd2019_LSOA": "S01009772", "uk_imd2019_Rank": "4638", "uk_imd2019_SOA_pct": "66", "uk_imd2019_SOA_decile": "7" }, "geometry": { "type": "MultiPolygon", "coordinates": [ [ [ [ -4.35582, 55.80667 ], [ -4.35569, 55.80608 ], [ -4.35538, 55.80596 ], [ -4.35445, 55.80598 ], [ -4.35405, 55.80547 ], [ -4.35397, 55.80496 ], [ -4.35412, 55.80452 ], [ -4.35352, 55.80423 ], [ -4.35408, 55.80397 ], [ -4.3556, 55.80364 ], [ -4.35635, 55.80407 ], [ -4.35994, 55.80632 ], [ -4.3611, 55.80671 ], [ -4.36108, 55.8072 ], [ -4.35945, 55.80727 ], [ -4.35822, 55.80732 ], [ -4.35775, 55.80657 ], [ -4.35582, 55.80667 ] ] ] ] } },
{ "type": "Feature", "properties": { "LSOA11_CD": "S01009773", "Neighborhood_Name": "Darnley West - 06", "uk_imd2019_LSOA": "S01009773", "uk_imd2019_Rank": "4777", "uk_imd2019_SOA_pct": "68", "uk_imd2019_SOA_decile": "7" }, "geometry": { "type": "MultiPolygon", "coordinates": [ [ [ [ -4.3611, 55.80671 ], [ -4.35994, 55.80632 ], [ -4.35635, 55.80407 ], [ -4.35686, 55.80378 ], [ -4.35831, 55.80464 ], [ -4.36013, 55.80366 ], [ -4.36046, 55.80387 ], [ -4.36167, 55.80322 ], [ -4.36241, 55.80367 ], [ -4.36405, 55.80507 ], [ -4.36357, 55.80519 ], [ -4.36389, 55.80573 ], [ -4.36438, 55.80619 ], [ -4.36478, 55.807 ], [ -4.36435, 55.80702 ], [ -4.36295, 55.80716 ], [ -4.3611, 55.80671 ] ] ] ] } },
{ "type": "Feature", "properties": { "LSOA11_CD": "S01009774", "Neighborhood_Name": "Darnley West - 07", "uk_imd2019_LSOA": "S01009774", "uk_imd2019_Rank": "4367", "uk_imd2019_SOA_pct": "63", "uk_imd2019_SOA_decile": "7" }, "geometry": { "type": "MultiPolygon", "coordinates": [ [ [ [ -4.35635, 55.80407 ], [ -4.3556, 55.80364 ], [ -4.35479, 55.80276 ], [ -4.35426, 55.80216 ], [ -4.3544, 55.80186 ], [ -4.35484, 55.80173 ], [ -4.35699, 55.80174 ], [ -4.35805, 55.80158 ], [ -4.35989, 55.80091 ], [ -4.35963, 55.80026 ], [ -4.36144, 55.80009 ], [ -4.3631, 55.80149 ], [ -4.36291, 55.80175 ], [ -4.36308, 55.80215 ], [ -4.36372, 55.80282 ], [ -4.36253, 55.80325 ], [ -4.36471, 55.80494 ], [ -4.36497, 55.80594 ], [ -4.36572, 55.80696 ], [ -4.36478, 55.807 ], [ -4.36438, 55.80619 ], [ -4.36389, 55.80573 ], [ -4.36357, 55.80519 ], [ -4.36405, 55.80507 ], [ -4.36241, 55.80367 ], [ -4.36167, 55.80322 ], [ -4.36046, 55.80387 ], [ -4.36013, 55.80366 ], [ -4.35831, 55.80464 ], [ -4.35686, 55.80378 ], [ -4.35635, 55.80407 ] ] ] ] } },
{ "type": "Feature", "properties": { "LSOA11_CD": "S01009785", "Neighborhood_Name": "Crookston South - 02", "uk_imd2019_LSOA": "S01009785", "uk_imd2019_Rank": "444", "uk_imd2019_SOA_pct": "6", "uk_imd2019_SOA_decile": "1" }, "geometry": { "type": "MultiPolygon", "coordinates": [ [ [ [ -4.34966, 55.81972 ], [ -4.34981, 55.81951 ], [ -4.35181, 55.81747 ], [ -4.35243, 55.81692 ], [ -4.35326, 55.81642 ], [ -4.35433, 55.81605 ], [ -4.35609, 55.81564 ], [ -4.35629, 55.81516 ], [ -4.35887, 55.81457 ], [ -4.35984, 55.81482 ], [ -4.36027, 55.81474 ], [ -4.36057, 55.81523 ], [ -4.36185, 55.81609 ], [ -4.36272, 55.81606 ], [ -4.36341, 55.81663 ], [ -4.36297, 55.81692 ], [ -4.36357, 55.81716 ], [ -4.36342, 55.81746 ], [ -4.36301, 55.8176 ], [ -4.36146, 55.81759 ], [ -4.3606, 55.81796 ], [ -4.35972, 55.81734 ], [ -4.3586, 55.81781 ], [ -4.35825, 55.81758 ], [ -4.357, 55.81823 ], [ -4.35648, 55.81792 ], [ -4.35583, 55.8179 ], [ -4.35535, 55.81827 ], [ -4.35498, 55.81813 ], [ -4.35433, 55.81895 ], [ -4.35298, 55.81862 ], [ -4.35224, 55.81896 ], [ -4.35163, 55.81957 ], [ -4.35198, 55.81967 ], [ -4.35171, 55.82002 ], [ -4.35072, 55.8197 ], [ -4.35022, 55.81987 ], [ -4.34966, 55.81972 ] ] ] ] } },
{ "type": "Feature", "properties": { "LSOA11_CD": "S01009786", "Neighborhood_Name": "Crookston South - 03", "uk_imd2019_LSOA": "S01009786", "uk_imd2019_Rank": "191", "uk_imd2019_SOA_pct": "3", "uk_imd2019_SOA_decile": "1" }, "geometry": { "type": "MultiPolygon", "coordinates": [ [ [ [ -4.34779, 55.82663 ], [ -4.34665, 55.82553 ], [ -4.34539, 55.82422 ], [ -4.34911, 55.82481 ], [ -4.35058, 55.82475 ], [ -4.35258, 55.82436 ], [ -4.35592, 55.82315 ], [ -4.35696, 55.82295 ], [ -4.35709, 55.82347 ], [ -4.35771, 55.82424 ], [ -4.35537, 55.82501 ], [ -4.35516, 55.82531 ], [ -4.35514, 55.82673 ], [ -4.35511, 55.82801 ], [ -4.3517, 55.82744 ], [ -4.35162, 55.82774 ], [ -4.35178, 55.82857 ], [ -4.3512, 55.82879 ], [ -4.35067, 55.82869 ], [ -4.35053, 55.82785 ], [ -4.34998, 55.82736 ], [ -4.34916, 55.82705 ], [ -4.34856, 55.8265 ], [ -4.34779, 55.82663 ] ] ] ] } },
{ "type": "Feature", "properties": { "LSOA11_CD": "S01009788", "Neighborhood_Name": "Crookston North - 01", "uk_imd2019_LSOA": "S01009788", "uk_imd2019_Rank": "1697", "uk_imd2019_SOA_pct": "24", "uk_imd2019_SOA_decile": "3" }, "geometry": { "type": "MultiPolygon", "coordinates": [ [ [ [ -4.33595, 55.83166 ], [ -4.33626, 55.8307 ], [ -4.336, 55.83023 ], [ -4.33673, 55.82803 ], [ -4.3372, 55.82731 ], [ -4.33802, 55.82693 ], [ -4.33836, 55.82585 ], [ -4.3351, 55.82553 ], [ -4.33537, 55.82473 ], [ -4.33609, 55.82489 ], [ -4.33631, 55.82417 ], [ -4.33681, 55.82424 ], [ -4.33725, 55.82326 ], [ -4.34096, 55.82362 ], [ -4.34097, 55.82399 ], [ -4.34142, 55.82437 ], [ -4.34015, 55.82481 ], [ -4.34057, 55.8253 ], [ -4.33919, 55.827 ], [ -4.33959, 55.82745 ], [ -4.33967, 55.82791 ], [ -4.33933, 55.8289 ], [ -4.33939, 55.82933 ], [ -4.33992, 55.82915 ], [ -4.34087, 55.82924 ], [ -4.34138, 55.82932 ], [ -4.34122, 55.82981 ], [ -4.3407, 55.82971 ], [ -4.34049, 55.83062 ], [ -4.33887, 55.83086 ], [ -4.33785, 55.83115 ], [ -4.33771, 55.83171 ], [ -4.33651, 55.83176 ], [ -4.33595, 55.83166 ] ] ] ] } },
{ "type": "Feature", "properties": { "LSOA11_CD": "S01009793", "Neighborhood_Name": "Pollok South and West - 02", "uk_imd2019_LSOA": "S01009793", "uk_imd2019_Rank": "5229", "uk_imd2019_SOA_pct": "75", "uk_imd2019_SOA_decile": "8" }, "geometry": { "type": "MultiPolygon", "coordinates": [ [ [ [ -4.37051, 55.83382 ], [ -4.37122, 55.83295 ], [ -4.37018, 55.83262 ], [ -4.3698, 55.83238 ], [ -4.36891, 55.83214 ], [ -4.36906, 55.83147 ], [ -4.36958, 55.83144 ], [ -4.37039, 55.83011 ], [ -4.37088, 55.82963 ], [ -4.36968, 55.8294 ], [ -4.36941, 55.82904 ], [ -4.3682, 55.8275 ], [ -4.36828, 55.82684 ], [ -4.36714, 55.82624 ], [ -4.36681, 55.82656 ], [ -4.36603, 55.82586 ], [ -4.36491, 55.82552 ], [ -4.36437, 55.82534 ], [ -4.36405, 55.82502 ], [ -4.36426, 55.82479 ], [ -4.36427, 55.82417 ], [ -4.36474, 55.82377 ], [ -4.36545, 55.82367 ], [ -4.36452, 55.82328 ], [ -4.36378, 55.82313 ], [ -4.36376, 55.8221 ], [ -4.36385, 55.82175 ], [ -4.36457, 55.82171 ], [ -4.36571, 55.82134 ], [ -4.36739, 55.82057 ], [ -4.36861, 55.8197 ], [ -4.36952, 55.82016 ], [ -4.37021, 55.81975 ], [ -4.36914, 55.81926 ], [ -4.36996, 55.81843 ], [ -4.3721, 55.81864 ], [ -4.37289, 55.81884 ], [ -4.37639, 55.82044 ], [ -4.37798, 55.82128 ], [ -4.38038, 55.82266 ], [ -4.38137, 55.8231 ], [ -4.37996, 55.82412 ], [ -4.3793, 55.82475 ], [ -4.37886, 55.82566 ], [ -4.37752, 55.82674 ], [ -4.37745, 55.82709 ], [ -4.37767, 55.82773 ], [ -4.37855, 55.82883 ], [ -4.37526, 55.83464 ], [ -4.37415, 55.835 ], [ -4.37286, 55.83476 ], [ -4.37194, 55.83448 ], [ -4.37122, 55.83399 ], [ -4.37051, 55.83382 ] ] ] ] } },
{ "type": "Feature", "properties": { "LSOA11_CD": "S01009795", "Neighborhood_Name": "Pollok South and West - 04", "uk_imd2019_LSOA": "S01009795", "uk_imd2019_Rank": "6026", "uk_imd2019_SOA_pct": "86", "uk_imd2019_SOA_decile": "9" }, "geometry": { "type": "MultiPolygon", "coordinates": [ [ [ [ -4.35511, 55.82801 ], [ -4.35514, 55.82673 ], [ -4.35692, 55.82719 ], [ -4.35706, 55.82752 ], [ -4.35753, 55.82789 ], [ -4.35766, 55.82707 ], [ -4.35842, 55.82671 ], [ -4.35942, 55.82561 ], [ -4.36068, 55.82566 ], [ -4.36086, 55.82532 ], [ -4.36207, 55.82526 ], [ -4.36324, 55.82528 ], [ -4.36405, 55.82502 ], [ -4.36437, 55.82534 ], [ -4.36491, 55.82552 ], [ -4.3652, 55.82582 ], [ -4.36509, 55.82632 ], [ -4.36467, 55.82636 ], [ -4.36432, 55.82555 ], [ -4.36322, 55.8256 ], [ -4.36318, 55.82628 ], [ -4.36412, 55.82619 ], [ -4.36417, 55.82659 ], [ -4.3632, 55.82659 ], [ -4.36323, 55.82878 ], [ -4.3632, 55.82994 ], [ -4.36221, 55.8299 ], [ -4.36075, 55.82956 ], [ -4.35777, 55.82871 ], [ -4.35657, 55.82803 ], [ -4.35511, 55.82801 ] ] ] ] } },
{ "type": "Feature", "properties": { "LSOA11_CD": "S01009796", "Neighborhood_Name": "Pollok South and West - 05", "uk_imd2019_LSOA": "S01009796", "uk_imd2019_Rank": "4551", "uk_imd2019_SOA_pct": "65", "uk_imd2019_SOA_decile": "7" }, "geometry": { "type": "MultiPolygon", "coordinates": [ [ [ [ -4.3632, 55.82994 ], [ -4.36323, 55.82878 ], [ -4.3632, 55.82659 ], [ -4.36417, 55.82659 ], [ -4.36412, 55.82619 ], [ -4.36318, 55.82628 ], [ -4.36322, 55.8256 ], [ -4.36432, 55.82555 ], [ -4.36467, 55.82636 ], [ -4.36509, 55.82632 ], [ -4.3652, 55.82582 ], [ -4.36491, 55.82552 ], [ -4.36603, 55.82586 ], [ -4.36681, 55.82656 ], [ -4.36714, 55.82624 ], [ -4.36828, 55.82684 ], [ -4.3682, 55.8275 ], [ -4.36941, 55.82904 ], [ -4.36857, 55.82936 ], [ -4.36827, 55.82967 ], [ -4.36749, 55.82984 ], [ -4.36643, 55.8294 ], [ -4.3647, 55.82979 ], [ -4.36453, 55.82965 ], [ -4.36366, 55.82993 ], [ -4.3632, 55.82994 ] ] ] ] } },
{ "type": "Feature", "properties": { "LSOA11_CD": "S01009797", "Neighborhood_Name": "Pollok South and West - 06", "uk_imd2019_LSOA": "S01009797", "uk_imd2019_Rank": "4547", "uk_imd2019_SOA_pct": "65", "uk_imd2019_SOA_decile": "7" }, "geometry": { "type": "MultiPolygon", "coordinates": [ [ [ [ -4.35771, 55.82424 ], [ -4.35709, 55.82347 ], [ -4.35696, 55.82295 ], [ -4.35592, 55.82315 ], [ -4.35428, 55.82235 ], [ -4.35639, 55.82115 ], [ -4.35666, 55.82084 ], [ -4.35798, 55.82105 ], [ -4.35965, 55.82083 ], [ -4.36038, 55.82056 ], [ -4.36092, 55.82002 ], [ -4.361, 55.8195 ], [ -4.36069, 55.81911 ], [ -4.36261, 55.81792 ], [ -4.36328, 55.81829 ], [ -4.36399, 55.81853 ], [ -4.3645, 55.81807 ], [ -4.36519, 55.81779 ], [ -4.36549, 55.81748 ], [ -4.36743, 55.81766 ], [ -4.36801, 55.81778 ], [ -4.36996, 55.81843 ], [ -4.36914, 55.81926 ], [ -4.37021, 55.81975 ], [ -4.36952, 55.82016 ], [ -4.36861, 55.8197 ], [ -4.36739, 55.82057 ], [ -4.36571, 55.82134 ], [ -4.36457, 55.82171 ], [ -4.36385, 55.82175 ], [ -4.36376, 55.8221 ], [ -4.36378, 55.82313 ], [ -4.36452, 55.82328 ], [ -4.36545, 55.82367 ], [ -4.36474, 55.82377 ], [ -4.36427, 55.82417 ], [ -4.36426, 55.82479 ], [ -4.36405, 55.82502 ], [ -4.36324, 55.82528 ], [ -4.36331, 55.825 ], [ -4.36263, 55.82481 ], [ -4.36286, 55.82455 ], [ -4.36211, 55.82432 ], [ -4.36213, 55.82398 ], [ -4.36124, 55.82381 ], [ -4.36051, 55.82384 ], [ -4.36048, 55.82355 ], [ -4.36107, 55.82332 ], [ -4.36208, 55.82309 ], [ -4.36169, 55.82264 ], [ -4.36036, 55.82285 ], [ -4.36046, 55.82308 ], [ -4.35999, 55.82366 ], [ -4.35771, 55.82424 ] ] ] ] } },
{ "type": "Feature", "properties": { "LSOA11_CD": "S01009798", "Neighborhood_Name": "Pollok South and West - 07", "uk_imd2019_LSOA": "S01009798", "uk_imd2019_Rank": "5937", "uk_imd2019_SOA_pct": "85", "uk_imd2019_SOA_decile": "9" }, "geometry": { "type": "MultiPolygon", "coordinates": [ [ [ [ -4.35514, 55.82673 ], [ -4.35516, 55.82531 ], [ -4.35537, 55.82501 ], [ -4.35771, 55.82424 ], [ -4.35999, 55.82366 ], [ -4.36046, 55.82308 ], [ -4.36036, 55.82285 ], [ -4.36169, 55.82264 ], [ -4.36208, 55.82309 ], [ -4.36107, 55.82332 ], [ -4.36048, 55.82355 ], [ -4.36051, 55.82384 ], [ -4.36124, 55.82381 ], [ -4.36213, 55.82398 ], [ -4.36211, 55.82432 ], [ -4.36286, 55.82455 ], [ -4.36263, 55.82481 ], [ -4.36331, 55.825 ], [ -4.36324, 55.82528 ], [ -4.36207, 55.82526 ], [ -4.36086, 55.82532 ], [ -4.36068, 55.82566 ], [ -4.35942, 55.82561 ], [ -4.35842, 55.82671 ], [ -4.35766, 55.82707 ], [ -4.35753, 55.82789 ], [ -4.35706, 55.82752 ], [ -4.35692, 55.82719 ], [ -4.35514, 55.82673 ] ] ] ] } },
{ "type": "Feature", "properties": { "LSOA11_CD": "S01009804", "Neighborhood_Name": "Pollok North and East - 06", "uk_imd2019_LSOA": "S01009804", "uk_imd2019_Rank": "1598", "uk_imd2019_SOA_pct": "23", "uk_imd2019_SOA_decile": "3" }, "geometry": { "type": "MultiPolygon", "coordinates": [ [ [ [ -4.35987, 55.83647 ], [ -4.36011, 55.83617 ], [ -4.36169, 55.83502 ], [ -4.36285, 55.83518 ], [ -4.363, 55.83481 ], [ -4.36252, 55.83426 ], [ -4.36316, 55.83399 ], [ -4.36325, 55.83327 ], [ -4.36508, 55.83353 ], [ -4.3664, 55.83332 ], [ -4.36801, 55.83325 ], [ -4.36955, 55.83345 ], [ -4.37051, 55.83382 ], [ -4.37122, 55.83399 ], [ -4.37194, 55.83448 ], [ -4.37286, 55.83476 ], [ -4.37415, 55.835 ], [ -4.37526, 55.83464 ], [ -4.3757, 55.83499 ], [ -4.37479, 55.83551 ], [ -4.37465, 55.83586 ], [ -4.37473, 55.83641 ], [ -4.37397, 55.83752 ], [ -4.37344, 55.83781 ], [ -4.37169, 55.83834 ], [ -4.37102, 55.83842 ], [ -4.36999, 55.83845 ], [ -4.36895, 55.83858 ], [ -4.36791, 55.83863 ], [ -4.36673, 55.83837 ], [ -4.3662, 55.83811 ], [ -4.3656, 55.83739 ], [ -4.36477, 55.83694 ], [ -4.36135, 55.83634 ], [ -4.36028, 55.83637 ], [ -4.35987, 55.83647 ] ] ] ] } },
{ "type": "Feature", "properties": { "LSOA11_CD": "S01009813", "Neighborhood_Name": "Cardonald North - 04", "uk_imd2019_LSOA": "S01009813", "uk_imd2019_Rank": "345", "uk_imd2019_SOA_pct": "5", "uk_imd2019_SOA_decile": "1" }, "geometry": { "type": "MultiPolygon", "coordinates": [ [ [ [ -4.33702, 55.84584 ], [ -4.3372, 55.84668 ], [ -4.33798, 55.8469 ], [ -4.33886, 55.84699 ], [ -4.34006, 55.84711 ], [ -4.34115, 55.84797 ], [ -4.34235, 55.84807 ], [ -4.34246, 55.84723 ], [ -4.34332, 55.8474 ], [ -4.34304, 55.8489 ], [ -4.34238, 55.84883 ], [ -4.34216, 55.84846 ], [ -4.34105, 55.84831 ], [ -4.34077, 55.84847 ], [ -4.33994, 55.84813 ], [ -4.33655, 55.84693 ], [ -4.33584, 55.84639 ], [ -4.3368, 55.8463 ], [ -4.33702, 55.84584 ] ] ] ] } },
{ "type": "Feature", "properties": { "LSOA11_CD": "S01009799", "Neighborhood_Name": "Pollok North and East - 01", "uk_imd2019_LSOA": "S01009799", "uk_imd2019_Rank": "150", "uk_imd2019_SOA_pct": "2", "uk_imd2019_SOA_decile": "1" }, "geometry": { "type": "MultiPolygon", "coordinates": [ [ [ [ -4.33595, 55.83826 ], [ -4.3349, 55.83766 ], [ -4.33607, 55.83344 ], [ -4.33631, 55.83281 ], [ -4.33673, 55.83244 ], [ -4.33885, 55.83186 ], [ -4.33858, 55.83166 ], [ -4.33771, 55.83171 ], [ -4.33785, 55.83115 ], [ -4.33887, 55.83086 ], [ -4.34049, 55.83062 ], [ -4.3407, 55.82971 ], [ -4.34122, 55.82981 ], [ -4.34103, 55.83057 ], [ -4.34138, 55.83086 ], [ -4.34297, 55.83189 ], [ -4.34323, 55.83221 ], [ -4.343, 55.8326 ], [ -4.34106, 55.83248 ], [ -4.34028, 55.83279 ], [ -4.34146, 55.83292 ], [ -4.34135, 55.83398 ], [ -4.34195, 55.83418 ], [ -4.34358, 55.83527 ], [ -4.34424, 55.8355 ], [ -4.34404, 55.8358 ], [ -4.34308, 55.8355 ], [ -4.3419, 55.83472 ], [ -4.34128, 55.83523 ], [ -4.34132, 55.83551 ], [ -4.34173, 55.83611 ], [ -4.34247, 55.83629 ], [ -4.34307, 55.83672 ], [ -4.34383, 55.83638 ], [ -4.34371, 55.83612 ], [ -4.34481, 55.83662 ], [ -4.34466, 55.83707 ], [ -4.34432, 55.83746 ], [ -4.34474, 55.83787 ], [ -4.34428, 55.83805 ], [ -4.34374, 55.8377 ], [ -4.34323, 55.83782 ], [ -4.34239, 55.83833 ], [ -4.34099, 55.83771 ], [ -4.34063, 55.83775 ], [ -4.34001, 55.83818 ], [ -4.33921, 55.83889 ], [ -4.33976, 55.83924 ], [ -4.33769, 55.83886 ], [ -4.3365, 55.8385 ], [ -4.33595, 55.83826 ] ] ] ] } },
{ "type": "Feature", "properties": { "LSOA11_CD": "S01009800", "Neighborhood_Name": "Pollok North and East - 02", "uk_imd2019_LSOA": "S01009800", "uk_imd2019_Rank": "1088", "uk_imd2019_SOA_pct": "16", "uk_imd2019_SOA_decile": "2" }, "geometry": { "type": "MultiPolygon", "coordinates": [ [ [ [ -4.34745, 55.84042 ], [ -4.34527, 55.83987 ], [ -4.34374, 55.83932 ], [ -4.3428, 55.83875 ], [ -4.34239, 55.83833 ], [ -4.34323, 55.83782 ], [ -4.34374, 55.8377 ], [ -4.34428, 55.83805 ], [ -4.34474, 55.83787 ], [ -4.34432, 55.83746 ], [ -4.34466, 55.83707 ], [ -4.34481, 55.83662 ], [ -4.34371, 55.83612 ], [ -4.3447, 55.83623 ], [ -4.34641, 55.83617 ], [ -4.34716, 55.83596 ], [ -4.34799, 55.83561 ], [ -4.34867, 55.83497 ], [ -4.34924, 55.83478 ], [ -4.34894, 55.83386 ], [ -4.35015, 55.83386 ], [ -4.35074, 55.83462 ], [ -4.351, 55.83478 ], [ -4.35494, 55.83591 ], [ -4.3562, 55.83619 ], [ -4.35645, 55.83636 ], [ -4.35743, 55.83647 ], [ -4.35788, 55.83658 ], [ -4.35771, 55.83701 ], [ -4.35809, 55.83782 ], [ -4.3569, 55.83712 ], [ -4.35601, 55.83694 ], [ -4.35492, 55.8369 ], [ -4.35497, 55.83771 ], [ -4.35429, 55.83808 ], [ -4.35325, 55.83778 ], [ -4.3515, 55.83958 ], [ -4.35161, 55.84061 ], [ -4.35035, 55.84064 ], [ -4.3483, 55.84052 ], [ -4.34745, 55.84042 ] ] ] ] } },
{ "type": "Feature", "properties": { "LSOA11_CD": "S01009801", "Neighborhood_Name": "Pollok North and East - 03", "uk_imd2019_LSOA": "S01009801", "uk_imd2019_Rank": "601", "uk_imd2019_SOA_pct": "9", "uk_imd2019_SOA_decile": "1" }, "geometry": { "type": "MultiPolygon", "coordinates": [ [ [ [ -4.34323, 55.83221 ], [ -4.34342, 55.83195 ], [ -4.34461, 55.8317 ], [ -4.34627, 55.83177 ], [ -4.34624, 55.8323 ], [ -4.34758, 55.83236 ], [ -4.34839, 55.83247 ], [ -4.34928, 55.83241 ], [ -4.34973, 55.83263 ], [ -4.34972, 55.83307 ], [ -4.35015, 55.83386 ], [ -4.34894, 55.83386 ], [ -4.34924, 55.83478 ], [ -4.34867, 55.83497 ], [ -4.34799, 55.83561 ], [ -4.34716, 55.83596 ], [ -4.34641, 55.83617 ], [ -4.3447, 55.83623 ], [ -4.34371, 55.83612 ], [ -4.34383, 55.83638 ], [ -4.34307, 55.83672 ], [ -4.34247, 55.83629 ], [ -4.34173, 55.83611 ], [ -4.34132, 55.83551 ], [ -4.34128, 55.83523 ], [ -4.3419, 55.83472 ], [ -4.34308, 55.8355 ], [ -4.34404, 55.8358 ], [ -4.34424, 55.8355 ], [ -4.34358, 55.83527 ], [ -4.34195, 55.83418 ], [ -4.34135, 55.83398 ], [ -4.34146, 55.83292 ], [ -4.34028, 55.83279 ], [ -4.34106, 55.83248 ], [ -4.343, 55.8326 ], [ -4.34323, 55.83221 ] ] ] ] } },
{ "type": "Feature", "properties": { "LSOA11_CD": "S01009802", "Neighborhood_Name": "Pollok North and East - 04", "uk_imd2019_LSOA": "S01009802", "uk_imd2019_Rank": "1065", "uk_imd2019_SOA_pct": "15", "uk_imd2019_SOA_decile": "2" }, "geometry": { "type": "MultiPolygon", "coordinates": [ [ [ [ -4.35809, 55.83782 ], [ -4.35771, 55.83701 ], [ -4.35788, 55.83658 ], [ -4.35743, 55.83647 ], [ -4.35798, 55.83544 ], [ -4.35825, 55.8358 ], [ -4.35885, 55.8359 ], [ -4.3592, 55.83636 ], [ -4.35987, 55.83647 ], [ -4.35884, 55.83663 ], [ -4.35856, 55.8369 ], [ -4.35809, 55.83782 ] ] ], [ [ [ -4.35809, 55.83782 ], [ -4.35999, 55.83887 ], [ -4.36064, 55.8388 ], [ -4.36131, 55.83929 ], [ -4.36277, 55.84005 ], [ -4.36322, 55.84054 ], [ -4.36282, 55.84108 ], [ -4.36162, 55.84184 ], [ -4.36099, 55.84177 ], [ -4.359, 55.84083 ], [ -4.35813, 55.84056 ], [ -4.35746, 55.84069 ], [ -4.35562, 55.84153 ], [ -4.35509, 55.84162 ], [ -4.3541, 55.84142 ], [ -4.35253, 55.84077 ], [ -4.35161, 55.84061 ], [ -4.3515, 55.83958 ], [ -4.35325, 55.83778 ], [ -4.35429, 55.83808 ], [ -4.35497, 55.83771 ], [ -4.35492, 55.8369 ], [ -4.35601, 55.83694 ], [ -4.3569, 55.83712 ], [ -4.35809, 55.83782 ] ] ] ] } },
{ "type": "Feature", "properties": { "LSOA11_CD": "S01009803", "Neighborhood_Name": "Pollok North and East - 05", "uk_imd2019_LSOA": "S01009803", "uk_imd2019_Rank": "579", "uk_imd2019_SOA_pct": "8", "uk_imd2019_SOA_decile": "1" }, "geometry": { "type": "MultiPolygon", "coordinates": [ [ [ [ -4.35743, 55.83647 ], [ -4.35645, 55.83636 ], [ -4.3562, 55.83619 ], [ -4.35494, 55.83591 ], [ -4.351, 55.83478 ], [ -4.35074, 55.83462 ], [ -4.35015, 55.83386 ], [ -4.34972, 55.83307 ], [ -4.34973, 55.83263 ], [ -4.35066, 55.83258 ], [ -4.35307, 55.83218 ], [ -4.35253, 55.83125 ], [ -4.3524, 55.83072 ], [ -4.35202, 55.83024 ], [ -4.35277, 55.83011 ], [ -4.3529, 55.83078 ], [ -4.35364, 55.83106 ], [ -4.35397, 55.83188 ], [ -4.35342, 55.83201 ], [ -4.35384, 55.83237 ], [ -4.35448, 55.83262 ], [ -4.35521, 55.83277 ], [ -4.35813, 55.8332 ], [ -4.35832, 55.83263 ], [ -4.35877, 55.83283 ], [ -4.35874, 55.83339 ], [ -4.35846, 55.83351 ], [ -4.35822, 55.834 ], [ -4.3614, 55.83447 ], [ -4.36252, 55.83426 ], [ -4.363, 55.83481 ], [ -4.36285, 55.83518 ], [ -4.36169, 55.83502 ], [ -4.36011, 55.83617 ], [ -4.35987, 55.83647 ], [ -4.3592, 55.83636 ], [ -4.35885, 55.8359 ], [ -4.35825, 55.8358 ], [ -4.35798, 55.83544 ], [ -4.35743, 55.83647 ] ] ] ] } },
{ "type": "Feature", "properties": { "LSOA11_CD": "S01009805", "Neighborhood_Name": "Pollok North and East - 07", "uk_imd2019_LSOA": "S01009805", "uk_imd2019_Rank": "708", "uk_imd2019_SOA_pct": "10", "uk_imd2019_SOA_decile": "2" }, "geometry": { "type": "MultiPolygon", "coordinates": [ [ [ [ -4.35277, 55.83011 ], [ -4.35237, 55.82941 ], [ -4.3512, 55.82879 ], [ -4.35178, 55.82857 ], [ -4.35162, 55.82774 ], [ -4.3517, 55.82744 ], [ -4.35511, 55.82801 ], [ -4.35562, 55.82946 ], [ -4.3556, 55.82973 ], [ -4.35605, 55.82993 ], [ -4.35772, 55.83147 ], [ -4.35949, 55.83166 ], [ -4.36159, 55.83182 ], [ -4.3621, 55.83162 ], [ -4.36225, 55.83131 ], [ -4.36297, 55.83138 ], [ -4.3632, 55.82994 ], [ -4.36366, 55.82993 ], [ -4.36453, 55.82965 ], [ -4.3647, 55.82979 ], [ -4.36443, 55.83051 ], [ -4.36378, 55.83065 ], [ -4.36368, 55.83158 ], [ -4.36325, 55.83327 ], [ -4.36316, 55.83399 ], [ -4.36252, 55.83426 ], [ -4.3614, 55.83447 ], [ -4.35822, 55.834 ], [ -4.35846, 55.83351 ], [ -4.35874, 55.83339 ], [ -4.35877, 55.83283 ], [ -4.35832, 55.83263 ], [ -4.35813, 55.8332 ], [ -4.35521, 55.83277 ], [ -4.35448, 55.83262 ], [ -4.35384, 55.83237 ], [ -4.35342, 55.83201 ], [ -4.35397, 55.83188 ], [ -4.35364, 55.83106 ], [ -4.3529, 55.83078 ], [ -4.35277, 55.83011 ] ] ] ] } },
{ "type": "Feature", "properties": { "LSOA11_CD": "S01009806", "Neighborhood_Name": "Cardonald South and East - 01", "uk_imd2019_LSOA": "S01009806", "uk_imd2019_Rank": "1125", "uk_imd2019_SOA_pct": "16", "uk_imd2019_SOA_decile": "2" }, "geometry": { "type": "MultiPolygon", "coordinates": [ [ [ [ -4.33702, 55.84584 ], [ -4.33505, 55.84599 ], [ -4.33481, 55.84548 ], [ -4.33426, 55.84549 ], [ -4.33442, 55.84607 ], [ -4.33306, 55.84625 ], [ -4.33102, 55.8466 ], [ -4.33067, 55.84624 ], [ -4.33162, 55.84477 ], [ -4.33, 55.8441 ], [ -4.32694, 55.84311 ], [ -4.32716, 55.84272 ], [ -4.33139, 55.8441 ], [ -4.3319, 55.84433 ], [ -4.33247, 55.84329 ], [ -4.33198, 55.84304 ], [ -4.33263, 55.84242 ], [ -4.33257, 55.8421 ], [ -4.33207, 55.84208 ], [ -4.33139, 55.84187 ], [ -4.33187, 55.84121 ], [ -4.33261, 55.84117 ], [ -4.33309, 55.84132 ], [ -4.33356, 55.84075 ], [ -4.33399, 55.84079 ], [ -4.3345, 55.84006 ], [ -4.33564, 55.84029 ], [ -4.33529, 55.84085 ], [ -4.33641, 55.84097 ], [ -4.33557, 55.84244 ], [ -4.33701, 55.84264 ], [ -4.33746, 55.84306 ], [ -4.339, 55.84337 ], [ -4.34276, 55.84344 ], [ -4.34281, 55.84376 ], [ -4.34391, 55.84371 ], [ -4.34509, 55.84376 ], [ -4.34511, 55.84348 ], [ -4.34568, 55.84343 ], [ -4.34648, 55.84447 ], [ -4.34712, 55.84485 ], [ -4.34834, 55.84547 ], [ -4.3462, 55.84546 ], [ -4.34621, 55.8458 ], [ -4.34501, 55.84576 ], [ -4.34368, 55.84582 ], [ -4.34368, 55.84552 ], [ -4.33868, 55.84577 ], [ -4.33886, 55.84699 ], [ -4.33798, 55.8469 ], [ -4.3372, 55.84668 ], [ -4.33702, 55.84584 ] ] ] ] } },
{ "type": "Feature", "properties": { "LSOA11_CD": "S01009808", "Neighborhood_Name": "Cardonald South and East - 03", "uk_imd2019_LSOA": "S01009808", "uk_imd2019_Rank": "2152", "uk_imd2019_SOA_pct": "31", "uk_imd2019_SOA_decile": "4" }, "geometry": { "type": "MultiPolygon", "coordinates": [ [ [ [ -4.33701, 55.84264 ], [ -4.33557, 55.84244 ], [ -4.33641, 55.84097 ], [ -4.33529, 55.84085 ], [ -4.33564, 55.84029 ], [ -4.3345, 55.84006 ], [ -4.33483, 55.83941 ], [ -4.33507, 55.83908 ], [ -4.33494, 55.83876 ], [ -4.33518, 55.83852 ], [ -4.33595, 55.83826 ], [ -4.3365, 55.8385 ], [ -4.33769, 55.83886 ], [ -4.33976, 55.83924 ], [ -4.33928, 55.83977 ], [ -4.33917, 55.84068 ], [ -4.33982, 55.84075 ], [ -4.33973, 55.84166 ], [ -4.33851, 55.84169 ], [ -4.33832, 55.84273 ], [ -4.33701, 55.84264 ] ] ] ] } },
{ "type": "Feature", "properties": { "LSOA11_CD": "S01009809", "Neighborhood_Name": "Cardonald South and East - 04", "uk_imd2019_LSOA": "S01009809", "uk_imd2019_Rank": "1848", "uk_imd2019_SOA_pct": "26", "uk_imd2019_SOA_decile": "3" }, "geometry": { "type": "MultiPolygon", "coordinates": [ [ [ [ -4.33973, 55.84166 ], [ -4.33982, 55.84075 ], [ -4.33917, 55.84068 ], [ -4.33928, 55.83977 ], [ -4.33976, 55.83924 ], [ -4.33921, 55.83889 ], [ -4.34001, 55.83818 ], [ -4.34063, 55.83775 ], [ -4.34099, 55.83771 ], [ -4.34239, 55.83833 ], [ -4.3428, 55.83875 ], [ -4.34374, 55.83932 ], [ -4.34527, 55.83987 ], [ -4.34745, 55.84042 ], [ -4.34741, 55.84061 ], [ -4.34787, 55.8408 ], [ -4.34772, 55.84101 ], [ -4.34731, 55.84099 ], [ -4.34543, 55.84057 ], [ -4.34426, 55.84047 ], [ -4.34406, 55.84089 ], [ -4.3434, 55.84079 ], [ -4.34325, 55.84104 ], [ -4.34545, 55.84148 ], [ -4.34494, 55.84193 ], [ -4.34398, 55.84206 ], [ -4.34404, 55.84237 ], [ -4.34277, 55.84231 ], [ -4.34297, 55.84137 ], [ -4.34233, 55.84132 ], [ -4.34225, 55.84166 ], [ -4.34066, 55.8417 ], [ -4.33973, 55.84166 ] ] ] ] } },
{ "type": "Feature", "properties": { "LSOA11_CD": "S01009810", "Neighborhood_Name": "Cardonald North - 01", "uk_imd2019_LSOA": "S01009810", "uk_imd2019_Rank": "593", "uk_imd2019_SOA_pct": "9", "uk_imd2019_SOA_decile": "1" }, "geometry": { "type": "MultiPolygon", "coordinates": [ [ [ [ -4.34078, 55.85281 ], [ -4.34007, 55.8527 ], [ -4.34038, 55.8515 ], [ -4.34097, 55.85146 ], [ -4.34159, 55.85173 ], [ -4.34177, 55.85106 ], [ -4.34216, 55.85075 ], [ -4.3417, 55.85022 ], [ -4.34291, 55.84914 ], [ -4.34304, 55.8489 ], [ -4.34356, 55.84927 ], [ -4.34458, 55.8493 ], [ -4.3445, 55.84979 ], [ -4.34391, 55.85014 ], [ -4.34419, 55.85057 ], [ -4.34411, 55.85095 ], [ -4.34462, 55.85136 ], [ -4.34451, 55.85165 ], [ -4.34553, 55.85178 ], [ -4.34609, 55.85216 ], [ -4.34558, 55.85241 ], [ -4.34559, 55.85335 ], [ -4.34253, 55.85297 ], [ -4.34078, 55.85281 ] ] ] ] } },
{ "type": "Feature", "properties": { "LSOA11_CD": "S01009815", "Neighborhood_Name": "Cardonald West and Central - 01", "uk_imd2019_LSOA": "S01009815", "uk_imd2019_Rank": "1551", "uk_imd2019_SOA_pct": "22", "uk_imd2019_SOA_decile": "3" }, "geometry": { "type": "MultiPolygon", "coordinates": [ [ [ [ -4.34712, 55.84485 ], [ -4.34648, 55.84447 ], [ -4.34568, 55.84343 ], [ -4.34524, 55.84225 ], [ -4.34494, 55.84193 ], [ -4.34545, 55.84148 ], [ -4.34325, 55.84104 ], [ -4.3434, 55.84079 ], [ -4.34406, 55.84089 ], [ -4.34426, 55.84047 ], [ -4.34543, 55.84057 ], [ -4.34731, 55.84099 ], [ -4.34772, 55.84101 ], [ -4.34873, 55.84122 ], [ -4.34868, 55.84167 ], [ -4.34964, 55.84188 ], [ -4.34947, 55.8422 ], [ -4.34978, 55.84252 ], [ -4.34934, 55.84263 ], [ -4.34912, 55.84224 ], [ -4.34713, 55.84182 ], [ -4.34695, 55.8423 ], [ -4.34712, 55.84274 ], [ -4.34757, 55.84326 ], [ -4.34846, 55.84363 ], [ -4.34921, 55.84372 ], [ -4.34893, 55.84409 ], [ -4.34854, 55.84402 ], [ -4.34818, 55.84493 ], [ -4.3477, 55.8446 ], [ -4.34712, 55.84485 ] ] ] ] } },
{ "type": "Feature", "properties": { "LSOA11_CD": "S01009816", "Neighborhood_Name": "Cardonald West and Central - 02", "uk_imd2019_LSOA": "S01009816", "uk_imd2019_Rank": "3423", "uk_imd2019_SOA_pct": "49", "uk_imd2019_SOA_decile": "5" }, "geometry": { "type": "MultiPolygon", "coordinates": [ [ [ [ -4.34921, 55.84372 ], [ -4.34846, 55.84363 ], [ -4.34757, 55.84326 ], [ -4.34712, 55.84274 ], [ -4.34695, 55.8423 ], [ -4.34713, 55.84182 ], [ -4.34912, 55.84224 ], [ -4.34934, 55.84263 ], [ -4.34978, 55.84252 ], [ -4.34947, 55.8422 ], [ -4.34964, 55.84188 ], [ -4.34868, 55.84167 ], [ -4.34873, 55.84122 ], [ -4.34772, 55.84101 ], [ -4.34787, 55.8408 ], [ -4.34741, 55.84061 ], [ -4.34904, 55.84083 ], [ -4.34994, 55.84102 ], [ -4.35174, 55.84156 ], [ -4.35331, 55.84228 ], [ -4.3546, 55.8428 ], [ -4.35353, 55.84325 ], [ -4.35383, 55.84352 ], [ -4.35287, 55.84392 ], [ -4.3512, 55.84409 ], [ -4.34921, 55.84372 ] ] ] ] } },
{ "type": "Feature", "properties": { "LSOA11_CD": "S01009820", "Neighborhood_Name": "Cardonald West and Central - 06", "uk_imd2019_LSOA": "S01009820", "uk_imd2019_Rank": "2500", "uk_imd2019_SOA_pct": "36", "uk_imd2019_SOA_decile": "4" }, "geometry": { "type": "MultiPolygon", "coordinates": [ [ [ [ -4.35641, 55.84572 ], [ -4.35507, 55.84578 ], [ -4.35473, 55.84549 ], [ -4.35493, 55.84476 ], [ -4.35571, 55.84477 ], [ -4.35584, 55.84391 ], [ -4.35572, 55.84307 ], [ -4.3546, 55.8428 ], [ -4.35331, 55.84228 ], [ -4.35174, 55.84156 ], [ -4.34994, 55.84102 ], [ -4.34904, 55.84083 ], [ -4.34741, 55.84061 ], [ -4.34745, 55.84042 ], [ -4.3483, 55.84052 ], [ -4.35035, 55.84064 ], [ -4.35161, 55.84061 ], [ -4.35253, 55.84077 ], [ -4.3541, 55.84142 ], [ -4.35509, 55.84162 ], [ -4.35562, 55.84153 ], [ -4.35746, 55.84069 ], [ -4.35813, 55.84056 ], [ -4.359, 55.84083 ], [ -4.36099, 55.84177 ], [ -4.36162, 55.84184 ], [ -4.36282, 55.84108 ], [ -4.36325, 55.84125 ], [ -4.36433, 55.8412 ], [ -4.36413, 55.84241 ], [ -4.36257, 55.84274 ], [ -4.36277, 55.84362 ], [ -4.36073, 55.84373 ], [ -4.36127, 55.84402 ], [ -4.36096, 55.84437 ], [ -4.36127, 55.8455 ], [ -4.35966, 55.84557 ], [ -4.35907, 55.846 ], [ -4.358, 55.84605 ], [ -4.35804, 55.84633 ], [ -4.35712, 55.84605 ], [ -4.35641, 55.84572 ] ] ] ] } },
{ "type": "Feature", "properties": { "LSOA11_CD": "S01009821", "Neighborhood_Name": "Cardonald West and Central - 07", "uk_imd2019_LSOA": "S01009821", "uk_imd2019_Rank": "3650", "uk_imd2019_SOA_pct": "52", "uk_imd2019_SOA_decile": "6" }, "geometry": { "type": "MultiPolygon", "coordinates": [ [ [ [ -4.35272, 55.84867 ], [ -4.35299, 55.8481 ], [ -4.35006, 55.84773 ], [ -4.35047, 55.8471 ], [ -4.35113, 55.84692 ], [ -4.35067, 55.8465 ], [ -4.35091, 55.84612 ], [ -4.35246, 55.84645 ], [ -4.35261, 55.84622 ], [ -4.35383, 55.84619 ], [ -4.35452, 55.84636 ], [ -4.35515, 55.84622 ], [ -4.35602, 55.84617 ], [ -4.35644, 55.84595 ], [ -4.35649, 55.84625 ], [ -4.35713, 55.84654 ], [ -4.35597, 55.84775 ], [ -4.35679, 55.84775 ], [ -4.35658, 55.84914 ], [ -4.35605, 55.84908 ], [ -4.3555, 55.84973 ], [ -4.35464, 55.84926 ], [ -4.35481, 55.84915 ], [ -4.35311, 55.84869 ], [ -4.35272, 55.84867 ] ] ] ] } },
{ "type": "Feature", "properties": { "LSOA11_CD": "S01009822", "Neighborhood_Name": "Penilee - 01", "uk_imd2019_LSOA": "S01009822", "uk_imd2019_Rank": "2350", "uk_imd2019_SOA_pct": "34", "uk_imd2019_SOA_decile": "4" }, "geometry": { "type": "MultiPolygon", "coordinates": [ [ [ [ -4.37629, 55.85421 ], [ -4.37641, 55.85353 ], [ -4.37537, 55.85348 ], [ -4.3747, 55.85304 ], [ -4.3748, 55.85223 ], [ -4.3744, 55.85197 ], [ -4.37508, 55.85198 ], [ -4.37562, 55.8518 ], [ -4.37652, 55.85186 ], [ -4.37712, 55.85207 ], [ -4.37712, 55.85146 ], [ -4.37975, 55.85101 ], [ -4.37917, 55.85262 ], [ -4.37987, 55.85421 ], [ -4.37925, 55.85435 ], [ -4.37877, 55.85373 ], [ -4.37762, 55.85314 ], [ -4.37734, 55.85395 ], [ -4.3781, 55.85435 ], [ -4.37814, 55.85487 ], [ -4.37756, 55.85538 ], [ -4.37675, 55.85515 ], [ -4.37683, 55.8542 ], [ -4.37629, 55.85421 ] ] ] ] } },
{ "type": "Feature", "properties": { "LSOA11_CD": "S01009828", "Neighborhood_Name": "Penilee - 07", "uk_imd2019_LSOA": "S01009828", "uk_imd2019_Rank": "165", "uk_imd2019_SOA_pct": "2", "uk_imd2019_SOA_decile": "1" }, "geometry": { "type": "MultiPolygon", "coordinates": [ [ [ [ -4.36744, 55.84976 ], [ -4.36752, 55.84933 ], [ -4.36698, 55.84929 ], [ -4.36728, 55.84852 ], [ -4.36547, 55.84839 ], [ -4.36445, 55.84818 ], [ -4.36416, 55.84765 ], [ -4.36282, 55.84768 ], [ -4.36301, 55.84737 ], [ -4.36111, 55.84743 ], [ -4.36092, 55.8472 ], [ -4.35987, 55.84725 ], [ -4.35981, 55.84674 ], [ -4.36051, 55.84671 ], [ -4.36247, 55.84665 ], [ -4.3632, 55.84658 ], [ -4.36318, 55.84621 ], [ -4.36351, 55.84585 ], [ -4.36424, 55.84577 ], [ -4.36453, 55.84614 ], [ -4.36461, 55.84657 ], [ -4.36535, 55.8465 ], [ -4.36665, 55.84651 ], [ -4.36835, 55.84632 ], [ -4.3687, 55.84703 ], [ -4.36802, 55.84729 ], [ -4.36926, 55.84814 ], [ -4.36913, 55.84847 ], [ -4.36839, 55.84891 ], [ -4.36816, 55.84923 ], [ -4.36805, 55.84982 ], [ -4.36744, 55.84976 ] ] ] ] } },
{ "type": "Feature", "properties": { "LSOA11_CD": "S01009823", "Neighborhood_Name": "Penilee - 02", "uk_imd2019_LSOA": "S01009823", "uk_imd2019_Rank": "827", "uk_imd2019_SOA_pct": "12", "uk_imd2019_SOA_decile": "2" }, "geometry": { "type": "MultiPolygon", "coordinates": [ [ [ [ -4.36463, 55.85528 ], [ -4.3642, 55.85514 ], [ -4.36444, 55.85439 ], [ -4.36544, 55.85423 ], [ -4.36599, 55.85448 ], [ -4.36689, 55.85403 ], [ -4.36759, 55.85423 ], [ -4.36752, 55.85451 ], [ -4.36829, 55.85458 ], [ -4.36844, 55.85388 ], [ -4.3694, 55.85392 ], [ -4.36947, 55.85355 ], [ -4.37039, 55.85356 ], [ -4.37047, 55.85408 ], [ -4.36983, 55.85408 ], [ -4.36976, 55.8546 ], [ -4.37022, 55.85471 ], [ -4.37007, 55.85516 ], [ -4.37333, 55.85553 ], [ -4.37321, 55.85509 ], [ -4.37619, 55.8554 ], [ -4.37629, 55.85421 ], [ -4.37683, 55.8542 ], [ -4.37675, 55.85515 ], [ -4.37756, 55.85538 ], [ -4.37814, 55.85487 ], [ -4.3781, 55.85435 ], [ -4.37734, 55.85395 ], [ -4.37762, 55.85314 ], [ -4.37877, 55.85373 ], [ -4.37925, 55.85435 ], [ -4.37987, 55.85421 ], [ -4.38083, 55.85629 ], [ -4.37807, 55.85625 ], [ -4.37753, 55.85619 ], [ -4.37644, 55.85639 ], [ -4.37475, 55.85623 ], [ -4.37263, 55.85609 ], [ -4.37176, 55.85598 ], [ -4.36839, 55.85566 ], [ -4.36589, 55.85537 ], [ -4.36463, 55.85528 ] ] ] ] } },
{ "type": "Feature", "properties": { "LSOA11_CD": "S01009824", "Neighborhood_Name": "Penilee - 03", "uk_imd2019_LSOA": "S01009824", "uk_imd2019_Rank": "1578", "uk_imd2019_SOA_pct": "23", "uk_imd2019_SOA_decile": "3" }, "geometry": { "type": "MultiPolygon", "coordinates": [ [ [ [ -4.36947, 55.85355 ], [ -4.36999, 55.85174 ], [ -4.37193, 55.85182 ], [ -4.3744, 55.85197 ], [ -4.3748, 55.85223 ], [ -4.3747, 55.85304 ], [ -4.37537, 55.85348 ], [ -4.37641, 55.85353 ], [ -4.37629, 55.85421 ], [ -4.37619, 55.8554 ], [ -4.37321, 55.85509 ], [ -4.37333, 55.85553 ], [ -4.37007, 55.85516 ], [ -4.37022, 55.85471 ], [ -4.36976, 55.8546 ], [ -4.36983, 55.85408 ], [ -4.37047, 55.85408 ], [ -4.37039, 55.85356 ], [ -4.36947, 55.85355 ] ] ] ] } },
{ "type": "Feature", "properties": { "LSOA11_CD": "S01009825", "Neighborhood_Name": "Penilee - 04", "uk_imd2019_LSOA": "S01009825", "uk_imd2019_Rank": "979", "uk_imd2019_SOA_pct": "14", "uk_imd2019_SOA_decile": "2" }, "geometry": { "type": "MultiPolygon", "coordinates": [ [ [ [ -4.36544, 55.85423 ], [ -4.36484, 55.85365 ], [ -4.36438, 55.85297 ], [ -4.36366, 55.85219 ], [ -4.36426, 55.8521 ], [ -4.36362, 55.8513 ], [ -4.36414, 55.85114 ], [ -4.36421, 55.85086 ], [ -4.36646, 55.85105 ], [ -4.36692, 55.85128 ], [ -4.36769, 55.85078 ], [ -4.36776, 55.85039 ], [ -4.36924, 55.85052 ], [ -4.36911, 55.85093 ], [ -4.37014, 55.85104 ], [ -4.37022, 55.85058 ], [ -4.37136, 55.85064 ], [ -4.3713, 55.85108 ], [ -4.37092, 55.85103 ], [ -4.37046, 55.85135 ], [ -4.37494, 55.85172 ], [ -4.37498, 55.85153 ], [ -4.37567, 55.85128 ], [ -4.37621, 55.85144 ], [ -4.37712, 55.85146 ], [ -4.37712, 55.85207 ], [ -4.37652, 55.85186 ], [ -4.37562, 55.8518 ], [ -4.37508, 55.85198 ], [ -4.3744, 55.85197 ], [ -4.37193, 55.85182 ], [ -4.36999, 55.85174 ], [ -4.36947, 55.85355 ], [ -4.3694, 55.85392 ], [ -4.36844, 55.85388 ], [ -4.36829, 55.85458 ], [ -4.36752, 55.85451 ], [ -4.36759, 55.85423 ], [ -4.36689, 55.85403 ], [ -4.36599, 55.85448 ], [ -4.36544, 55.85423 ] ] ] ] } },
{ "type": "Feature", "properties": { "LSOA11_CD": "S01009826", "Neighborhood_Name": "Penilee - 05", "uk_imd2019_LSOA": "S01009826", "uk_imd2019_Rank": "1057", "uk_imd2019_SOA_pct": "15", "uk_imd2019_SOA_decile": "2" }, "geometry": { "type": "MultiPolygon", "coordinates": [ [ [ [ -4.36231, 55.85155 ], [ -4.36152, 55.85089 ], [ -4.36226, 55.85077 ], [ -4.36274, 55.85055 ], [ -4.3627, 55.84829 ], [ -4.36282, 55.84768 ], [ -4.36416, 55.84765 ], [ -4.36445, 55.84818 ], [ -4.36547, 55.84839 ], [ -4.36728, 55.84852 ], [ -4.36698, 55.84929 ], [ -4.36752, 55.84933 ], [ -4.36744, 55.84976 ], [ -4.36728, 55.85033 ], [ -4.36776, 55.85039 ], [ -4.36769, 55.85078 ], [ -4.36692, 55.85128 ], [ -4.36646, 55.85105 ], [ -4.36421, 55.85086 ], [ -4.36414, 55.85114 ], [ -4.36362, 55.8513 ], [ -4.36426, 55.8521 ], [ -4.36366, 55.85219 ], [ -4.36308, 55.852 ], [ -4.36286, 55.85147 ], [ -4.36231, 55.85155 ] ] ] ] } },
{ "type": "Feature", "properties": { "LSOA11_CD": "S01009827", "Neighborhood_Name": "Penilee - 06", "uk_imd2019_LSOA": "S01009827", "uk_imd2019_Rank": "873", "uk_imd2019_SOA_pct": "13", "uk_imd2019_SOA_decile": "2" }, "geometry": { "type": "MultiPolygon", "coordinates": [ [ [ [ -4.36776, 55.85039 ], [ -4.36728, 55.85033 ], [ -4.36744, 55.84976 ], [ -4.36805, 55.84982 ], [ -4.36816, 55.84923 ], [ -4.36839, 55.84891 ], [ -4.36913, 55.84847 ], [ -4.36926, 55.84814 ], [ -4.36802, 55.84729 ], [ -4.3687, 55.84703 ], [ -4.3702, 55.8469 ], [ -4.37031, 55.84664 ], [ -4.37104, 55.84687 ], [ -4.37154, 55.84728 ], [ -4.37132, 55.84758 ], [ -4.37238, 55.84775 ], [ -4.37307, 55.84794 ], [ -4.37484, 55.84861 ], [ -4.37431, 55.84916 ], [ -4.37388, 55.85026 ], [ -4.3746, 55.85043 ], [ -4.37507, 55.85069 ], [ -4.37567, 55.85128 ], [ -4.37498, 55.85153 ], [ -4.37494, 55.85172 ], [ -4.37046, 55.85135 ], [ -4.37092, 55.85103 ], [ -4.3713, 55.85108 ], [ -4.37136, 55.85064 ], [ -4.37022, 55.85058 ], [ -4.37014, 55.85104 ], [ -4.36911, 55.85093 ], [ -4.36924, 55.85052 ], [ -4.36776, 55.85039 ] ] ] ] } },
{ "type": "Feature", "properties": { "LSOA11_CD": "S01009831", "Neighborhood_Name": "Hillington - 03", "uk_imd2019_LSOA": "S01009831", "uk_imd2019_Rank": "3425", "uk_imd2019_SOA_pct": "49", "uk_imd2019_SOA_decile": "5" }, "geometry": { "type": "MultiPolygon", "coordinates": [ [ [ [ -4.35469, 55.85219 ], [ -4.35337, 55.85201 ], [ -4.35349, 55.85166 ], [ -4.35327, 55.85137 ], [ -4.35358, 55.851 ], [ -4.35334, 55.85069 ], [ -4.35353, 55.85037 ], [ -4.35466, 55.85015 ], [ -4.35501, 55.85035 ], [ -4.35584, 55.84999 ], [ -4.3555, 55.84973 ], [ -4.35605, 55.84908 ], [ -4.35658, 55.84914 ], [ -4.35724, 55.84911 ], [ -4.35741, 55.84961 ], [ -4.35827, 55.85027 ], [ -4.35757, 55.85035 ], [ -4.35669, 55.85092 ], [ -4.35754, 55.85123 ], [ -4.35804, 55.85097 ], [ -4.35872, 55.85115 ], [ -4.36012, 55.85131 ], [ -4.3612, 55.85123 ], [ -4.36182, 55.85171 ], [ -4.36132, 55.85196 ], [ -4.36074, 55.85182 ], [ -4.36057, 55.85213 ], [ -4.35968, 55.85204 ], [ -4.35757, 55.8517 ], [ -4.35722, 55.85199 ], [ -4.35615, 55.85217 ], [ -4.3557, 55.85191 ], [ -4.35469, 55.85219 ] ] ] ] } },
{ "type": "Feature", "properties": { "LSOA11_CD": "S01009832", "Neighborhood_Name": "Hillington - 04", "uk_imd2019_LSOA": "S01009832", "uk_imd2019_Rank": "3020", "uk_imd2019_SOA_pct": "43", "uk_imd2019_SOA_decile": "5" }, "geometry": { "type": "MultiPolygon", "coordinates": [ [ [ [ -4.35658, 55.84914 ], [ -4.35679, 55.84775 ], [ -4.35597, 55.84775 ], [ -4.35713, 55.84654 ], [ -4.35649, 55.84625 ], [ -4.35644, 55.84595 ], [ -4.35641, 55.84572 ], [ -4.35712, 55.84605 ], [ -4.35804, 55.84633 ], [ -4.358, 55.84605 ], [ -4.35907, 55.846 ], [ -4.35966, 55.84557 ], [ -4.35971, 55.84598 ], [ -4.3604, 55.84596 ], [ -4.36051, 55.84671 ], [ -4.35981, 55.84674 ], [ -4.35987, 55.84725 ], [ -4.36092, 55.8472 ], [ -4.36111, 55.84743 ], [ -4.36301, 55.84737 ], [ -4.36282, 55.84768 ], [ -4.3627, 55.84829 ], [ -4.36274, 55.85055 ], [ -4.36226, 55.85077 ], [ -4.36152, 55.85089 ], [ -4.36231, 55.85155 ], [ -4.36182, 55.85171 ], [ -4.3612, 55.85123 ], [ -4.36012, 55.85131 ], [ -4.35872, 55.85115 ], [ -4.35804, 55.85097 ], [ -4.35754, 55.85123 ], [ -4.35669, 55.85092 ], [ -4.35757, 55.85035 ], [ -4.35827, 55.85027 ], [ -4.35741, 55.84961 ], [ -4.35724, 55.84911 ], [ -4.35658, 55.84914 ] ] ] ] } },
{ "type": "Feature", "properties": { "LSOA11_CD": "S01009847", "Neighborhood_Name": "Govan and Linthouse - 07", "uk_imd2019_LSOA": "S01009847", "uk_imd2019_Rank": "903", "uk_imd2019_SOA_pct": "13", "uk_imd2019_SOA_decile": "2" }, "geometry": { "type": "MultiPolygon", "coordinates": [ [ [ [ -4.31476, 55.86595 ], [ -4.31499, 55.86496 ], [ -4.31488, 55.86466 ], [ -4.31515, 55.86436 ], [ -4.31459, 55.86427 ], [ -4.31458, 55.86393 ], [ -4.31314, 55.86403 ], [ -4.31332, 55.86346 ], [ -4.31416, 55.86363 ], [ -4.31604, 55.8639 ], [ -4.31583, 55.865 ], [ -4.31827, 55.86513 ], [ -4.31866, 55.86509 ], [ -4.31888, 55.86455 ], [ -4.31893, 55.86391 ], [ -4.32109, 55.86393 ], [ -4.32893, 55.86411 ], [ -4.33273, 55.8643 ], [ -4.33296, 55.86369 ], [ -4.3335, 55.8641 ], [ -4.33423, 55.8642 ], [ -4.3348, 55.86444 ], [ -4.33478, 55.86462 ], [ -4.33754, 55.86527 ], [ -4.33733, 55.86798 ], [ -4.33743, 55.8683 ], [ -4.33614, 55.86843 ], [ -4.33316, 55.86829 ], [ -4.33122, 55.86803 ], [ -4.32895, 55.86803 ], [ -4.32664, 55.86791 ], [ -4.3253, 55.86764 ], [ -4.32544, 55.86512 ], [ -4.32398, 55.86509 ], [ -4.32379, 55.86738 ], [ -4.32302, 55.86721 ], [ -4.32261, 55.86748 ], [ -4.32161, 55.86726 ], [ -4.3211, 55.8674 ], [ -4.3206, 55.86734 ], [ -4.31978, 55.86699 ], [ -4.31902, 55.86711 ], [ -4.31748, 55.86639 ], [ -4.31701, 55.86661 ], [ -4.31653, 55.86629 ], [ -4.31595, 55.86632 ], [ -4.31476, 55.86595 ] ] ] ] } },
{ "type": "Feature", "properties": { "LSOA11_CD": "S01009833", "Neighborhood_Name": "Drumoyne and Shieldhall - 01", "uk_imd2019_LSOA": "S01009833", "uk_imd2019_Rank": "1610", "uk_imd2019_SOA_pct": "23", "uk_imd2019_SOA_decile": "3" }, "geometry": { "type": "MultiPolygon", "coordinates": [ [ [ [ -4.35468, 55.87303 ], [ -4.35416, 55.87287 ], [ -4.354, 55.87262 ], [ -4.35257, 55.86537 ], [ -4.35226, 55.86539 ], [ -4.35101, 55.86616 ], [ -4.35213, 55.87186 ], [ -4.35185, 55.87195 ], [ -4.34428, 55.86974 ], [ -4.34407, 55.86986 ], [ -4.34225, 55.86926 ], [ -4.3398, 55.8688 ], [ -4.33767, 55.8685 ], [ -4.33743, 55.8683 ], [ -4.33733, 55.86798 ], [ -4.33754, 55.86527 ], [ -4.33478, 55.86462 ], [ -4.3348, 55.86444 ], [ -4.33566, 55.86259 ], [ -4.33609, 55.86222 ], [ -4.33741, 55.86044 ], [ -4.33793, 55.85979 ], [ -4.34287, 55.8609 ], [ -4.34402, 55.8593 ], [ -4.34583, 55.85996 ], [ -4.34633, 55.85951 ], [ -4.34602, 55.8594 ], [ -4.34637, 55.85905 ], [ -4.34782, 55.85957 ], [ -4.34852, 55.85887 ], [ -4.34703, 55.85732 ], [ -4.34695, 55.85733 ], [ -4.34476, 55.85536 ], [ -4.34522, 55.85456 ], [ -4.34559, 55.85335 ], [ -4.34558, 55.85241 ], [ -4.34609, 55.85216 ], [ -4.34617, 55.85254 ], [ -4.34649, 55.85284 ], [ -4.34709, 55.853 ], [ -4.34955, 55.85321 ], [ -4.34944, 55.85364 ], [ -4.35369, 55.85405 ], [ -4.35715, 55.85441 ], [ -4.36108, 55.85483 ], [ -4.3642, 55.85514 ], [ -4.36463, 55.85528 ], [ -4.36269, 55.8578 ], [ -4.36168, 55.85931 ], [ -4.36138, 55.85986 ], [ -4.36044, 55.86079 ], [ -4.35667, 55.86348 ], [ -4.35305, 55.86353 ], [ -4.35307, 55.86382 ], [ -4.35341, 55.86419 ], [ -4.35449, 55.86487 ], [ -4.35483, 55.86518 ], [ -4.35509, 55.86571 ], [ -4.35533, 55.8668 ], [ -4.3553, 55.86706 ], [ -4.35581, 55.86912 ], [ -4.35579, 55.86965 ], [ -4.35599, 55.87043 ], [ -4.35568, 55.87079 ], [ -4.35572, 55.87131 ], [ -4.35591, 55.87159 ], [ -4.35622, 55.87314 ], [ -4.35552, 55.87316 ], [ -4.35468, 55.87303 ] ] ] ] } },
{ "type": "Feature", "properties": { "LSOA11_CD": "S01009834", "Neighborhood_Name": "Drumoyne and Shieldhall - 02", "uk_imd2019_LSOA": "S01009834", "uk_imd2019_Rank": "986", "uk_imd2019_SOA_pct": "14", "uk_imd2019_SOA_decile": "2" }, "geometry": { "type": "MultiPolygon", "coordinates": [ [ [ [ -4.33685, 55.85603 ], [ -4.33645, 55.85592 ], [ -4.33351, 55.85552 ], [ -4.33216, 55.85536 ], [ -4.33298, 55.85507 ], [ -4.33348, 55.85376 ], [ -4.33206, 55.85358 ], [ -4.33285, 55.85197 ], [ -4.33795, 55.8525 ], [ -4.34007, 55.8527 ], [ -4.34078, 55.85281 ], [ -4.34051, 55.8534 ], [ -4.34051, 55.8541 ], [ -4.34108, 55.85478 ], [ -4.34091, 55.85517 ], [ -4.34026, 55.85572 ], [ -4.33932, 55.85572 ], [ -4.33881, 55.85646 ], [ -4.33685, 55.85603 ] ] ] ] } },
{ "type": "Feature", "properties": { "LSOA11_CD": "S01009835", "Neighborhood_Name": "Drumoyne and Shieldhall - 03", "uk_imd2019_LSOA": "S01009835", "uk_imd2019_Rank": "605", "uk_imd2019_SOA_pct": "9", "uk_imd2019_SOA_decile": "1" }, "geometry": { "type": "MultiPolygon", "coordinates": [ [ [ [ -4.33044, 55.85682 ], [ -4.32962, 55.85666 ], [ -4.32925, 55.85634 ], [ -4.32888, 55.85581 ], [ -4.32901, 55.85547 ], [ -4.32828, 55.8549 ], [ -4.32982, 55.85512 ], [ -4.32976, 55.85491 ], [ -4.33021, 55.85367 ], [ -4.32964, 55.85351 ], [ -4.32975, 55.85322 ], [ -4.32949, 55.85296 ], [ -4.32885, 55.85295 ], [ -4.32875, 55.85259 ], [ -4.33067, 55.85273 ], [ -4.33062, 55.8531 ], [ -4.33106, 55.85315 ], [ -4.33146, 55.85182 ], [ -4.33285, 55.85197 ], [ -4.33206, 55.85358 ], [ -4.33348, 55.85376 ], [ -4.33298, 55.85507 ], [ -4.33216, 55.85536 ], [ -4.33351, 55.85552 ], [ -4.33645, 55.85592 ], [ -4.33685, 55.85603 ], [ -4.33654, 55.8566 ], [ -4.33467, 55.85638 ], [ -4.33453, 55.85679 ], [ -4.33346, 55.85667 ], [ -4.3333, 55.85695 ], [ -4.33269, 55.85687 ], [ -4.33282, 55.85639 ], [ -4.33081, 55.85618 ], [ -4.33044, 55.85682 ] ] ] ] } },
{ "type": "Feature", "properties": { "LSOA11_CD": "S01009836", "Neighborhood_Name": "Drumoyne and Shieldhall - 04", "uk_imd2019_LSOA": "S01009836", "uk_imd2019_Rank": "2397", "uk_imd2019_SOA_pct": "34", "uk_imd2019_SOA_decile": "4" }, "geometry": { "type": "MultiPolygon", "coordinates": [ [ [ [ -4.33793, 55.85979 ], [ -4.3384, 55.85915 ], [ -4.33823, 55.85893 ], [ -4.33667, 55.8593 ], [ -4.336, 55.8588 ], [ -4.33666, 55.85863 ], [ -4.33688, 55.85826 ], [ -4.33642, 55.85785 ], [ -4.33591, 55.85766 ], [ -4.33654, 55.8566 ], [ -4.33685, 55.85603 ], [ -4.33881, 55.85646 ], [ -4.33932, 55.85572 ], [ -4.34026, 55.85572 ], [ -4.34091, 55.85517 ], [ -4.34108, 55.85478 ], [ -4.34051, 55.8541 ], [ -4.34051, 55.8534 ], [ -4.34078, 55.85281 ], [ -4.34253, 55.85297 ], [ -4.34559, 55.85335 ], [ -4.34522, 55.85456 ], [ -4.34476, 55.85536 ], [ -4.34695, 55.85733 ], [ -4.34703, 55.85732 ], [ -4.34852, 55.85887 ], [ -4.34782, 55.85957 ], [ -4.34637, 55.85905 ], [ -4.34602, 55.8594 ], [ -4.34633, 55.85951 ], [ -4.34583, 55.85996 ], [ -4.34402, 55.8593 ], [ -4.34287, 55.8609 ], [ -4.33793, 55.85979 ] ] ] ] } },
{ "type": "Feature", "properties": { "LSOA11_CD": "S01009837", "Neighborhood_Name": "Drumoyne and Shieldhall - 05", "uk_imd2019_LSOA": "S01009837", "uk_imd2019_Rank": "677", "uk_imd2019_SOA_pct": "10", "uk_imd2019_SOA_decile": "1" }, "geometry": { "type": "MultiPolygon", "coordinates": [ [ [ [ -4.32977, 55.85989 ], [ -4.33017, 55.85734 ], [ -4.33096, 55.85687 ], [ -4.33044, 55.85682 ], [ -4.33081, 55.85618 ], [ -4.33282, 55.85639 ], [ -4.33269, 55.85687 ], [ -4.3333, 55.85695 ], [ -4.33346, 55.85667 ], [ -4.33453, 55.85679 ], [ -4.33467, 55.85638 ], [ -4.33654, 55.8566 ], [ -4.33591, 55.85766 ], [ -4.33642, 55.85785 ], [ -4.33688, 55.85826 ], [ -4.33666, 55.85863 ], [ -4.336, 55.8588 ], [ -4.33667, 55.8593 ], [ -4.33823, 55.85893 ], [ -4.3384, 55.85915 ], [ -4.33793, 55.85979 ], [ -4.33741, 55.86044 ], [ -4.33647, 55.86057 ], [ -4.33567, 55.86002 ], [ -4.33487, 55.86023 ], [ -4.33455, 55.86045 ], [ -4.33396, 55.86026 ], [ -4.33204, 55.86081 ], [ -4.332, 55.85988 ], [ -4.32977, 55.85989 ] ] ] ] } },
{ "type": "Feature", "properties": { "LSOA11_CD": "S01009838", "Neighborhood_Name": "Drumoyne and Shieldhall - 06", "uk_imd2019_LSOA": "S01009838", "uk_imd2019_Rank": "922", "uk_imd2019_SOA_pct": "13", "uk_imd2019_SOA_decile": "2" }, "geometry": { "type": "MultiPolygon", "coordinates": [ [ [ [ -4.33296, 55.86369 ], [ -4.33241, 55.86364 ], [ -4.33258, 55.86307 ], [ -4.3318, 55.86314 ], [ -4.33152, 55.86284 ], [ -4.33098, 55.8628 ], [ -4.33108, 55.86228 ], [ -4.33127, 55.86158 ], [ -4.33106, 55.86148 ], [ -4.32927, 55.86149 ], [ -4.32948, 55.86102 ], [ -4.32894, 55.86082 ], [ -4.32937, 55.86082 ], [ -4.32966, 55.86053 ], [ -4.32977, 55.85989 ], [ -4.332, 55.85988 ], [ -4.33204, 55.86081 ], [ -4.33396, 55.86026 ], [ -4.33455, 55.86045 ], [ -4.33487, 55.86023 ], [ -4.33567, 55.86002 ], [ -4.33647, 55.86057 ], [ -4.33741, 55.86044 ], [ -4.33609, 55.86222 ], [ -4.33566, 55.86259 ], [ -4.3348, 55.86444 ], [ -4.33423, 55.8642 ], [ -4.3335, 55.8641 ], [ -4.33296, 55.86369 ] ] ] ] } },
{ "type": "Feature", "properties": { "LSOA11_CD": "S01009839", "Neighborhood_Name": "Drumoyne and Shieldhall - 07", "uk_imd2019_LSOA": "S01009839", "uk_imd2019_Rank": "379", "uk_imd2019_SOA_pct": "5", "uk_imd2019_SOA_decile": "1" }, "geometry": { "type": "MultiPolygon", "coordinates": [ [ [ [ -4.32893, 55.86411 ], [ -4.32881, 55.86346 ], [ -4.32892, 55.86319 ], [ -4.32892, 55.86208 ], [ -4.32947, 55.86208 ], [ -4.33009, 55.86156 ], [ -4.33003, 55.86224 ], [ -4.33108, 55.86228 ], [ -4.33098, 55.8628 ], [ -4.33152, 55.86284 ], [ -4.3318, 55.86314 ], [ -4.33258, 55.86307 ], [ -4.33241, 55.86364 ], [ -4.33296, 55.86369 ], [ -4.33273, 55.8643 ], [ -4.32893, 55.86411 ] ] ] ] } },
{ "type": "Feature", "properties": { "LSOA11_CD": "S01009840", "Neighborhood_Name": "Drumoyne and Shieldhall - 08", "uk_imd2019_LSOA": "S01009840", "uk_imd2019_Rank": "932", "uk_imd2019_SOA_pct": "13", "uk_imd2019_SOA_decile": "2" }, "geometry": { "type": "MultiPolygon", "coordinates": [ [ [ [ -4.32472, 55.86071 ], [ -4.32437, 55.86017 ], [ -4.32471, 55.85867 ], [ -4.32313, 55.85853 ], [ -4.32279, 55.85847 ], [ -4.32309, 55.85782 ], [ -4.32415, 55.85795 ], [ -4.32446, 55.85718 ], [ -4.32532, 55.85724 ], [ -4.32541, 55.85707 ], [ -4.3258, 55.85712 ], [ -4.32603, 55.8562 ], [ -4.32621, 55.85595 ], [ -4.3273, 55.85626 ], [ -4.32809, 55.85617 ], [ -4.32844, 55.85644 ], [ -4.32925, 55.85634 ], [ -4.32962, 55.85666 ], [ -4.33044, 55.85682 ], [ -4.33096, 55.85687 ], [ -4.33017, 55.85734 ], [ -4.32977, 55.85989 ], [ -4.32966, 55.86053 ], [ -4.32937, 55.86082 ], [ -4.32894, 55.86082 ], [ -4.32848, 55.86084 ], [ -4.32519, 55.86076 ], [ -4.32472, 55.86071 ] ] ] ] } },
{ "type": "Feature", "properties": { "LSOA11_CD": "S01009841", "Neighborhood_Name": "Govan and Linthouse - 01", "uk_imd2019_LSOA": "S01009841", "uk_imd2019_Rank": "1040", "uk_imd2019_SOA_pct": "15", "uk_imd2019_SOA_decile": "2" }, "geometry": { "type": "MultiPolygon", "coordinates": [ [ [ [ -4.32207, 55.85977 ], [ -4.32283, 55.85957 ], [ -4.32313, 55.85853 ], [ -4.32471, 55.85867 ], [ -4.32437, 55.86017 ], [ -4.32472, 55.86071 ], [ -4.32387, 55.86156 ], [ -4.32262, 55.86166 ], [ -4.32198, 55.8613 ], [ -4.32215, 55.86088 ], [ -4.32166, 55.86082 ], [ -4.32207, 55.85977 ] ] ] ] } },
{ "type": "Feature", "properties": { "LSOA11_CD": "S01009842", "Neighborhood_Name": "Govan and Linthouse - 02", "uk_imd2019_LSOA": "S01009842", "uk_imd2019_Rank": "281", "uk_imd2019_SOA_pct": "4", "uk_imd2019_SOA_decile": "1" }, "geometry": { "type": "MultiPolygon", "coordinates": [ [ [ [ -4.3207, 55.85931 ], [ -4.32237, 55.85665 ], [ -4.32105, 55.85632 ], [ -4.32089, 55.85662 ], [ -4.31822, 55.85602 ], [ -4.31836, 55.85568 ], [ -4.31937, 55.85445 ], [ -4.31987, 55.85459 ], [ -4.32013, 55.85423 ], [ -4.31981, 55.85392 ], [ -4.3227, 55.85421 ], [ -4.32369, 55.85455 ], [ -4.32346, 55.85499 ], [ -4.32278, 55.85669 ], [ -4.32447, 55.85691 ], [ -4.32515, 55.85668 ], [ -4.32541, 55.85707 ], [ -4.32532, 55.85724 ], [ -4.32446, 55.85718 ], [ -4.32415, 55.85795 ], [ -4.32309, 55.85782 ], [ -4.32279, 55.85847 ], [ -4.32313, 55.85853 ], [ -4.32283, 55.85957 ], [ -4.32207, 55.85977 ], [ -4.32231, 55.85914 ], [ -4.32136, 55.85908 ], [ -4.3207, 55.85931 ] ] ] ] } },
{ "type": "Feature", "properties": { "LSOA11_CD": "S01009843", "Neighborhood_Name": "Govan and Linthouse - 03", "uk_imd2019_LSOA": "S01009843", "uk_imd2019_Rank": "43", "uk_imd2019_SOA_pct": "1", "uk_imd2019_SOA_decile": "1" }, "geometry": { "type": "MultiPolygon", "coordinates": [ [ [ [ -4.31318, 55.86283 ], [ -4.31337, 55.86209 ], [ -4.31094, 55.86197 ], [ -4.31016, 55.86198 ], [ -4.31012, 55.8613 ], [ -4.31079, 55.86118 ], [ -4.31193, 55.85883 ], [ -4.31249, 55.85853 ], [ -4.31291, 55.85812 ], [ -4.3135, 55.857 ], [ -4.31554, 55.85332 ], [ -4.31478, 55.85321 ], [ -4.3153, 55.85261 ], [ -4.31535, 55.85177 ], [ -4.31462, 55.85077 ], [ -4.31386, 55.85038 ], [ -4.31287, 55.85005 ], [ -4.31136, 55.84977 ], [ -4.32573, 55.85125 ], [ -4.32496, 55.85143 ], [ -4.32463, 55.85197 ], [ -4.32432, 55.85215 ], [ -4.3227, 55.85421 ], [ -4.31981, 55.85392 ], [ -4.32013, 55.85423 ], [ -4.31987, 55.85459 ], [ -4.31937, 55.85445 ], [ -4.31836, 55.85568 ], [ -4.31822, 55.85602 ], [ -4.32089, 55.85662 ], [ -4.32105, 55.85632 ], [ -4.32237, 55.85665 ], [ -4.3207, 55.85931 ], [ -4.32006, 55.85919 ], [ -4.31976, 55.85936 ], [ -4.3194, 55.85996 ], [ -4.31935, 55.86041 ], [ -4.31959, 55.86073 ], [ -4.31941, 55.86103 ], [ -4.31959, 55.86131 ], [ -4.3193, 55.86177 ], [ -4.31835, 55.86193 ], [ -4.31706, 55.86223 ], [ -4.31646, 55.8621 ], [ -4.31543, 55.8625 ], [ -4.31434, 55.86282 ], [ -4.31318, 55.86283 ] ] ] ] } },
{ "type": "Feature", "properties": { "LSOA11_CD": "S01009844", "Neighborhood_Name": "Govan and Linthouse - 04", "uk_imd2019_LSOA": "S01009844", "uk_imd2019_Rank": "97", "uk_imd2019_SOA_pct": "1", "uk_imd2019_SOA_decile": "1" }, "geometry": { "type": "MultiPolygon", "coordinates": [ [ [ [ -4.31604, 55.8639 ], [ -4.31416, 55.86363 ], [ -4.31385, 55.86314 ], [ -4.31265, 55.86317 ], [ -4.3126, 55.8628 ], [ -4.31318, 55.86283 ], [ -4.31434, 55.86282 ], [ -4.31543, 55.8625 ], [ -4.31646, 55.8621 ], [ -4.31706, 55.86223 ], [ -4.31758, 55.86259 ], [ -4.319, 55.86271 ], [ -4.31893, 55.86391 ], [ -4.31604, 55.8639 ] ] ] ] } },
{ "type": "Feature", "properties": { "LSOA11_CD": "S01009846", "Neighborhood_Name": "Govan and Linthouse - 06", "uk_imd2019_LSOA": "S01009846", "uk_imd2019_Rank": "674", "uk_imd2019_SOA_pct": "10", "uk_imd2019_SOA_decile": "1" }, "geometry": { "type": "MultiPolygon", "coordinates": [ [ [ [ -4.31893, 55.86391 ], [ -4.319, 55.86271 ], [ -4.31758, 55.86259 ], [ -4.31706, 55.86223 ], [ -4.31835, 55.86193 ], [ -4.3193, 55.86177 ], [ -4.31959, 55.86131 ], [ -4.31941, 55.86103 ], [ -4.31959, 55.86073 ], [ -4.31935, 55.86041 ], [ -4.3194, 55.85996 ], [ -4.31976, 55.85936 ], [ -4.32006, 55.85919 ], [ -4.3207, 55.85931 ], [ -4.32136, 55.85908 ], [ -4.32231, 55.85914 ], [ -4.32207, 55.85977 ], [ -4.32166, 55.86082 ], [ -4.32215, 55.86088 ], [ -4.32198, 55.8613 ], [ -4.32262, 55.86166 ], [ -4.32387, 55.86156 ], [ -4.32472, 55.86071 ], [ -4.32519, 55.86076 ], [ -4.32848, 55.86084 ], [ -4.32894, 55.86082 ], [ -4.32948, 55.86102 ], [ -4.32927, 55.86149 ], [ -4.33106, 55.86148 ], [ -4.33127, 55.86158 ], [ -4.33108, 55.86228 ], [ -4.33003, 55.86224 ], [ -4.33009, 55.86156 ], [ -4.32947, 55.86208 ], [ -4.32892, 55.86208 ], [ -4.32892, 55.86319 ], [ -4.32881, 55.86346 ], [ -4.32893, 55.86411 ], [ -4.32109, 55.86393 ], [ -4.31893, 55.86391 ] ] ] ] } },
{ "type": "Feature", "properties": { "LSOA11_CD": "S01009848", "Neighborhood_Name": "Craigton - 01", "uk_imd2019_LSOA": "S01009848", "uk_imd2019_Rank": "684", "uk_imd2019_SOA_pct": "10", "uk_imd2019_SOA_decile": "1" }, "geometry": { "type": "MultiPolygon", "coordinates": [ [ [ [ -4.32541, 55.85707 ], [ -4.32515, 55.85668 ], [ -4.32447, 55.85691 ], [ -4.32278, 55.85669 ], [ -4.32346, 55.85499 ], [ -4.32369, 55.85455 ], [ -4.3227, 55.85421 ], [ -4.32432, 55.85215 ], [ -4.32463, 55.85197 ], [ -4.32496, 55.85143 ], [ -4.32573, 55.85125 ], [ -4.32977, 55.85163 ], [ -4.33146, 55.85182 ], [ -4.33106, 55.85315 ], [ -4.33062, 55.8531 ], [ -4.33067, 55.85273 ], [ -4.32875, 55.85259 ], [ -4.32885, 55.85295 ], [ -4.32949, 55.85296 ], [ -4.32975, 55.85322 ], [ -4.32964, 55.85351 ], [ -4.33021, 55.85367 ], [ -4.32976, 55.85491 ], [ -4.32982, 55.85512 ], [ -4.32828, 55.8549 ], [ -4.32901, 55.85547 ], [ -4.32888, 55.85581 ], [ -4.32925, 55.85634 ], [ -4.32844, 55.85644 ], [ -4.32809, 55.85617 ], [ -4.3273, 55.85626 ], [ -4.32621, 55.85595 ], [ -4.32603, 55.8562 ], [ -4.3258, 55.85712 ], [ -4.32541, 55.85707 ] ] ] ] } },
{ "type": "Feature", "properties": { "LSOA11_CD": "S01009849", "Neighborhood_Name": "Craigton - 02", "uk_imd2019_LSOA": "S01009849", "uk_imd2019_Rank": "1169", "uk_imd2019_SOA_pct": "17", "uk_imd2019_SOA_decile": "2" }, "geometry": { "type": "MultiPolygon", "coordinates": [ [ [ [ -4.32021, 55.8481 ], [ -4.32228, 55.84778 ], [ -4.32638, 55.84727 ], [ -4.32736, 55.84711 ], [ -4.32802, 55.84832 ], [ -4.32693, 55.84847 ], [ -4.32697, 55.8487 ], [ -4.32617, 55.84912 ], [ -4.32502, 55.84924 ], [ -4.32454, 55.8491 ], [ -4.32406, 55.84916 ], [ -4.32375, 55.84857 ], [ -4.32329, 55.84851 ], [ -4.32275, 55.84886 ], [ -4.32261, 55.84931 ], [ -4.32292, 55.8496 ], [ -4.32409, 55.84971 ], [ -4.32408, 55.84998 ], [ -4.3217, 55.84986 ], [ -4.32175, 55.84954 ], [ -4.32143, 55.8492 ], [ -4.31986, 55.84896 ], [ -4.32021, 55.8481 ] ] ] ] } },
{ "type": "Feature", "properties": { "LSOA11_CD": "S01009850", "Neighborhood_Name": "Craigton - 03", "uk_imd2019_LSOA": "S01009850", "uk_imd2019_Rank": "1968", "uk_imd2019_SOA_pct": "28", "uk_imd2019_SOA_decile": "3" }, "geometry": { "type": "MultiPolygon", "coordinates": [ [ [ [ -4.32802, 55.84832 ], [ -4.32736, 55.84711 ], [ -4.32846, 55.84693 ], [ -4.32829, 55.84664 ], [ -4.33067, 55.84624 ], [ -4.33102, 55.8466 ], [ -4.33306, 55.84625 ], [ -4.33442, 55.84607 ], [ -4.33434, 55.84646 ], [ -4.33365, 55.84663 ], [ -4.33408, 55.84701 ], [ -4.33431, 55.84753 ], [ -4.33331, 55.84913 ], [ -4.33249, 55.84932 ], [ -4.3325, 55.84853 ], [ -4.33138, 55.84846 ], [ -4.33134, 55.84915 ], [ -4.33104, 55.84945 ], [ -4.33039, 55.84977 ], [ -4.32973, 55.84942 ], [ -4.33033, 55.84933 ], [ -4.33081, 55.84905 ], [ -4.33054, 55.84877 ], [ -4.32908, 55.84864 ], [ -4.32802, 55.84832 ] ] ] ] } },
{ "type": "Feature", "properties": { "LSOA11_CD": "S01009851", "Neighborhood_Name": "Craigton - 04", "uk_imd2019_LSOA": "S01009851", "uk_imd2019_Rank": "758", "uk_imd2019_SOA_pct": "11", "uk_imd2019_SOA_decile": "2" }, "geometry": { "type": "MultiPolygon", "coordinates": [ [ [ [ -4.33285, 55.85197 ], [ -4.33146, 55.85182 ], [ -4.32977, 55.85163 ], [ -4.32573, 55.85125 ], [ -4.31136, 55.84977 ], [ -4.31099, 55.84973 ], [ -4.31755, 55.84856 ], [ -4.32021, 55.8481 ], [ -4.31986, 55.84896 ], [ -4.32143, 55.8492 ], [ -4.32175, 55.84954 ], [ -4.3217, 55.84986 ], [ -4.32408, 55.84998 ], [ -4.32409, 55.84971 ], [ -4.32292, 55.8496 ], [ -4.32261, 55.84931 ], [ -4.32275, 55.84886 ], [ -4.32329, 55.84851 ], [ -4.32375, 55.84857 ], [ -4.32406, 55.84916 ], [ -4.32454, 55.8491 ], [ -4.32502, 55.84924 ], [ -4.32617, 55.84912 ], [ -4.32697, 55.8487 ], [ -4.32693, 55.84847 ], [ -4.32802, 55.84832 ], [ -4.32908, 55.84864 ], [ -4.33054, 55.84877 ], [ -4.33081, 55.84905 ], [ -4.33033, 55.84933 ], [ -4.32973, 55.84942 ], [ -4.33039, 55.84977 ], [ -4.33104, 55.84945 ], [ -4.33134, 55.84915 ], [ -4.33138, 55.84846 ], [ -4.3325, 55.84853 ], [ -4.33249, 55.84932 ], [ -4.33331, 55.84913 ], [ -4.33431, 55.84753 ], [ -4.33408, 55.84701 ], [ -4.33365, 55.84663 ], [ -4.33434, 55.84646 ], [ -4.33442, 55.84607 ], [ -4.33426, 55.84549 ], [ -4.33481, 55.84548 ], [ -4.33505, 55.84599 ], [ -4.33702, 55.84584 ], [ -4.3368, 55.8463 ], [ -4.33584, 55.84639 ], [ -4.33655, 55.84693 ], [ -4.33994, 55.84813 ], [ -4.34077, 55.84847 ], [ -4.34105, 55.84831 ], [ -4.34216, 55.84846 ], [ -4.34238, 55.84883 ], [ -4.34304, 55.8489 ], [ -4.34291, 55.84914 ], [ -4.3417, 55.85022 ], [ -4.34216, 55.85075 ], [ -4.34177, 55.85106 ], [ -4.34159, 55.85173 ], [ -4.34097, 55.85146 ], [ -4.34038, 55.8515 ], [ -4.34007, 55.8527 ], [ -4.33795, 55.8525 ], [ -4.33285, 55.85197 ] ] ] ] } },
{ "type": "Feature", "properties": { "LSOA11_CD": "S01009868", "Neighborhood_Name": "Kinning Park and Festival Park - 03", "uk_imd2019_LSOA": "S01009868", "uk_imd2019_Rank": "4102", "uk_imd2019_SOA_pct": "59", "uk_imd2019_SOA_decile": "6" }, "geometry": { "type": "MultiPolygon", "coordinates": [ [ [ [ -4.28613, 55.85026 ], [ -4.28673, 55.85055 ], [ -4.28768, 55.85018 ], [ -4.28798, 55.84954 ], [ -4.28897, 55.84973 ], [ -4.28865, 55.85128 ], [ -4.28742, 55.8512 ], [ -4.28793, 55.85185 ], [ -4.2892, 55.85175 ], [ -4.28925, 55.85199 ], [ -4.2889, 55.85225 ], [ -4.28605, 55.85253 ], [ -4.28294, 55.85309 ], [ -4.28274, 55.85281 ], [ -4.28352, 55.85267 ], [ -4.28356, 55.85233 ], [ -4.28399, 55.85234 ], [ -4.28415, 55.85136 ], [ -4.28581, 55.85143 ], [ -4.28613, 55.85026 ] ] ] ] } },
{ "type": "Feature", "properties": { "LSOA11_CD": "S01009852", "Neighborhood_Name": "Mosspark - 01", "uk_imd2019_LSOA": "S01009852", "uk_imd2019_Rank": "1936", "uk_imd2019_SOA_pct": "28", "uk_imd2019_SOA_decile": "3" }, "geometry": { "type": "MultiPolygon", "coordinates": [ [ [ [ -4.31019, 55.84676 ], [ -4.31069, 55.84656 ], [ -4.31394, 55.84576 ], [ -4.31353, 55.84438 ], [ -4.31276, 55.84297 ], [ -4.31185, 55.84098 ], [ -4.30962, 55.84121 ], [ -4.30957, 55.84058 ], [ -4.31137, 55.84019 ], [ -4.31622, 55.8393 ], [ -4.31699, 55.83912 ], [ -4.31956, 55.83827 ], [ -4.32, 55.83869 ], [ -4.32157, 55.8387 ], [ -4.32297, 55.8382 ], [ -4.3236, 55.8385 ], [ -4.32251, 55.83874 ], [ -4.32169, 55.83915 ], [ -4.32082, 55.83937 ], [ -4.32073, 55.83998 ], [ -4.32092, 55.84042 ], [ -4.32166, 55.84104 ], [ -4.32146, 55.84174 ], [ -4.32434, 55.84235 ], [ -4.32694, 55.84311 ], [ -4.32644, 55.84401 ], [ -4.32615, 55.8443 ], [ -4.32596, 55.84496 ], [ -4.32503, 55.84636 ], [ -4.32511, 55.84694 ], [ -4.32567, 55.84697 ], [ -4.32774, 55.84664 ], [ -4.32829, 55.84664 ], [ -4.32846, 55.84693 ], [ -4.32736, 55.84711 ], [ -4.32638, 55.84727 ], [ -4.32228, 55.84778 ], [ -4.32021, 55.8481 ], [ -4.31755, 55.84856 ], [ -4.31099, 55.84973 ], [ -4.31022, 55.84906 ], [ -4.30952, 55.84831 ], [ -4.30952, 55.84782 ], [ -4.31022, 55.84691 ], [ -4.31019, 55.84676 ] ] ] ] } },
{ "type": "Feature", "properties": { "LSOA11_CD": "S01009853", "Neighborhood_Name": "Mosspark - 02", "uk_imd2019_LSOA": "S01009853", "uk_imd2019_Rank": "1910", "uk_imd2019_SOA_pct": "27", "uk_imd2019_SOA_decile": "3" }, "geometry": { "type": "MultiPolygon", "coordinates": [ [ [ [ -4.32727, 55.83843 ], [ -4.32704, 55.83812 ], [ -4.32652, 55.838 ], [ -4.32601, 55.83825 ], [ -4.32551, 55.83788 ], [ -4.32561, 55.83763 ], [ -4.32745, 55.83717 ], [ -4.32608, 55.83718 ], [ -4.325, 55.83625 ], [ -4.32662, 55.8359 ], [ -4.32841, 55.83583 ], [ -4.32924, 55.83586 ], [ -4.33119, 55.83611 ], [ -4.33237, 55.83642 ], [ -4.3349, 55.83766 ], [ -4.33595, 55.83826 ], [ -4.33518, 55.83852 ], [ -4.33494, 55.83876 ], [ -4.33507, 55.83908 ], [ -4.33483, 55.83941 ], [ -4.33336, 55.83911 ], [ -4.33106, 55.83888 ], [ -4.33029, 55.83921 ], [ -4.32958, 55.83923 ], [ -4.3286, 55.8388 ], [ -4.32727, 55.83843 ] ] ] ] } },
{ "type": "Feature", "properties": { "LSOA11_CD": "S01009854", "Neighborhood_Name": "Mosspark - 03", "uk_imd2019_LSOA": "S01009854", "uk_imd2019_Rank": "1370", "uk_imd2019_SOA_pct": "20", "uk_imd2019_SOA_decile": "2" }, "geometry": { "type": "MultiPolygon", "coordinates": [ [ [ [ -4.32791, 55.83125 ], [ -4.32888, 55.83121 ], [ -4.32964, 55.83128 ], [ -4.33006, 55.83118 ], [ -4.3304, 55.83019 ], [ -4.33075, 55.82996 ], [ -4.33239, 55.82963 ], [ -4.33315, 55.82989 ], [ -4.33338, 55.8307 ], [ -4.3341, 55.83114 ], [ -4.33595, 55.83166 ], [ -4.33651, 55.83176 ], [ -4.33771, 55.83171 ], [ -4.33858, 55.83166 ], [ -4.33885, 55.83186 ], [ -4.33673, 55.83244 ], [ -4.33631, 55.83281 ], [ -4.33607, 55.83344 ], [ -4.3349, 55.83766 ], [ -4.33237, 55.83642 ], [ -4.33119, 55.83611 ], [ -4.32924, 55.83586 ], [ -4.32841, 55.83583 ], [ -4.32662, 55.8359 ], [ -4.325, 55.83625 ], [ -4.32246, 55.83716 ], [ -4.31956, 55.83827 ], [ -4.31982, 55.83726 ], [ -4.31945, 55.83348 ], [ -4.32103, 55.83295 ], [ -4.32156, 55.83191 ], [ -4.32253, 55.83158 ], [ -4.3244, 55.83185 ], [ -4.32565, 55.83238 ], [ -4.32578, 55.83175 ], [ -4.32732, 55.83163 ], [ -4.32791, 55.83125 ] ] ] ] } },
{ "type": "Feature", "properties": { "LSOA11_CD": "S01009855", "Neighborhood_Name": "Mosspark - 04", "uk_imd2019_LSOA": "S01009855", "uk_imd2019_Rank": "2428", "uk_imd2019_SOA_pct": "35", "uk_imd2019_SOA_decile": "4" }, "geometry": { "type": "MultiPolygon", "coordinates": [ [ [ [ -4.32169, 55.83915 ], [ -4.32251, 55.83874 ], [ -4.3236, 55.8385 ], [ -4.32297, 55.8382 ], [ -4.32157, 55.8387 ], [ -4.32, 55.83869 ], [ -4.31956, 55.83827 ], [ -4.32246, 55.83716 ], [ -4.325, 55.83625 ], [ -4.32608, 55.83718 ], [ -4.32745, 55.83717 ], [ -4.32561, 55.83763 ], [ -4.32551, 55.83788 ], [ -4.32601, 55.83825 ], [ -4.32652, 55.838 ], [ -4.32704, 55.83812 ], [ -4.32727, 55.83843 ], [ -4.32624, 55.83869 ], [ -4.32644, 55.83922 ], [ -4.32766, 55.83957 ], [ -4.32739, 55.83994 ], [ -4.32667, 55.84012 ], [ -4.32631, 55.84052 ], [ -4.32489, 55.8401 ], [ -4.32387, 55.84031 ], [ -4.32326, 55.84013 ], [ -4.32262, 55.83949 ], [ -4.32169, 55.83915 ] ] ] ] } },
{ "type": "Feature", "properties": { "LSOA11_CD": "S01009856", "Neighborhood_Name": "Mosspark - 05", "uk_imd2019_LSOA": "S01009856", "uk_imd2019_Rank": "2692", "uk_imd2019_SOA_pct": "39", "uk_imd2019_SOA_decile": "4" }, "geometry": { "type": "MultiPolygon", "coordinates": [ [ [ [ -4.32694, 55.84311 ], [ -4.33, 55.8441 ], [ -4.33162, 55.84477 ], [ -4.33067, 55.84624 ], [ -4.32829, 55.84664 ], [ -4.32774, 55.84664 ], [ -4.32567, 55.84697 ], [ -4.32511, 55.84694 ], [ -4.32503, 55.84636 ], [ -4.32596, 55.84496 ], [ -4.32615, 55.8443 ], [ -4.32644, 55.84401 ], [ -4.32694, 55.84311 ] ] ] ] } },
{ "type": "Feature", "properties": { "LSOA11_CD": "S01009857", "Neighborhood_Name": "Mosspark - 06", "uk_imd2019_LSOA": "S01009857", "uk_imd2019_Rank": "2580", "uk_imd2019_SOA_pct": "37", "uk_imd2019_SOA_decile": "4" }, "geometry": { "type": "MultiPolygon", "coordinates": [ [ [ [ -4.32694, 55.84311 ], [ -4.32434, 55.84235 ], [ -4.32146, 55.84174 ], [ -4.32166, 55.84104 ], [ -4.32092, 55.84042 ], [ -4.32073, 55.83998 ], [ -4.32082, 55.83937 ], [ -4.32169, 55.83915 ], [ -4.32262, 55.83949 ], [ -4.32326, 55.84013 ], [ -4.32387, 55.84031 ], [ -4.32489, 55.8401 ], [ -4.32631, 55.84052 ], [ -4.32667, 55.84012 ], [ -4.32739, 55.83994 ], [ -4.32766, 55.83957 ], [ -4.32848, 55.83932 ], [ -4.32934, 55.83971 ], [ -4.32947, 55.84026 ], [ -4.32834, 55.84046 ], [ -4.32806, 55.84103 ], [ -4.32743, 55.84135 ], [ -4.3277, 55.84185 ], [ -4.32828, 55.84244 ], [ -4.32904, 55.84207 ], [ -4.32909, 55.84166 ], [ -4.3302, 55.84181 ], [ -4.33126, 55.84243 ], [ -4.33198, 55.84304 ], [ -4.33247, 55.84329 ], [ -4.3319, 55.84433 ], [ -4.33139, 55.8441 ], [ -4.32716, 55.84272 ], [ -4.32694, 55.84311 ] ] ] ] } },
{ "type": "Feature", "properties": { "LSOA11_CD": "S01009858", "Neighborhood_Name": "Mosspark - 07", "uk_imd2019_LSOA": "S01009858", "uk_imd2019_Rank": "2736", "uk_imd2019_SOA_pct": "39", "uk_imd2019_SOA_decile": "4" }, "geometry": { "type": "MultiPolygon", "coordinates": [ [ [ [ -4.33198, 55.84304 ], [ -4.33126, 55.84243 ], [ -4.3302, 55.84181 ], [ -4.32909, 55.84166 ], [ -4.32904, 55.84207 ], [ -4.32828, 55.84244 ], [ -4.3277, 55.84185 ], [ -4.32743, 55.84135 ], [ -4.32806, 55.84103 ], [ -4.32834, 55.84046 ], [ -4.32947, 55.84026 ], [ -4.32934, 55.83971 ], [ -4.32848, 55.83932 ], [ -4.32766, 55.83957 ], [ -4.32644, 55.83922 ], [ -4.32624, 55.83869 ], [ -4.32727, 55.83843 ], [ -4.3286, 55.8388 ], [ -4.32958, 55.83923 ], [ -4.33029, 55.83921 ], [ -4.33106, 55.83888 ], [ -4.33336, 55.83911 ], [ -4.33483, 55.83941 ], [ -4.3345, 55.84006 ], [ -4.33399, 55.84079 ], [ -4.33356, 55.84075 ], [ -4.33309, 55.84132 ], [ -4.33261, 55.84117 ], [ -4.33187, 55.84121 ], [ -4.33139, 55.84187 ], [ -4.33207, 55.84208 ], [ -4.33257, 55.8421 ], [ -4.33263, 55.84242 ], [ -4.33198, 55.84304 ] ] ] ] } },
{ "type": "Feature", "properties": { "LSOA11_CD": "S01009860", "Neighborhood_Name": "Ibrox - 02", "uk_imd2019_LSOA": "S01009860", "uk_imd2019_Rank": "79", "uk_imd2019_SOA_pct": "1", "uk_imd2019_SOA_decile": "1" }, "geometry": { "type": "MultiPolygon", "coordinates": [ [ [ [ -4.30354, 55.86161 ], [ -4.30443, 55.86156 ], [ -4.3044, 55.86122 ], [ -4.30574, 55.86143 ], [ -4.30607, 55.86108 ], [ -4.30687, 55.8613 ], [ -4.30715, 55.86086 ], [ -4.30826, 55.86105 ], [ -4.30877, 55.86089 ], [ -4.3085, 55.86136 ], [ -4.31016, 55.86198 ], [ -4.31094, 55.86197 ], [ -4.31337, 55.86209 ], [ -4.31318, 55.86283 ], [ -4.3126, 55.8628 ], [ -4.31265, 55.86317 ], [ -4.31385, 55.86314 ], [ -4.31416, 55.86363 ], [ -4.31332, 55.86346 ], [ -4.31314, 55.86403 ], [ -4.31458, 55.86393 ], [ -4.31459, 55.86427 ], [ -4.31515, 55.86436 ], [ -4.31488, 55.86466 ], [ -4.31499, 55.86496 ], [ -4.31476, 55.86595 ], [ -4.30828, 55.86384 ], [ -4.30754, 55.86351 ], [ -4.30703, 55.86353 ], [ -4.30671, 55.86328 ], [ -4.30611, 55.86331 ], [ -4.30573, 55.86303 ], [ -4.30506, 55.86306 ], [ -4.30426, 55.86278 ], [ -4.30354, 55.86161 ] ] ] ] } },
{ "type": "Feature", "properties": { "LSOA11_CD": "S01009861", "Neighborhood_Name": "Ibrox - 03", "uk_imd2019_LSOA": "S01009861", "uk_imd2019_Rank": "394", "uk_imd2019_SOA_pct": "6", "uk_imd2019_SOA_decile": "1" }, "geometry": { "type": "MultiPolygon", "coordinates": [ [ [ [ -4.30877, 55.86089 ], [ -4.30925, 55.86097 ], [ -4.30935, 55.85978 ], [ -4.30957, 55.8586 ], [ -4.30711, 55.858 ], [ -4.30646, 55.85924 ], [ -4.30533, 55.85903 ], [ -4.30294, 55.85829 ], [ -4.30259, 55.85728 ], [ -4.30284, 55.85696 ], [ -4.30234, 55.85636 ], [ -4.30262, 55.85593 ], [ -4.30299, 55.85568 ], [ -4.30341, 55.85578 ], [ -4.30366, 55.85542 ], [ -4.30429, 55.85555 ], [ -4.30457, 55.85517 ], [ -4.30556, 55.85537 ], [ -4.30579, 55.85502 ], [ -4.30488, 55.85482 ], [ -4.30533, 55.85415 ], [ -4.30466, 55.85395 ], [ -4.30513, 55.8533 ], [ -4.30535, 55.85311 ], [ -4.30609, 55.85337 ], [ -4.3062, 55.85299 ], [ -4.30695, 55.85188 ], [ -4.31244, 55.85279 ], [ -4.31478, 55.85321 ], [ -4.31554, 55.85332 ], [ -4.3135, 55.857 ], [ -4.31291, 55.85812 ], [ -4.31249, 55.85853 ], [ -4.31193, 55.85883 ], [ -4.31079, 55.86118 ], [ -4.31012, 55.8613 ], [ -4.31016, 55.86198 ], [ -4.3085, 55.86136 ], [ -4.30877, 55.86089 ] ] ] ] } },
{ "type": "Feature", "properties": { "LSOA11_CD": "S01009869", "Neighborhood_Name": "Kinning Park and Festival Park - 04", "uk_imd2019_LSOA": "S01009869", "uk_imd2019_Rank": "3049", "uk_imd2019_SOA_pct": "44", "uk_imd2019_SOA_decile": "5" }, "geometry": { "type": "MultiPolygon", "coordinates": [ [ [ [ -4.28899, 55.85287 ], [ -4.2889, 55.85225 ], [ -4.28925, 55.85199 ], [ -4.2892, 55.85175 ], [ -4.28793, 55.85185 ], [ -4.28742, 55.8512 ], [ -4.28865, 55.85128 ], [ -4.29053, 55.85115 ], [ -4.29077, 55.8514 ], [ -4.29157, 55.85119 ], [ -4.29169, 55.85175 ], [ -4.29319, 55.85158 ], [ -4.2938, 55.85163 ], [ -4.29397, 55.85183 ], [ -4.29083, 55.85207 ], [ -4.29117, 55.85242 ], [ -4.29188, 55.85239 ], [ -4.29211, 55.85268 ], [ -4.28971, 55.8526 ], [ -4.28964, 55.85312 ], [ -4.28899, 55.85287 ] ] ] ] } },
{ "type": "Feature", "properties": { "LSOA11_CD": "S01009862", "Neighborhood_Name": "Ibrox East and Cessnock - 01", "uk_imd2019_LSOA": "S01009862", "uk_imd2019_Rank": "401", "uk_imd2019_SOA_pct": "6", "uk_imd2019_SOA_decile": "1" }, "geometry": { "type": "MultiPolygon", "coordinates": [ [ [ [ -4.2833, 55.8567 ], [ -4.28486, 55.85597 ], [ -4.2873, 55.85644 ], [ -4.28772, 55.85627 ], [ -4.28818, 55.85409 ], [ -4.28864, 55.85372 ], [ -4.28946, 55.85357 ], [ -4.28891, 55.85315 ], [ -4.29209, 55.85328 ], [ -4.29216, 55.85283 ], [ -4.29298, 55.85286 ], [ -4.29291, 55.85319 ], [ -4.29446, 55.85329 ], [ -4.29457, 55.85306 ], [ -4.29608, 55.85311 ], [ -4.29634, 55.85279 ], [ -4.29689, 55.85274 ], [ -4.29917, 55.85299 ], [ -4.29901, 55.85356 ], [ -4.29945, 55.85358 ], [ -4.29968, 55.85316 ], [ -4.30029, 55.85321 ], [ -4.30055, 55.85251 ], [ -4.301, 55.85255 ], [ -4.30181, 55.85245 ], [ -4.30377, 55.85277 ], [ -4.30513, 55.8533 ], [ -4.30466, 55.85395 ], [ -4.30533, 55.85415 ], [ -4.30488, 55.85482 ], [ -4.30579, 55.85502 ], [ -4.30556, 55.85537 ], [ -4.30457, 55.85517 ], [ -4.30429, 55.85555 ], [ -4.30366, 55.85542 ], [ -4.30341, 55.85578 ], [ -4.30299, 55.85568 ], [ -4.30262, 55.85593 ], [ -4.30234, 55.85636 ], [ -4.30284, 55.85696 ], [ -4.30259, 55.85728 ], [ -4.30149, 55.85703 ], [ -4.30138, 55.8572 ], [ -4.29855, 55.85665 ], [ -4.29754, 55.85633 ], [ -4.29624, 55.85617 ], [ -4.29591, 55.85668 ], [ -4.29459, 55.85651 ], [ -4.29424, 55.85696 ], [ -4.29492, 55.85711 ], [ -4.2942, 55.85823 ], [ -4.29421, 55.85839 ], [ -4.29634, 55.85888 ], [ -4.29685, 55.85944 ], [ -4.29654, 55.8596 ], [ -4.2945, 55.85915 ], [ -4.29116, 55.85849 ], [ -4.28745, 55.85763 ], [ -4.2833, 55.8567 ] ] ] ] } },
{ "type": "Feature", "properties": { "LSOA11_CD": "S01009863", "Neighborhood_Name": "Ibrox East and Cessnock - 02", "uk_imd2019_LSOA": "S01009863", "uk_imd2019_Rank": "1205", "uk_imd2019_SOA_pct": "17", "uk_imd2019_SOA_decile": "2" }, "geometry": { "type": "MultiPolygon", "coordinates": [ [ [ [ -4.29689, 55.85274 ], [ -4.29745, 55.85247 ], [ -4.29687, 55.85211 ], [ -4.29692, 55.85154 ], [ -4.30082, 55.85091 ], [ -4.30155, 55.85103 ], [ -4.301, 55.85255 ], [ -4.30055, 55.85251 ], [ -4.30029, 55.85321 ], [ -4.29968, 55.85316 ], [ -4.29945, 55.85358 ], [ -4.29901, 55.85356 ], [ -4.29917, 55.85299 ], [ -4.29689, 55.85274 ] ] ] ] } },
{ "type": "Feature", "properties": { "LSOA11_CD": "S01009864", "Neighborhood_Name": "Ibrox East and Cessnock - 03", "uk_imd2019_LSOA": "S01009864", "uk_imd2019_Rank": "1536", "uk_imd2019_SOA_pct": "22", "uk_imd2019_SOA_decile": "3" }, "geometry": { "type": "MultiPolygon", "coordinates": [ [ [ [ -4.30695, 55.85188 ], [ -4.302, 55.85103 ], [ -4.30193, 55.85075 ], [ -4.30394, 55.85057 ], [ -4.30438, 55.85084 ], [ -4.30497, 55.85099 ], [ -4.30562, 55.85093 ], [ -4.30586, 55.85048 ], [ -4.30638, 55.85062 ], [ -4.30691, 55.85051 ], [ -4.3072, 55.85023 ], [ -4.30906, 55.85007 ], [ -4.31099, 55.84973 ], [ -4.31136, 55.84977 ], [ -4.31287, 55.85005 ], [ -4.31386, 55.85038 ], [ -4.31462, 55.85077 ], [ -4.31535, 55.85177 ], [ -4.3153, 55.85261 ], [ -4.31478, 55.85321 ], [ -4.31244, 55.85279 ], [ -4.30695, 55.85188 ] ] ] ] } },
{ "type": "Feature", "properties": { "LSOA11_CD": "S01009866", "Neighborhood_Name": "Kinning Park and Festival Park - 01", "uk_imd2019_LSOA": "S01009866", "uk_imd2019_Rank": "2133", "uk_imd2019_SOA_pct": "31", "uk_imd2019_SOA_decile": "4" }, "geometry": { "type": "MultiPolygon", "coordinates": [ [ [ [ -4.28486, 55.85597 ], [ -4.28318, 55.85543 ], [ -4.28341, 55.8551 ], [ -4.28437, 55.85511 ], [ -4.28455, 55.85427 ], [ -4.28359, 55.85425 ], [ -4.28359, 55.85397 ], [ -4.28296, 55.85393 ], [ -4.28294, 55.85309 ], [ -4.28605, 55.85253 ], [ -4.2889, 55.85225 ], [ -4.28899, 55.85287 ], [ -4.28891, 55.85315 ], [ -4.28946, 55.85357 ], [ -4.28864, 55.85372 ], [ -4.28818, 55.85409 ], [ -4.28772, 55.85627 ], [ -4.2873, 55.85644 ], [ -4.28486, 55.85597 ] ] ] ] } },
{ "type": "Feature", "properties": { "LSOA11_CD": "S01009867", "Neighborhood_Name": "Kinning Park and Festival Park - 02", "uk_imd2019_LSOA": "S01009867", "uk_imd2019_Rank": "2291", "uk_imd2019_SOA_pct": "33", "uk_imd2019_SOA_decile": "4" }, "geometry": { "type": "MultiPolygon", "coordinates": [ [ [ [ -4.27669, 55.85563 ], [ -4.27686, 55.85537 ], [ -4.27765, 55.855 ], [ -4.2786, 55.85474 ], [ -4.27927, 55.85473 ], [ -4.27997, 55.85446 ], [ -4.27922, 55.85413 ], [ -4.27842, 55.85414 ], [ -4.27843, 55.85369 ], [ -4.27794, 55.85332 ], [ -4.27722, 55.85314 ], [ -4.27718, 55.85363 ], [ -4.27651, 55.85362 ], [ -4.27691, 55.85056 ], [ -4.27716, 55.85022 ], [ -4.27649, 55.84974 ], [ -4.28294, 55.85004 ], [ -4.28613, 55.85026 ], [ -4.28581, 55.85143 ], [ -4.28415, 55.85136 ], [ -4.28399, 55.85234 ], [ -4.28356, 55.85233 ], [ -4.28352, 55.85267 ], [ -4.28274, 55.85281 ], [ -4.28294, 55.85309 ], [ -4.28296, 55.85393 ], [ -4.28359, 55.85397 ], [ -4.28359, 55.85425 ], [ -4.28455, 55.85427 ], [ -4.28437, 55.85511 ], [ -4.28341, 55.8551 ], [ -4.28318, 55.85543 ], [ -4.28486, 55.85597 ], [ -4.2833, 55.8567 ], [ -4.27999, 55.85605 ], [ -4.27669, 55.85563 ] ] ] ] } },
{ "type": "Feature", "properties": { "LSOA11_CD": "S01009870", "Neighborhood_Name": "Kinning Park and Festival Park - 05", "uk_imd2019_LSOA": "S01009870", "uk_imd2019_Rank": "2417", "uk_imd2019_SOA_pct": "35", "uk_imd2019_SOA_decile": "4" }, "geometry": { "type": "MultiPolygon", "coordinates": [ [ [ [ -4.28891, 55.85315 ], [ -4.28899, 55.85287 ], [ -4.28964, 55.85312 ], [ -4.28971, 55.8526 ], [ -4.29211, 55.85268 ], [ -4.29188, 55.85239 ], [ -4.29117, 55.85242 ], [ -4.29083, 55.85207 ], [ -4.29397, 55.85183 ], [ -4.2956, 55.8517 ], [ -4.29692, 55.85154 ], [ -4.29687, 55.85211 ], [ -4.29745, 55.85247 ], [ -4.29689, 55.85274 ], [ -4.29634, 55.85279 ], [ -4.29608, 55.85311 ], [ -4.29457, 55.85306 ], [ -4.29446, 55.85329 ], [ -4.29291, 55.85319 ], [ -4.29298, 55.85286 ], [ -4.29216, 55.85283 ], [ -4.29209, 55.85328 ], [ -4.28891, 55.85315 ] ] ] ] } },
{ "type": "Feature", "properties": { "LSOA11_CD": "S01009871", "Neighborhood_Name": "Kingston West and Dumbreck - 01", "uk_imd2019_LSOA": "S01009871", "uk_imd2019_Rank": "1013", "uk_imd2019_SOA_pct": "15", "uk_imd2019_SOA_decile": "2" }, "geometry": { "type": "MultiPolygon", "coordinates": [ [ [ [ -4.28897, 55.84973 ], [ -4.28798, 55.84954 ], [ -4.28768, 55.85018 ], [ -4.28673, 55.85055 ], [ -4.28613, 55.85026 ], [ -4.28294, 55.85004 ], [ -4.27649, 55.84974 ], [ -4.27514, 55.84808 ], [ -4.27475, 55.84744 ], [ -4.27459, 55.84692 ], [ -4.27482, 55.84696 ], [ -4.27773, 55.84695 ], [ -4.2776, 55.84612 ], [ -4.27768, 55.8458 ], [ -4.27891, 55.84591 ], [ -4.27881, 55.84626 ], [ -4.27985, 55.84632 ], [ -4.28024, 55.84515 ], [ -4.28051, 55.84431 ], [ -4.28394, 55.84474 ], [ -4.28432, 55.84421 ], [ -4.28523, 55.8444 ], [ -4.28509, 55.84469 ], [ -4.28636, 55.84487 ], [ -4.28645, 55.84457 ], [ -4.28758, 55.84467 ], [ -4.28664, 55.84549 ], [ -4.28789, 55.84555 ], [ -4.29158, 55.84622 ], [ -4.29102, 55.84715 ], [ -4.29203, 55.84728 ], [ -4.2925, 55.84707 ], [ -4.29444, 55.84702 ], [ -4.29556, 55.84679 ], [ -4.29679, 55.84643 ], [ -4.29806, 55.84594 ], [ -4.29973, 55.84521 ], [ -4.30085, 55.84457 ], [ -4.30109, 55.84467 ], [ -4.30177, 55.84423 ], [ -4.30375, 55.84444 ], [ -4.30366, 55.84481 ], [ -4.30435, 55.8449 ], [ -4.30421, 55.84575 ], [ -4.30173, 55.84523 ], [ -4.3014, 55.84558 ], [ -4.30037, 55.84616 ], [ -4.29866, 55.84679 ], [ -4.29814, 55.84847 ], [ -4.29902, 55.84854 ], [ -4.29891, 55.84998 ], [ -4.2989, 55.85027 ], [ -4.29729, 55.85054 ], [ -4.29734, 55.84926 ], [ -4.29503, 55.84932 ], [ -4.28994, 55.84971 ], [ -4.28897, 55.84973 ] ] ] ] } },
{ "type": "Feature", "properties": { "LSOA11_CD": "S01009873", "Neighborhood_Name": "Kingston West and Dumbreck - 03", "uk_imd2019_LSOA": "S01009873", "uk_imd2019_Rank": "2645", "uk_imd2019_SOA_pct": "38", "uk_imd2019_SOA_decile": "4" }, "geometry": { "type": "MultiPolygon", "coordinates": [ [ [ [ -4.30155, 55.85103 ], [ -4.30082, 55.85091 ], [ -4.30056, 55.85025 ], [ -4.29994, 55.85028 ], [ -4.29951, 55.84977 ], [ -4.29891, 55.84998 ], [ -4.29902, 55.84854 ], [ -4.29814, 55.84847 ], [ -4.29866, 55.84679 ], [ -4.30037, 55.84616 ], [ -4.3014, 55.84558 ], [ -4.30173, 55.84523 ], [ -4.30421, 55.84575 ], [ -4.30435, 55.8449 ], [ -4.30366, 55.84481 ], [ -4.30375, 55.84444 ], [ -4.30664, 55.84468 ], [ -4.3065, 55.84508 ], [ -4.3073, 55.84517 ], [ -4.30716, 55.84578 ], [ -4.30745, 55.84619 ], [ -4.31009, 55.84632 ], [ -4.31019, 55.84676 ], [ -4.31022, 55.84691 ], [ -4.30952, 55.84782 ], [ -4.30952, 55.84831 ], [ -4.31022, 55.84906 ], [ -4.31099, 55.84973 ], [ -4.30906, 55.85007 ], [ -4.3072, 55.85023 ], [ -4.30691, 55.85051 ], [ -4.30638, 55.85062 ], [ -4.30586, 55.85048 ], [ -4.30562, 55.85093 ], [ -4.30497, 55.85099 ], [ -4.30438, 55.85084 ], [ -4.30394, 55.85057 ], [ -4.30193, 55.85075 ], [ -4.302, 55.85103 ], [ -4.30155, 55.85103 ] ] ] ] } },
{ "type": "Feature", "properties": { "LSOA11_CD": "S01009874", "Neighborhood_Name": "Kingston West and Dumbreck - 04", "uk_imd2019_LSOA": "S01009874", "uk_imd2019_Rank": "1134", "uk_imd2019_SOA_pct": "16", "uk_imd2019_SOA_decile": "2" }, "geometry": { "type": "MultiPolygon", "coordinates": [ [ [ [ -4.30375, 55.84444 ], [ -4.30177, 55.84423 ], [ -4.30215, 55.84388 ], [ -4.30342, 55.84324 ], [ -4.30773, 55.84124 ], [ -4.30843, 55.84094 ], [ -4.30957, 55.84058 ], [ -4.30962, 55.84121 ], [ -4.31185, 55.84098 ], [ -4.31276, 55.84297 ], [ -4.31353, 55.84438 ], [ -4.31394, 55.84576 ], [ -4.31069, 55.84656 ], [ -4.31019, 55.84676 ], [ -4.31009, 55.84632 ], [ -4.30745, 55.84619 ], [ -4.30716, 55.84578 ], [ -4.3073, 55.84517 ], [ -4.3065, 55.84508 ], [ -4.30664, 55.84468 ], [ -4.30375, 55.84444 ] ] ] ] } },
{ "type": "Feature", "properties": { "LSOA11_CD": "S01009875", "Neighborhood_Name": "Pollokshields West - 01", "uk_imd2019_LSOA": "S01009875", "uk_imd2019_Rank": "1195", "uk_imd2019_SOA_pct": "17", "uk_imd2019_SOA_decile": "2" }, "geometry": { "type": "MultiPolygon", "coordinates": [ [ [ [ -4.27459, 55.84692 ], [ -4.26968, 55.8457 ], [ -4.26982, 55.84533 ], [ -4.26943, 55.84517 ], [ -4.26876, 55.84442 ], [ -4.2712, 55.84472 ], [ -4.27098, 55.84443 ], [ -4.27133, 55.84387 ], [ -4.27177, 55.84292 ], [ -4.27234, 55.84302 ], [ -4.272, 55.84384 ], [ -4.27195, 55.84432 ], [ -4.27234, 55.84449 ], [ -4.27503, 55.84479 ], [ -4.27541, 55.8445 ], [ -4.27506, 55.84584 ], [ -4.27526, 55.84587 ], [ -4.27482, 55.84696 ], [ -4.27459, 55.84692 ] ] ] ] } },
{ "type": "Feature", "properties": { "LSOA11_CD": "S01009877", "Neighborhood_Name": "Pollokshields West - 03", "uk_imd2019_LSOA": "S01009877", "uk_imd2019_Rank": "5574", "uk_imd2019_SOA_pct": "80", "uk_imd2019_SOA_decile": "8" }, "geometry": { "type": "MultiPolygon", "coordinates": [ [ [ [ -4.27541, 55.8445 ], [ -4.27588, 55.84343 ], [ -4.27671, 55.84353 ], [ -4.27651, 55.84312 ], [ -4.27666, 55.84281 ], [ -4.27619, 55.84274 ], [ -4.27676, 55.8414 ], [ -4.27758, 55.84142 ], [ -4.27757, 55.8417 ], [ -4.27866, 55.84158 ], [ -4.27961, 55.84171 ], [ -4.27986, 55.84103 ], [ -4.28155, 55.84149 ], [ -4.2823, 55.84162 ], [ -4.28337, 55.84158 ], [ -4.28291, 55.841 ], [ -4.28364, 55.84078 ], [ -4.28513, 55.84055 ], [ -4.28537, 55.84104 ], [ -4.28756, 55.84101 ], [ -4.28857, 55.84125 ], [ -4.28873, 55.84164 ], [ -4.2894, 55.84173 ], [ -4.28895, 55.843 ], [ -4.2887, 55.84342 ], [ -4.28952, 55.84353 ], [ -4.28941, 55.84376 ], [ -4.28882, 55.84369 ], [ -4.28864, 55.84349 ], [ -4.288, 55.8443 ], [ -4.28758, 55.84467 ], [ -4.28645, 55.84457 ], [ -4.28636, 55.84487 ], [ -4.28509, 55.84469 ], [ -4.28523, 55.8444 ], [ -4.28432, 55.84421 ], [ -4.28394, 55.84474 ], [ -4.28051, 55.84431 ], [ -4.28024, 55.84515 ], [ -4.27688, 55.84467 ], [ -4.27541, 55.8445 ] ] ] ] } },
{ "type": "Feature", "properties": { "LSOA11_CD": "S01009878", "Neighborhood_Name": "Pollokshields West - 04", "uk_imd2019_LSOA": "S01009878", "uk_imd2019_Rank": "1915", "uk_imd2019_SOA_pct": "27", "uk_imd2019_SOA_decile": "3" }, "geometry": { "type": "MultiPolygon", "coordinates": [ [ [ [ -4.272, 55.84384 ], [ -4.27317, 55.84395 ], [ -4.2739, 55.84235 ], [ -4.27452, 55.84269 ], [ -4.27501, 55.84255 ], [ -4.27619, 55.84274 ], [ -4.27666, 55.84281 ], [ -4.27651, 55.84312 ], [ -4.27671, 55.84353 ], [ -4.27588, 55.84343 ], [ -4.27541, 55.8445 ], [ -4.27503, 55.84479 ], [ -4.27234, 55.84449 ], [ -4.27195, 55.84432 ], [ -4.272, 55.84384 ] ] ] ] } },
{ "type": "Feature", "properties": { "LSOA11_CD": "S01009879", "Neighborhood_Name": "Pollokshields West - 05", "uk_imd2019_LSOA": "S01009879", "uk_imd2019_Rank": "6349", "uk_imd2019_SOA_pct": "91", "uk_imd2019_SOA_decile": "10" }, "geometry": { "type": "MultiPolygon", "coordinates": [ [ [ [ -4.29158, 55.84622 ], [ -4.28789, 55.84555 ], [ -4.28664, 55.84549 ], [ -4.28758, 55.84467 ], [ -4.288, 55.8443 ], [ -4.28864, 55.84349 ], [ -4.28882, 55.84369 ], [ -4.28941, 55.84376 ], [ -4.28952, 55.84353 ], [ -4.2887, 55.84342 ], [ -4.28895, 55.843 ], [ -4.2894, 55.84173 ], [ -4.28873, 55.84164 ], [ -4.28857, 55.84125 ], [ -4.28756, 55.84101 ], [ -4.28783, 55.84071 ], [ -4.28721, 55.84034 ], [ -4.28771, 55.84008 ], [ -4.28968, 55.84095 ], [ -4.29091, 55.83966 ], [ -4.29162, 55.83923 ], [ -4.29267, 55.83937 ], [ -4.29327, 55.83904 ], [ -4.29671, 55.83978 ], [ -4.29889, 55.84013 ], [ -4.29871, 55.84061 ], [ -4.29944, 55.84071 ], [ -4.29983, 55.8396 ], [ -4.30103, 55.83934 ], [ -4.30284, 55.8389 ], [ -4.30307, 55.8394 ], [ -4.30224, 55.83954 ], [ -4.30107, 55.83994 ], [ -4.30035, 55.84029 ], [ -4.30021, 55.84075 ], [ -4.30038, 55.8413 ], [ -4.29989, 55.84138 ], [ -4.29961, 55.84182 ], [ -4.299, 55.84174 ], [ -4.29797, 55.84312 ], [ -4.29784, 55.84371 ], [ -4.29623, 55.84371 ], [ -4.2955, 55.84363 ], [ -4.29525, 55.84418 ], [ -4.29441, 55.84405 ], [ -4.29418, 55.84467 ], [ -4.29342, 55.84427 ], [ -4.29265, 55.8446 ], [ -4.29197, 55.84468 ], [ -4.292, 55.84547 ], [ -4.29158, 55.84622 ] ] ] ] } },
{ "type": "Feature", "properties": { "LSOA11_CD": "S01009880", "Neighborhood_Name": "Pollokshields West - 06", "uk_imd2019_LSOA": "S01009880", "uk_imd2019_Rank": "3694", "uk_imd2019_SOA_pct": "53", "uk_imd2019_SOA_decile": "6" }, "geometry": { "type": "MultiPolygon", "coordinates": [ [ [ [ -4.29158, 55.84622 ], [ -4.292, 55.84547 ], [ -4.29197, 55.84468 ], [ -4.29265, 55.8446 ], [ -4.29342, 55.84427 ], [ -4.29418, 55.84467 ], [ -4.29441, 55.84405 ], [ -4.29525, 55.84418 ], [ -4.2955, 55.84363 ], [ -4.29623, 55.84371 ], [ -4.29784, 55.84371 ], [ -4.29797, 55.84312 ], [ -4.30057, 55.84341 ], [ -4.30129, 55.84362 ], [ -4.30258, 55.84288 ], [ -4.30342, 55.84324 ], [ -4.30215, 55.84388 ], [ -4.30177, 55.84423 ], [ -4.30109, 55.84467 ], [ -4.30085, 55.84457 ], [ -4.29973, 55.84521 ], [ -4.29806, 55.84594 ], [ -4.29679, 55.84643 ], [ -4.29556, 55.84679 ], [ -4.29444, 55.84702 ], [ -4.2925, 55.84707 ], [ -4.29203, 55.84728 ], [ -4.29102, 55.84715 ], [ -4.29158, 55.84622 ] ] ] ] } },
{ "type": "Feature", "properties": { "LSOA11_CD": "S01009881", "Neighborhood_Name": "Pollokshields East - 01", "uk_imd2019_LSOA": "S01009881", "uk_imd2019_Rank": "2434", "uk_imd2019_SOA_pct": "35", "uk_imd2019_SOA_decile": "4" }, "geometry": { "type": "MultiPolygon", "coordinates": [ [ [ [ -4.26298, 55.84449 ], [ -4.26349, 55.84381 ], [ -4.26431, 55.84313 ], [ -4.26359, 55.84306 ], [ -4.26414, 55.84268 ], [ -4.26469, 55.84292 ], [ -4.26593, 55.84237 ], [ -4.26785, 55.84172 ], [ -4.26844, 55.84132 ], [ -4.26886, 55.8414 ], [ -4.2683, 55.84251 ], [ -4.2679, 55.84355 ], [ -4.27037, 55.84385 ], [ -4.27074, 55.84294 ], [ -4.27063, 55.84272 ], [ -4.27095, 55.84216 ], [ -4.27058, 55.8417 ], [ -4.2739, 55.84235 ], [ -4.27317, 55.84395 ], [ -4.272, 55.84384 ], [ -4.27234, 55.84302 ], [ -4.27177, 55.84292 ], [ -4.27133, 55.84387 ], [ -4.27098, 55.84443 ], [ -4.2712, 55.84472 ], [ -4.26876, 55.84442 ], [ -4.26943, 55.84517 ], [ -4.26982, 55.84533 ], [ -4.26968, 55.8457 ], [ -4.26892, 55.84575 ], [ -4.2654, 55.84539 ], [ -4.26469, 55.84527 ], [ -4.26368, 55.84494 ], [ -4.26298, 55.84449 ] ] ] ] } },
{ "type": "Feature", "properties": { "LSOA11_CD": "S01009882", "Neighborhood_Name": "Pollokshields East - 02", "uk_imd2019_LSOA": "S01009882", "uk_imd2019_Rank": "3521", "uk_imd2019_SOA_pct": "50", "uk_imd2019_SOA_decile": "6" }, "geometry": { "type": "MultiPolygon", "coordinates": [ [ [ [ -4.26593, 55.83874 ], [ -4.2672, 55.83891 ], [ -4.26801, 55.8382 ], [ -4.26831, 55.83848 ], [ -4.2698, 55.83833 ], [ -4.26981, 55.8389 ], [ -4.27218, 55.83806 ], [ -4.27085, 55.83889 ], [ -4.2705, 55.83918 ], [ -4.26844, 55.84132 ], [ -4.26785, 55.84172 ], [ -4.26593, 55.84237 ], [ -4.26469, 55.84292 ], [ -4.26414, 55.84268 ], [ -4.26359, 55.84306 ], [ -4.26431, 55.84313 ], [ -4.26349, 55.84381 ], [ -4.26276, 55.84359 ], [ -4.26294, 55.84332 ], [ -4.26244, 55.8429 ], [ -4.26305, 55.84119 ], [ -4.26327, 55.84084 ], [ -4.26409, 55.84094 ], [ -4.26595, 55.84026 ], [ -4.2655, 55.83993 ], [ -4.26593, 55.83874 ] ] ] ] } },
{ "type": "Feature", "properties": { "LSOA11_CD": "S01009884", "Neighborhood_Name": "Pollokshields East - 04", "uk_imd2019_LSOA": "S01009884", "uk_imd2019_Rank": "2051", "uk_imd2019_SOA_pct": "29", "uk_imd2019_SOA_decile": "3" }, "geometry": { "type": "MultiPolygon", "coordinates": [ [ [ [ -4.26886, 55.8414 ], [ -4.26844, 55.84132 ], [ -4.2705, 55.83918 ], [ -4.27085, 55.83889 ], [ -4.27218, 55.83806 ], [ -4.26981, 55.8389 ], [ -4.2698, 55.83833 ], [ -4.26831, 55.83848 ], [ -4.26801, 55.8382 ], [ -4.26897, 55.83729 ], [ -4.26958, 55.83737 ], [ -4.26915, 55.83763 ], [ -4.26929, 55.83806 ], [ -4.27284, 55.83766 ], [ -4.27331, 55.83796 ], [ -4.2733, 55.83902 ], [ -4.27381, 55.83952 ], [ -4.27343, 55.84044 ], [ -4.27293, 55.8405 ], [ -4.27065, 55.84021 ], [ -4.27049, 55.83982 ], [ -4.2694, 55.8415 ], [ -4.26886, 55.8414 ] ] ] ] } },
{ "type": "Feature", "properties": { "LSOA11_CD": "S01009885", "Neighborhood_Name": "Pollokshields East - 05", "uk_imd2019_LSOA": "S01009885", "uk_imd2019_Rank": "3400", "uk_imd2019_SOA_pct": "49", "uk_imd2019_SOA_decile": "5" }, "geometry": { "type": "MultiPolygon", "coordinates": [ [ [ [ -4.27322, 55.84092 ], [ -4.27343, 55.84044 ], [ -4.27381, 55.83952 ], [ -4.2733, 55.83902 ], [ -4.27331, 55.83796 ], [ -4.27438, 55.83851 ], [ -4.27556, 55.83853 ], [ -4.2755, 55.83887 ], [ -4.27654, 55.83898 ], [ -4.2761, 55.83938 ], [ -4.2785, 55.84053 ], [ -4.27786, 55.84094 ], [ -4.27698, 55.84094 ], [ -4.27709, 55.8407 ], [ -4.27466, 55.84037 ], [ -4.27524, 55.84081 ], [ -4.2744, 55.84109 ], [ -4.27322, 55.84092 ] ] ] ] } },
{ "type": "Feature", "properties": { "LSOA11_CD": "S01009886", "Neighborhood_Name": "Pollokshields East - 06", "uk_imd2019_LSOA": "S01009886", "uk_imd2019_Rank": "1934", "uk_imd2019_SOA_pct": "28", "uk_imd2019_SOA_decile": "3" }, "geometry": { "type": "MultiPolygon", "coordinates": [ [ [ [ -4.2739, 55.84235 ], [ -4.27399, 55.84211 ], [ -4.27281, 55.8419 ], [ -4.27322, 55.84092 ], [ -4.2744, 55.84109 ], [ -4.27524, 55.84081 ], [ -4.27466, 55.84037 ], [ -4.27709, 55.8407 ], [ -4.27698, 55.84094 ], [ -4.27676, 55.8414 ], [ -4.27619, 55.84274 ], [ -4.27501, 55.84255 ], [ -4.27452, 55.84269 ], [ -4.2739, 55.84235 ] ] ] ] } },
{ "type": "Feature", "properties": { "LSOA11_CD": "S01009887", "Neighborhood_Name": "Govanhill West - 01", "uk_imd2019_LSOA": "S01009887", "uk_imd2019_Rank": "511", "uk_imd2019_SOA_pct": "7", "uk_imd2019_SOA_decile": "1" }, "geometry": { "type": "MultiPolygon", "coordinates": [ [ [ [ -4.25967, 55.83809 ], [ -4.25919, 55.83803 ], [ -4.2597, 55.83704 ], [ -4.25857, 55.83661 ], [ -4.25797, 55.83667 ], [ -4.25762, 55.83628 ], [ -4.25828, 55.83608 ], [ -4.25849, 55.8356 ], [ -4.25917, 55.83589 ], [ -4.25984, 55.83566 ], [ -4.26031, 55.83596 ], [ -4.25975, 55.83689 ], [ -4.2603, 55.83712 ], [ -4.26102, 55.83588 ], [ -4.26219, 55.83609 ], [ -4.26149, 55.83714 ], [ -4.26201, 55.83736 ], [ -4.26173, 55.8381 ], [ -4.26099, 55.838 ], [ -4.26093, 55.8382 ], [ -4.26071, 55.83805 ], [ -4.25967, 55.83809 ] ] ] ] } },
{ "type": "Feature", "properties": { "LSOA11_CD": "S01009888", "Neighborhood_Name": "Govanhill West - 02", "uk_imd2019_LSOA": "S01009888", "uk_imd2019_Rank": "1201", "uk_imd2019_SOA_pct": "17", "uk_imd2019_SOA_decile": "2" }, "geometry": { "type": "MultiPolygon", "coordinates": [ [ [ [ -4.25984, 55.83566 ], [ -4.25998, 55.83543 ], [ -4.25938, 55.83524 ], [ -4.25969, 55.83481 ], [ -4.26046, 55.83456 ], [ -4.26283, 55.83505 ], [ -4.26231, 55.83592 ], [ -4.26117, 55.83574 ], [ -4.26102, 55.83588 ], [ -4.2603, 55.83712 ], [ -4.25975, 55.83689 ], [ -4.26031, 55.83596 ], [ -4.25984, 55.83566 ] ] ] ] } },
{ "type": "Feature", "properties": { "LSOA11_CD": "S01009889", "Neighborhood_Name": "Govanhill West - 03", "uk_imd2019_LSOA": "S01009889", "uk_imd2019_Rank": "877", "uk_imd2019_SOA_pct": "13", "uk_imd2019_SOA_decile": "2" }, "geometry": { "type": "MultiPolygon", "coordinates": [ [ [ [ -4.25675, 55.83587 ], [ -4.25633, 55.83504 ], [ -4.25619, 55.83441 ], [ -4.25552, 55.83393 ], [ -4.25596, 55.83373 ], [ -4.25675, 55.83337 ], [ -4.25778, 55.83376 ], [ -4.25868, 55.83391 ], [ -4.25873, 55.83424 ], [ -4.26046, 55.83456 ], [ -4.25969, 55.83481 ], [ -4.25938, 55.83524 ], [ -4.25998, 55.83543 ], [ -4.25984, 55.83566 ], [ -4.25917, 55.83589 ], [ -4.25849, 55.8356 ], [ -4.25828, 55.83608 ], [ -4.25675, 55.83587 ] ] ] ] } },
{ "type": "Feature", "properties": { "LSOA11_CD": "S01009896", "Neighborhood_Name": "Govanhill East and Aikenhead - 03", "uk_imd2019_LSOA": "S01009896", "uk_imd2019_Rank": "587", "uk_imd2019_SOA_pct": "8", "uk_imd2019_SOA_decile": "1" }, "geometry": { "type": "MultiPolygon", "coordinates": [ [ [ [ -4.25357, 55.83727 ], [ -4.25471, 55.83743 ], [ -4.25463, 55.83763 ], [ -4.25364, 55.8375 ], [ -4.25351, 55.8378 ], [ -4.25232, 55.83765 ], [ -4.25225, 55.83787 ], [ -4.25069, 55.83764 ], [ -4.25068, 55.83797 ], [ -4.25169, 55.8381 ], [ -4.25159, 55.83842 ], [ -4.25202, 55.83848 ], [ -4.25215, 55.83813 ], [ -4.25268, 55.8382 ], [ -4.25304, 55.83863 ], [ -4.25405, 55.83877 ], [ -4.25507, 55.83859 ], [ -4.25589, 55.83869 ], [ -4.25607, 55.83902 ], [ -4.25665, 55.83913 ], [ -4.25727, 55.83953 ], [ -4.25692, 55.84002 ], [ -4.25643, 55.83994 ], [ -4.25616, 55.84083 ], [ -4.254, 55.84014 ], [ -4.25346, 55.8397 ], [ -4.25254, 55.83962 ], [ -4.25067, 55.83897 ], [ -4.24946, 55.83709 ], [ -4.2494, 55.83685 ], [ -4.24994, 55.83665 ], [ -4.25118, 55.83682 ], [ -4.25131, 55.83652 ], [ -4.25273, 55.83671 ], [ -4.25258, 55.83707 ], [ -4.25357, 55.83727 ] ] ] ] } },
{ "type": "Feature", "properties": { "LSOA11_CD": "S01009897", "Neighborhood_Name": "Govanhill East and Aikenhead - 04", "uk_imd2019_LSOA": "S01009897", "uk_imd2019_Rank": "2069", "uk_imd2019_SOA_pct": "30", "uk_imd2019_SOA_decile": "3" }, "geometry": { "type": "MultiPolygon", "coordinates": [ [ [ [ -4.24913, 55.83496 ], [ -4.24949, 55.83436 ], [ -4.24907, 55.83362 ], [ -4.24926, 55.83306 ], [ -4.24901, 55.83276 ], [ -4.24909, 55.83245 ], [ -4.2484, 55.83233 ], [ -4.24833, 55.8306 ], [ -4.25177, 55.8312 ], [ -4.25134, 55.83202 ], [ -4.25371, 55.83249 ], [ -4.25352, 55.83275 ], [ -4.25453, 55.83283 ], [ -4.25463, 55.83265 ], [ -4.25566, 55.83279 ], [ -4.25574, 55.83308 ], [ -4.25645, 55.83306 ], [ -4.25675, 55.83337 ], [ -4.25596, 55.83373 ], [ -4.25354, 55.83328 ], [ -4.25339, 55.83355 ], [ -4.25485, 55.83382 ], [ -4.25451, 55.83471 ], [ -4.25388, 55.83462 ], [ -4.25377, 55.83486 ], [ -4.25285, 55.83469 ], [ -4.25107, 55.83435 ], [ -4.25048, 55.83456 ], [ -4.2504, 55.83481 ], [ -4.24948, 55.83467 ], [ -4.24913, 55.83496 ] ] ] ] } },
{ "type": "Feature", "properties": { "LSOA11_CD": "S01009898", "Neighborhood_Name": "Govanhill East and Aikenhead - 05", "uk_imd2019_LSOA": "S01009898", "uk_imd2019_Rank": "685", "uk_imd2019_SOA_pct": "10", "uk_imd2019_SOA_decile": "1" }, "geometry": { "type": "MultiPolygon", "coordinates": [ [ [ [ -4.25043, 55.8394 ], [ -4.24638, 55.83799 ], [ -4.24488, 55.83748 ], [ -4.24531, 55.83675 ], [ -4.24369, 55.83584 ], [ -4.2448, 55.83501 ], [ -4.24631, 55.83431 ], [ -4.24816, 55.83454 ], [ -4.24871, 55.83436 ], [ -4.24913, 55.83496 ], [ -4.24948, 55.83467 ], [ -4.2504, 55.83481 ], [ -4.25048, 55.83456 ], [ -4.25107, 55.83435 ], [ -4.25285, 55.83469 ], [ -4.25315, 55.83499 ], [ -4.25312, 55.83526 ], [ -4.2527, 55.83578 ], [ -4.25307, 55.83611 ], [ -4.25401, 55.83624 ], [ -4.25357, 55.83727 ], [ -4.25258, 55.83707 ], [ -4.25273, 55.83671 ], [ -4.25131, 55.83652 ], [ -4.25118, 55.83682 ], [ -4.24994, 55.83665 ], [ -4.2494, 55.83685 ], [ -4.24946, 55.83709 ], [ -4.25067, 55.83897 ], [ -4.25254, 55.83962 ], [ -4.25346, 55.8397 ], [ -4.254, 55.84014 ], [ -4.25616, 55.84083 ], [ -4.25598, 55.84134 ], [ -4.25043, 55.8394 ] ] ] ] } },
{ "type": "Feature", "properties": { "LSOA11_CD": "S01009899", "Neighborhood_Name": "Battlefield - 01", "uk_imd2019_LSOA": "S01009899", "uk_imd2019_Rank": "2926", "uk_imd2019_SOA_pct": "42", "uk_imd2019_SOA_decile": "5" }, "geometry": { "type": "MultiPolygon", "coordinates": [ [ [ [ -4.26676, 55.82374 ], [ -4.26467, 55.82323 ], [ -4.26484, 55.82308 ], [ -4.26521, 55.82309 ], [ -4.26563, 55.82277 ], [ -4.26667, 55.82224 ], [ -4.26765, 55.82222 ], [ -4.26939, 55.82253 ], [ -4.26983, 55.8227 ], [ -4.27119, 55.8233 ], [ -4.27226, 55.82354 ], [ -4.27217, 55.82389 ], [ -4.27095, 55.82356 ], [ -4.27076, 55.82382 ], [ -4.26975, 55.82357 ], [ -4.2695, 55.82384 ], [ -4.26895, 55.8237 ], [ -4.26868, 55.82395 ], [ -4.26749, 55.82365 ], [ -4.26712, 55.82336 ], [ -4.26676, 55.82374 ] ] ] ] } },
{ "type": "Feature", "properties": { "LSOA11_CD": "S01009900", "Neighborhood_Name": "Battlefield - 02", "uk_imd2019_LSOA": "S01009900", "uk_imd2019_Rank": "5209", "uk_imd2019_SOA_pct": "75", "uk_imd2019_SOA_decile": "8" }, "geometry": { "type": "MultiPolygon", "coordinates": [ [ [ [ -4.26239, 55.82442 ], [ -4.26328, 55.82377 ], [ -4.264, 55.8235 ], [ -4.26406, 55.82317 ], [ -4.26467, 55.82323 ], [ -4.26676, 55.82374 ], [ -4.26877, 55.82433 ], [ -4.26825, 55.82487 ], [ -4.26726, 55.82458 ], [ -4.26669, 55.82526 ], [ -4.26583, 55.82536 ], [ -4.26496, 55.82484 ], [ -4.26468, 55.82503 ], [ -4.26315, 55.82442 ], [ -4.26284, 55.82467 ], [ -4.26239, 55.82442 ] ] ] ] } },
{ "type": "Feature", "properties": { "LSOA11_CD": "S01009902", "Neighborhood_Name": "Battlefield - 04", "uk_imd2019_LSOA": "S01009902", "uk_imd2019_Rank": "1623", "uk_imd2019_SOA_pct": "23", "uk_imd2019_SOA_decile": "3" }, "geometry": { "type": "MultiPolygon", "coordinates": [ [ [ [ -4.24833, 55.8306 ], [ -4.24816, 55.83001 ], [ -4.24774, 55.8291 ], [ -4.24704, 55.82789 ], [ -4.24695, 55.82744 ], [ -4.24905, 55.82717 ], [ -4.24958, 55.82681 ], [ -4.25052, 55.82706 ], [ -4.25293, 55.82672 ], [ -4.25288, 55.82714 ], [ -4.25244, 55.82719 ], [ -4.25233, 55.82759 ], [ -4.25193, 55.82792 ], [ -4.25287, 55.82825 ], [ -4.25222, 55.82848 ], [ -4.25228, 55.82896 ], [ -4.25358, 55.82906 ], [ -4.25454, 55.82906 ], [ -4.25491, 55.83025 ], [ -4.2553, 55.82984 ], [ -4.25516, 55.82937 ], [ -4.25589, 55.82898 ], [ -4.25652, 55.82908 ], [ -4.25765, 55.82858 ], [ -4.25829, 55.82853 ], [ -4.25853, 55.82835 ], [ -4.25912, 55.82847 ], [ -4.2588, 55.82881 ], [ -4.25653, 55.82984 ], [ -4.25735, 55.83028 ], [ -4.25797, 55.83047 ], [ -4.25665, 55.83114 ], [ -4.25561, 55.8306 ], [ -4.25519, 55.8312 ], [ -4.25532, 55.83183 ], [ -4.25549, 55.83262 ], [ -4.25566, 55.83279 ], [ -4.25463, 55.83265 ], [ -4.25453, 55.83283 ], [ -4.25352, 55.83275 ], [ -4.25371, 55.83249 ], [ -4.25134, 55.83202 ], [ -4.25177, 55.8312 ], [ -4.24833, 55.8306 ] ] ] ] } },
{ "type": "Feature", "properties": { "LSOA11_CD": "S01009904", "Neighborhood_Name": "Battlefield - 06", "uk_imd2019_LSOA": "S01009904", "uk_imd2019_Rank": "3747", "uk_imd2019_SOA_pct": "54", "uk_imd2019_SOA_decile": "6" }, "geometry": { "type": "MultiPolygon", "coordinates": [ [ [ [ -4.26586, 55.83349 ], [ -4.26458, 55.8331 ], [ -4.26406, 55.83283 ], [ -4.26338, 55.83211 ], [ -4.26311, 55.83154 ], [ -4.26329, 55.83049 ], [ -4.26238, 55.83032 ], [ -4.26164, 55.83099 ], [ -4.26122, 55.8315 ], [ -4.25953, 55.83107 ], [ -4.25908, 55.83149 ], [ -4.25911, 55.83204 ], [ -4.25775, 55.83181 ], [ -4.25762, 55.83208 ], [ -4.25563, 55.83174 ], [ -4.25532, 55.83183 ], [ -4.25519, 55.8312 ], [ -4.25561, 55.8306 ], [ -4.25665, 55.83114 ], [ -4.25797, 55.83047 ], [ -4.25735, 55.83028 ], [ -4.25653, 55.82984 ], [ -4.2588, 55.82881 ], [ -4.25912, 55.82847 ], [ -4.25935, 55.82791 ], [ -4.25967, 55.82789 ], [ -4.26031, 55.82783 ], [ -4.26172, 55.82787 ], [ -4.26417, 55.82766 ], [ -4.26482, 55.82746 ], [ -4.2657, 55.82685 ], [ -4.26685, 55.82589 ], [ -4.26771, 55.82608 ], [ -4.26783, 55.8259 ], [ -4.26912, 55.82623 ], [ -4.27055, 55.82652 ], [ -4.27044, 55.82672 ], [ -4.27199, 55.82713 ], [ -4.27211, 55.82753 ], [ -4.27291, 55.82787 ], [ -4.27324, 55.82816 ], [ -4.27298, 55.82833 ], [ -4.27189, 55.82786 ], [ -4.27072, 55.82779 ], [ -4.27113, 55.82811 ], [ -4.27156, 55.82956 ], [ -4.27182, 55.82994 ], [ -4.27381, 55.83005 ], [ -4.27441, 55.8313 ], [ -4.27493, 55.83194 ], [ -4.27444, 55.8323 ], [ -4.273, 55.83294 ], [ -4.27232, 55.83315 ], [ -4.27106, 55.83339 ], [ -4.26941, 55.83444 ], [ -4.26817, 55.8339 ], [ -4.26874, 55.83334 ], [ -4.26586, 55.83349 ] ] ] ] } },
{ "type": "Feature", "properties": { "LSOA11_CD": "S01009905", "Neighborhood_Name": "Strathbungo - 01", "uk_imd2019_LSOA": "S01009905", "uk_imd2019_Rank": "1687", "uk_imd2019_SOA_pct": "24", "uk_imd2019_SOA_decile": "3" }, "geometry": { "type": "MultiPolygon", "coordinates": [ [ [ [ -4.26231, 55.83592 ], [ -4.26283, 55.83505 ], [ -4.26335, 55.83419 ], [ -4.26406, 55.83283 ], [ -4.26458, 55.8331 ], [ -4.26586, 55.83349 ], [ -4.26576, 55.83375 ], [ -4.26499, 55.83389 ], [ -4.26418, 55.83379 ], [ -4.2641, 55.83396 ], [ -4.26497, 55.83413 ], [ -4.26544, 55.83457 ], [ -4.2653, 55.83488 ], [ -4.26598, 55.83497 ], [ -4.26728, 55.83535 ], [ -4.26711, 55.83547 ], [ -4.26613, 55.83515 ], [ -4.26514, 55.83541 ], [ -4.26392, 55.83518 ], [ -4.26354, 55.83612 ], [ -4.26231, 55.83592 ] ] ] ] } },
{ "type": "Feature", "properties": { "LSOA11_CD": "S01009906", "Neighborhood_Name": "Strathbungo - 02", "uk_imd2019_LSOA": "S01009906", "uk_imd2019_Rank": "2420", "uk_imd2019_SOA_pct": "35", "uk_imd2019_SOA_decile": "4" }, "geometry": { "type": "MultiPolygon", "coordinates": [ [ [ [ -4.26589, 55.83684 ], [ -4.26607, 55.8365 ], [ -4.26524, 55.83634 ], [ -4.26473, 55.83657 ], [ -4.26345, 55.83632 ], [ -4.26354, 55.83612 ], [ -4.26392, 55.83518 ], [ -4.26514, 55.83541 ], [ -4.26613, 55.83515 ], [ -4.26711, 55.83547 ], [ -4.26728, 55.83535 ], [ -4.26837, 55.83583 ], [ -4.26859, 55.83602 ], [ -4.2681, 55.83634 ], [ -4.26756, 55.83611 ], [ -4.26731, 55.83649 ], [ -4.26758, 55.83692 ], [ -4.26589, 55.83684 ] ] ] ] } },
{ "type": "Feature", "properties": { "LSOA11_CD": "S01009907", "Neighborhood_Name": "Strathbungo - 03", "uk_imd2019_LSOA": "S01009907", "uk_imd2019_Rank": "1149", "uk_imd2019_SOA_pct": "16", "uk_imd2019_SOA_decile": "2" }, "geometry": { "type": "MultiPolygon", "coordinates": [ [ [ [ -4.26498, 55.83753 ], [ -4.26486, 55.83716 ], [ -4.26589, 55.83684 ], [ -4.26758, 55.83692 ], [ -4.26731, 55.83649 ], [ -4.26756, 55.83611 ], [ -4.2681, 55.83634 ], [ -4.26848, 55.83676 ], [ -4.26905, 55.83684 ], [ -4.26951, 55.83695 ], [ -4.26958, 55.83737 ], [ -4.26897, 55.83729 ], [ -4.26801, 55.8382 ], [ -4.26776, 55.83794 ], [ -4.26713, 55.83814 ], [ -4.26528, 55.83788 ], [ -4.26498, 55.83753 ] ] ] ] } },
{ "type": "Feature", "properties": { "LSOA11_CD": "S01009908", "Neighborhood_Name": "Strathbungo - 04", "uk_imd2019_LSOA": "S01009908", "uk_imd2019_Rank": "4396", "uk_imd2019_SOA_pct": "63", "uk_imd2019_SOA_decile": "7" }, "geometry": { "type": "MultiPolygon", "coordinates": [ [ [ [ -4.26958, 55.83737 ], [ -4.26951, 55.83695 ], [ -4.26905, 55.83684 ], [ -4.2691, 55.83653 ], [ -4.26983, 55.83612 ], [ -4.27043, 55.83623 ], [ -4.27276, 55.83492 ], [ -4.27336, 55.83508 ], [ -4.27554, 55.83629 ], [ -4.27586, 55.83616 ], [ -4.27637, 55.8366 ], [ -4.27443, 55.83728 ], [ -4.27467, 55.83748 ], [ -4.27331, 55.83796 ], [ -4.27284, 55.83766 ], [ -4.26929, 55.83806 ], [ -4.26915, 55.83763 ], [ -4.26958, 55.83737 ] ] ] ] } },
{ "type": "Feature", "properties": { "LSOA11_CD": "S01009909", "Neighborhood_Name": "Strathbungo - 05", "uk_imd2019_LSOA": "S01009909", "uk_imd2019_Rank": "3295", "uk_imd2019_SOA_pct": "47", "uk_imd2019_SOA_decile": "5" }, "geometry": { "type": "MultiPolygon", "coordinates": [ [ [ [ -4.2681, 55.83634 ], [ -4.26859, 55.83602 ], [ -4.26837, 55.83583 ], [ -4.26728, 55.83535 ], [ -4.26828, 55.83536 ], [ -4.26839, 55.83505 ], [ -4.26937, 55.83513 ], [ -4.26882, 55.83473 ], [ -4.2679, 55.83446 ], [ -4.26756, 55.83412 ], [ -4.26619, 55.8339 ], [ -4.26576, 55.83375 ], [ -4.26586, 55.83349 ], [ -4.26874, 55.83334 ], [ -4.26817, 55.8339 ], [ -4.26941, 55.83444 ], [ -4.27106, 55.83339 ], [ -4.27232, 55.83315 ], [ -4.273, 55.83294 ], [ -4.27444, 55.8323 ], [ -4.27493, 55.83194 ], [ -4.27441, 55.8313 ], [ -4.27381, 55.83005 ], [ -4.27182, 55.82994 ], [ -4.27156, 55.82956 ], [ -4.27113, 55.82811 ], [ -4.27072, 55.82779 ], [ -4.27189, 55.82786 ], [ -4.27298, 55.82833 ], [ -4.27337, 55.8286 ], [ -4.27357, 55.8288 ], [ -4.27455, 55.82918 ], [ -4.27703, 55.83041 ], [ -4.27764, 55.83072 ], [ -4.27801, 55.83048 ], [ -4.2785, 55.83069 ], [ -4.27893, 55.83117 ], [ -4.27882, 55.83151 ], [ -4.27437, 55.83397 ], [ -4.27276, 55.83492 ], [ -4.27043, 55.83623 ], [ -4.26983, 55.83612 ], [ -4.2691, 55.83653 ], [ -4.26905, 55.83684 ], [ -4.26848, 55.83676 ], [ -4.2681, 55.83634 ] ] ] ] } },
{ "type": "Feature", "properties": { "LSOA11_CD": "S01009910", "Neighborhood_Name": "Strathbungo - 06", "uk_imd2019_LSOA": "S01009910", "uk_imd2019_Rank": "4350", "uk_imd2019_SOA_pct": "62", "uk_imd2019_SOA_decile": "7" }, "geometry": { "type": "MultiPolygon", "coordinates": [ [ [ [ -4.26728, 55.83535 ], [ -4.26598, 55.83497 ], [ -4.2653, 55.83488 ], [ -4.26544, 55.83457 ], [ -4.26497, 55.83413 ], [ -4.2641, 55.83396 ], [ -4.26418, 55.83379 ], [ -4.26499, 55.83389 ], [ -4.26576, 55.83375 ], [ -4.26619, 55.8339 ], [ -4.26756, 55.83412 ], [ -4.2679, 55.83446 ], [ -4.26882, 55.83473 ], [ -4.26937, 55.83513 ], [ -4.26839, 55.83505 ], [ -4.26828, 55.83536 ], [ -4.26728, 55.83535 ] ] ] ] } },
{ "type": "Feature", "properties": { "LSOA11_CD": "S01009912", "Neighborhood_Name": "Maxwell Park - 01", "uk_imd2019_LSOA": "S01009912", "uk_imd2019_Rank": "4500", "uk_imd2019_SOA_pct": "65", "uk_imd2019_SOA_decile": "7" }, "geometry": { "type": "MultiPolygon", "coordinates": [ [ [ [ -4.27676, 55.8414 ], [ -4.27698, 55.84094 ], [ -4.27786, 55.84094 ], [ -4.2785, 55.84053 ], [ -4.2761, 55.83938 ], [ -4.27654, 55.83898 ], [ -4.2755, 55.83887 ], [ -4.27556, 55.83853 ], [ -4.27602, 55.83853 ], [ -4.27607, 55.8382 ], [ -4.27495, 55.83825 ], [ -4.27461, 55.83793 ], [ -4.27817, 55.83758 ], [ -4.27819, 55.83736 ], [ -4.28235, 55.83753 ], [ -4.28232, 55.83809 ], [ -4.2831, 55.83821 ], [ -4.28309, 55.83871 ], [ -4.28436, 55.83874 ], [ -4.28545, 55.83891 ], [ -4.28771, 55.84008 ], [ -4.28721, 55.84034 ], [ -4.28783, 55.84071 ], [ -4.28756, 55.84101 ], [ -4.28537, 55.84104 ], [ -4.28513, 55.84055 ], [ -4.28364, 55.84078 ], [ -4.28291, 55.841 ], [ -4.28337, 55.84158 ], [ -4.2823, 55.84162 ], [ -4.28155, 55.84149 ], [ -4.27986, 55.84103 ], [ -4.27961, 55.84171 ], [ -4.27866, 55.84158 ], [ -4.27757, 55.8417 ], [ -4.27758, 55.84142 ], [ -4.27676, 55.8414 ] ] ] ] } },
{ "type": "Feature", "properties": { "LSOA11_CD": "S01009947", "Neighborhood_Name": "Carnwadric East - 04", "uk_imd2019_LSOA": "S01009947", "uk_imd2019_Rank": "2137", "uk_imd2019_SOA_pct": "31", "uk_imd2019_SOA_decile": "4" }, "geometry": { "type": "MultiPolygon", "coordinates": [ [ [ [ -4.30308, 55.81429 ], [ -4.30271, 55.81416 ], [ -4.30306, 55.81386 ], [ -4.30253, 55.81363 ], [ -4.30329, 55.81322 ], [ -4.30378, 55.81343 ], [ -4.30426, 55.8131 ], [ -4.30258, 55.81256 ], [ -4.30222, 55.81287 ], [ -4.30104, 55.81249 ], [ -4.30118, 55.81216 ], [ -4.30206, 55.81152 ], [ -4.30109, 55.81128 ], [ -4.29862, 55.81194 ], [ -4.29853, 55.81131 ], [ -4.29901, 55.81127 ], [ -4.29913, 55.81089 ], [ -4.30188, 55.81098 ], [ -4.30155, 55.81071 ], [ -4.29956, 55.81062 ], [ -4.29904, 55.81037 ], [ -4.29859, 55.80993 ], [ -4.29895, 55.80977 ], [ -4.29949, 55.8101 ], [ -4.30077, 55.81043 ], [ -4.30203, 55.81048 ], [ -4.30541, 55.8104 ], [ -4.30516, 55.8106 ], [ -4.3075, 55.81213 ], [ -4.30732, 55.81262 ], [ -4.30463, 55.81401 ], [ -4.30368, 55.81451 ], [ -4.30308, 55.81429 ] ] ] ] } },
{ "type": "Feature", "properties": { "LSOA11_CD": "S01009913", "Neighborhood_Name": "Maxwell Park - 02", "uk_imd2019_LSOA": "S01009913", "uk_imd2019_Rank": "5055", "uk_imd2019_SOA_pct": "72", "uk_imd2019_SOA_decile": "8" }, "geometry": { "type": "MultiPolygon", "coordinates": [ [ [ [ -4.29797, 55.84312 ], [ -4.299, 55.84174 ], [ -4.29961, 55.84182 ], [ -4.29989, 55.84138 ], [ -4.30038, 55.8413 ], [ -4.30021, 55.84075 ], [ -4.30035, 55.84029 ], [ -4.30107, 55.83994 ], [ -4.30224, 55.83954 ], [ -4.30307, 55.8394 ], [ -4.30284, 55.8389 ], [ -4.30103, 55.83934 ], [ -4.29985, 55.83817 ], [ -4.30165, 55.83791 ], [ -4.30199, 55.83777 ], [ -4.30399, 55.83729 ], [ -4.30305, 55.83672 ], [ -4.30142, 55.83616 ], [ -4.30025, 55.83555 ], [ -4.29898, 55.83506 ], [ -4.29816, 55.83483 ], [ -4.29652, 55.83456 ], [ -4.29383, 55.83445 ], [ -4.29392, 55.8335 ], [ -4.29343, 55.83203 ], [ -4.2958, 55.83127 ], [ -4.29576, 55.82902 ], [ -4.29751, 55.82763 ], [ -4.30005, 55.82509 ], [ -4.29978, 55.82496 ], [ -4.30015, 55.82447 ], [ -4.30055, 55.8247 ], [ -4.3008, 55.82594 ], [ -4.30116, 55.82637 ], [ -4.30179, 55.8267 ], [ -4.30237, 55.82682 ], [ -4.30298, 55.82665 ], [ -4.30411, 55.8261 ], [ -4.30553, 55.82579 ], [ -4.30671, 55.82727 ], [ -4.3077, 55.82786 ], [ -4.30739, 55.82839 ], [ -4.30596, 55.82834 ], [ -4.30525, 55.82869 ], [ -4.30424, 55.82887 ], [ -4.30405, 55.82932 ], [ -4.30494, 55.83019 ], [ -4.3039, 55.83083 ], [ -4.30519, 55.83265 ], [ -4.30713, 55.83228 ], [ -4.3071, 55.83171 ], [ -4.3086, 55.8312 ], [ -4.30855, 55.82996 ], [ -4.31033, 55.82948 ], [ -4.3109, 55.82873 ], [ -4.31698, 55.82872 ], [ -4.31884, 55.82851 ], [ -4.31925, 55.82803 ], [ -4.31776, 55.82747 ], [ -4.31534, 55.82785 ], [ -4.31282, 55.82747 ], [ -4.31205, 55.82592 ], [ -4.31261, 55.82606 ], [ -4.31323, 55.82599 ], [ -4.31373, 55.82564 ], [ -4.31411, 55.825 ], [ -4.31449, 55.82471 ], [ -4.31542, 55.82457 ], [ -4.31613, 55.8246 ], [ -4.31725, 55.82491 ], [ -4.31665, 55.82578 ], [ -4.31718, 55.82648 ], [ -4.31815, 55.82666 ], [ -4.32502, 55.82918 ], [ -4.32682, 55.82965 ], [ -4.32754, 55.82992 ], [ -4.32762, 55.83013 ], [ -4.32734, 55.83079 ], [ -4.32736, 55.83107 ], [ -4.32791, 55.83125 ], [ -4.32732, 55.83163 ], [ -4.32578, 55.83175 ], [ -4.32565, 55.83238 ], [ -4.3244, 55.83185 ], [ -4.32253, 55.83158 ], [ -4.32156, 55.83191 ], [ -4.32103, 55.83295 ], [ -4.31945, 55.83348 ], [ -4.31982, 55.83726 ], [ -4.31956, 55.83827 ], [ -4.31699, 55.83912 ], [ -4.31622, 55.8393 ], [ -4.31137, 55.84019 ], [ -4.30957, 55.84058 ], [ -4.30843, 55.84094 ], [ -4.30773, 55.84124 ], [ -4.30342, 55.84324 ], [ -4.30258, 55.84288 ], [ -4.30129, 55.84362 ], [ -4.30057, 55.84341 ], [ -4.29797, 55.84312 ] ] ] ] } },
{ "type": "Feature", "properties": { "LSOA11_CD": "S01009915", "Neighborhood_Name": "Maxwell Park - 04", "uk_imd2019_LSOA": "S01009915", "uk_imd2019_Rank": "5350", "uk_imd2019_SOA_pct": "77", "uk_imd2019_SOA_decile": "8" }, "geometry": { "type": "MultiPolygon", "coordinates": [ [ [ [ -4.27556, 55.83853 ], [ -4.27438, 55.83851 ], [ -4.27331, 55.83796 ], [ -4.27467, 55.83748 ], [ -4.27443, 55.83728 ], [ -4.27637, 55.8366 ], [ -4.28041, 55.83516 ], [ -4.28268, 55.8344 ], [ -4.28265, 55.8341 ], [ -4.28324, 55.83405 ], [ -4.28351, 55.83412 ], [ -4.28425, 55.8342 ], [ -4.28431, 55.83447 ], [ -4.28478, 55.83453 ], [ -4.28671, 55.83458 ], [ -4.28666, 55.83498 ], [ -4.2881, 55.83503 ], [ -4.28804, 55.83542 ], [ -4.28938, 55.83544 ], [ -4.28932, 55.83632 ], [ -4.28804, 55.83656 ], [ -4.28725, 55.8365 ], [ -4.28721, 55.83689 ], [ -4.28803, 55.83692 ], [ -4.28769, 55.83719 ], [ -4.28718, 55.83723 ], [ -4.28698, 55.83832 ], [ -4.28635, 55.83821 ], [ -4.28558, 55.8384 ], [ -4.28485, 55.83827 ], [ -4.28436, 55.83874 ], [ -4.28309, 55.83871 ], [ -4.2831, 55.83821 ], [ -4.28232, 55.83809 ], [ -4.28235, 55.83753 ], [ -4.27819, 55.83736 ], [ -4.27817, 55.83758 ], [ -4.27461, 55.83793 ], [ -4.27495, 55.83825 ], [ -4.27607, 55.8382 ], [ -4.27602, 55.83853 ], [ -4.27556, 55.83853 ] ] ] ] } },
{ "type": "Feature", "properties": { "LSOA11_CD": "S01009916", "Neighborhood_Name": "Maxwell Park - 05", "uk_imd2019_LSOA": "S01009916", "uk_imd2019_Rank": "4557", "uk_imd2019_SOA_pct": "65", "uk_imd2019_SOA_decile": "7" }, "geometry": { "type": "MultiPolygon", "coordinates": [ [ [ [ -4.28351, 55.83412 ], [ -4.28695, 55.83293 ], [ -4.29025, 55.83175 ], [ -4.29192, 55.83106 ], [ -4.29451, 55.82975 ], [ -4.29576, 55.82902 ], [ -4.2958, 55.83127 ], [ -4.29343, 55.83203 ], [ -4.29392, 55.8335 ], [ -4.29383, 55.83445 ], [ -4.29348, 55.83527 ], [ -4.2928, 55.83594 ], [ -4.29113, 55.83634 ], [ -4.29013, 55.8365 ], [ -4.29006, 55.83663 ], [ -4.28803, 55.83692 ], [ -4.28721, 55.83689 ], [ -4.28725, 55.8365 ], [ -4.28804, 55.83656 ], [ -4.28932, 55.83632 ], [ -4.28938, 55.83544 ], [ -4.28804, 55.83542 ], [ -4.2881, 55.83503 ], [ -4.28666, 55.83498 ], [ -4.28671, 55.83458 ], [ -4.28478, 55.83453 ], [ -4.28431, 55.83447 ], [ -4.28425, 55.8342 ], [ -4.28351, 55.83412 ] ] ] ] } },
{ "type": "Feature", "properties": { "LSOA11_CD": "S01009917", "Neighborhood_Name": "Maxwell Park - 06", "uk_imd2019_LSOA": "S01009917", "uk_imd2019_Rank": "6690", "uk_imd2019_SOA_pct": "96", "uk_imd2019_SOA_decile": "10" }, "geometry": { "type": "MultiPolygon", "coordinates": [ [ [ [ -4.28324, 55.83405 ], [ -4.28389, 55.83343 ], [ -4.28424, 55.8328 ], [ -4.28487, 55.83229 ], [ -4.28538, 55.83208 ], [ -4.28508, 55.83178 ], [ -4.28679, 55.83127 ], [ -4.28643, 55.8303 ], [ -4.28929, 55.82997 ], [ -4.2894, 55.83029 ], [ -4.28989, 55.83024 ], [ -4.29042, 55.83111 ], [ -4.28982, 55.83137 ], [ -4.29025, 55.83175 ], [ -4.28695, 55.83293 ], [ -4.28351, 55.83412 ], [ -4.28324, 55.83405 ] ] ] ] } },
{ "type": "Feature", "properties": { "LSOA11_CD": "S01009918", "Neighborhood_Name": "Maxwell Park - 07", "uk_imd2019_LSOA": "S01009918", "uk_imd2019_Rank": "6144", "uk_imd2019_SOA_pct": "88", "uk_imd2019_SOA_decile": "9" }, "geometry": { "type": "MultiPolygon", "coordinates": [ [ [ [ -4.28643, 55.8303 ], [ -4.2861, 55.82931 ], [ -4.28666, 55.82923 ], [ -4.28666, 55.82875 ], [ -4.28748, 55.82829 ], [ -4.2885, 55.82815 ], [ -4.28842, 55.82793 ], [ -4.28909, 55.82775 ], [ -4.2901, 55.82806 ], [ -4.29023, 55.82839 ], [ -4.29269, 55.8281 ], [ -4.29333, 55.82861 ], [ -4.29438, 55.82833 ], [ -4.29459, 55.82858 ], [ -4.29576, 55.82825 ], [ -4.29576, 55.82902 ], [ -4.29451, 55.82975 ], [ -4.29192, 55.83106 ], [ -4.29025, 55.83175 ], [ -4.28982, 55.83137 ], [ -4.29042, 55.83111 ], [ -4.28989, 55.83024 ], [ -4.2894, 55.83029 ], [ -4.28929, 55.82997 ], [ -4.28643, 55.8303 ] ] ] ] } },
{ "type": "Feature", "properties": { "LSOA11_CD": "S01009919", "Neighborhood_Name": "Shawlands West - 01", "uk_imd2019_LSOA": "S01009919", "uk_imd2019_Rank": "2535", "uk_imd2019_SOA_pct": "36", "uk_imd2019_SOA_decile": "4" }, "geometry": { "type": "MultiPolygon", "coordinates": [ [ [ [ -4.27985, 55.83178 ], [ -4.27941, 55.83147 ], [ -4.27882, 55.83151 ], [ -4.2804, 55.83065 ], [ -4.28096, 55.83043 ], [ -4.28123, 55.82991 ], [ -4.28183, 55.82944 ], [ -4.28165, 55.82892 ], [ -4.28203, 55.82864 ], [ -4.28275, 55.82898 ], [ -4.28376, 55.82812 ], [ -4.28546, 55.82635 ], [ -4.28575, 55.82655 ], [ -4.28489, 55.8275 ], [ -4.28514, 55.8277 ], [ -4.28587, 55.82786 ], [ -4.28624, 55.82815 ], [ -4.28629, 55.82847 ], [ -4.28666, 55.82875 ], [ -4.28666, 55.82923 ], [ -4.2861, 55.82931 ], [ -4.28643, 55.8303 ], [ -4.28679, 55.83127 ], [ -4.28508, 55.83178 ], [ -4.28538, 55.83208 ], [ -4.28487, 55.83229 ], [ -4.28424, 55.8328 ], [ -4.28348, 55.8332 ], [ -4.28138, 55.83204 ], [ -4.28102, 55.83225 ], [ -4.27985, 55.83178 ] ] ] ] } },
{ "type": "Feature", "properties": { "LSOA11_CD": "S01009920", "Neighborhood_Name": "Shawlands West - 02", "uk_imd2019_LSOA": "S01009920", "uk_imd2019_Rank": "5491", "uk_imd2019_SOA_pct": "79", "uk_imd2019_SOA_decile": "8" }, "geometry": { "type": "MultiPolygon", "coordinates": [ [ [ [ -4.27828, 55.83374 ], [ -4.27839, 55.83339 ], [ -4.27961, 55.83338 ], [ -4.27972, 55.83295 ], [ -4.28012, 55.83272 ], [ -4.28015, 55.83237 ], [ -4.27958, 55.83195 ], [ -4.27985, 55.83178 ], [ -4.28102, 55.83225 ], [ -4.28138, 55.83204 ], [ -4.28348, 55.8332 ], [ -4.28424, 55.8328 ], [ -4.28389, 55.83343 ], [ -4.28324, 55.83405 ], [ -4.28282, 55.83387 ], [ -4.27984, 55.83366 ], [ -4.27828, 55.83374 ] ] ] ] } },
{ "type": "Feature", "properties": { "LSOA11_CD": "S01009921", "Neighborhood_Name": "Shawlands West - 03", "uk_imd2019_LSOA": "S01009921", "uk_imd2019_Rank": "4067", "uk_imd2019_SOA_pct": "58", "uk_imd2019_SOA_decile": "6" }, "geometry": { "type": "MultiPolygon", "coordinates": [ [ [ [ -4.27437, 55.83397 ], [ -4.27882, 55.83151 ], [ -4.27941, 55.83147 ], [ -4.27985, 55.83178 ], [ -4.27958, 55.83195 ], [ -4.28015, 55.83237 ], [ -4.28012, 55.83272 ], [ -4.27972, 55.83295 ], [ -4.27961, 55.83338 ], [ -4.27839, 55.83339 ], [ -4.27828, 55.83374 ], [ -4.27748, 55.83376 ], [ -4.27687, 55.83365 ], [ -4.27544, 55.8337 ], [ -4.27479, 55.83397 ], [ -4.27437, 55.83397 ] ] ] ] } },
{ "type": "Feature", "properties": { "LSOA11_CD": "S01009922", "Neighborhood_Name": "Shawlands West - 04", "uk_imd2019_LSOA": "S01009922", "uk_imd2019_Rank": "5893", "uk_imd2019_SOA_pct": "84", "uk_imd2019_SOA_decile": "9" }, "geometry": { "type": "MultiPolygon", "coordinates": [ [ [ [ -4.28546, 55.82635 ], [ -4.28562, 55.82605 ], [ -4.28595, 55.82511 ], [ -4.28634, 55.82503 ], [ -4.2864, 55.82533 ], [ -4.28692, 55.82549 ], [ -4.28774, 55.82545 ], [ -4.28845, 55.8256 ], [ -4.28917, 55.82608 ], [ -4.28943, 55.82624 ], [ -4.28918, 55.82703 ], [ -4.28909, 55.82775 ], [ -4.28842, 55.82793 ], [ -4.2885, 55.82815 ], [ -4.28748, 55.82829 ], [ -4.28666, 55.82875 ], [ -4.28629, 55.82847 ], [ -4.28624, 55.82815 ], [ -4.28587, 55.82786 ], [ -4.28514, 55.8277 ], [ -4.28489, 55.8275 ], [ -4.28575, 55.82655 ], [ -4.28546, 55.82635 ] ] ] ] } },
{ "type": "Feature", "properties": { "LSOA11_CD": "S01009923", "Neighborhood_Name": "Shawlands East - 01", "uk_imd2019_LSOA": "S01009923", "uk_imd2019_Rank": "4421", "uk_imd2019_SOA_pct": "63", "uk_imd2019_SOA_decile": "7" }, "geometry": { "type": "MultiPolygon", "coordinates": [ [ [ [ -4.27337, 55.8286 ], [ -4.27396, 55.82781 ], [ -4.27486, 55.82747 ], [ -4.2764, 55.82723 ], [ -4.27849, 55.82829 ], [ -4.27894, 55.8283 ], [ -4.27824, 55.82887 ], [ -4.27738, 55.82974 ], [ -4.27703, 55.83041 ], [ -4.27455, 55.82918 ], [ -4.27357, 55.8288 ], [ -4.27337, 55.8286 ] ] ] ] } },
{ "type": "Feature", "properties": { "LSOA11_CD": "S01009924", "Neighborhood_Name": "Shawlands East - 02", "uk_imd2019_LSOA": "S01009924", "uk_imd2019_Rank": "3347", "uk_imd2019_SOA_pct": "48", "uk_imd2019_SOA_decile": "5" }, "geometry": { "type": "MultiPolygon", "coordinates": [ [ [ [ -4.27703, 55.83041 ], [ -4.27738, 55.82974 ], [ -4.27824, 55.82887 ], [ -4.27894, 55.8283 ], [ -4.27942, 55.82802 ], [ -4.27978, 55.8282 ], [ -4.27893, 55.82873 ], [ -4.27873, 55.829 ], [ -4.27937, 55.82933 ], [ -4.28048, 55.82923 ], [ -4.28126, 55.82872 ], [ -4.28165, 55.82892 ], [ -4.28183, 55.82944 ], [ -4.28123, 55.82991 ], [ -4.28096, 55.83043 ], [ -4.2804, 55.83065 ], [ -4.27882, 55.83151 ], [ -4.27893, 55.83117 ], [ -4.2785, 55.83069 ], [ -4.27801, 55.83048 ], [ -4.27764, 55.83072 ], [ -4.27703, 55.83041 ] ] ] ] } },
{ "type": "Feature", "properties": { "LSOA11_CD": "S01009934", "Neighborhood_Name": "Pollokshaws - 02", "uk_imd2019_LSOA": "S01009934", "uk_imd2019_Rank": "5086", "uk_imd2019_SOA_pct": "73", "uk_imd2019_SOA_decile": "8" }, "geometry": { "type": "MultiPolygon", "coordinates": [ [ [ [ -4.28634, 55.82503 ], [ -4.28595, 55.82511 ], [ -4.28514, 55.82493 ], [ -4.28425, 55.82358 ], [ -4.28532, 55.82284 ], [ -4.28581, 55.82305 ], [ -4.28649, 55.82311 ], [ -4.28775, 55.82266 ], [ -4.28979, 55.82203 ], [ -4.29088, 55.82156 ], [ -4.29058, 55.8213 ], [ -4.29066, 55.821 ], [ -4.29185, 55.82083 ], [ -4.29311, 55.82032 ], [ -4.29277, 55.82004 ], [ -4.29335, 55.8198 ], [ -4.29355, 55.81944 ], [ -4.29436, 55.81934 ], [ -4.29508, 55.81905 ], [ -4.29233, 55.81818 ], [ -4.29272, 55.81779 ], [ -4.29575, 55.81882 ], [ -4.29616, 55.81845 ], [ -4.29694, 55.81871 ], [ -4.29662, 55.81901 ], [ -4.29796, 55.81939 ], [ -4.29698, 55.8197 ], [ -4.29635, 55.82005 ], [ -4.29559, 55.821 ], [ -4.29526, 55.82128 ], [ -4.29456, 55.82117 ], [ -4.29292, 55.82197 ], [ -4.29223, 55.82323 ], [ -4.29352, 55.82454 ], [ -4.29338, 55.82499 ], [ -4.29283, 55.82497 ], [ -4.29167, 55.82456 ], [ -4.29153, 55.82434 ], [ -4.29236, 55.82412 ], [ -4.29187, 55.82354 ], [ -4.29029, 55.82403 ], [ -4.28966, 55.82438 ], [ -4.2876, 55.82488 ], [ -4.28634, 55.82503 ] ] ] ] } },
{ "type": "Feature", "properties": { "LSOA11_CD": "S01009963", "Neighborhood_Name": "Muirend and Old Cathcart - 05", "uk_imd2019_LSOA": "S01009963", "uk_imd2019_Rank": "6385", "uk_imd2019_SOA_pct": "92", "uk_imd2019_SOA_decile": "10" }, "geometry": { "type": "MultiPolygon", "coordinates": [ [ [ [ -4.26067, 55.81097 ], [ -4.26236, 55.81105 ], [ -4.2649, 55.81078 ], [ -4.26585, 55.81092 ], [ -4.26672, 55.81084 ], [ -4.26716, 55.8112 ], [ -4.26785, 55.8115 ], [ -4.26703, 55.81205 ], [ -4.26604, 55.8122 ], [ -4.26464, 55.81309 ], [ -4.26386, 55.81341 ], [ -4.26295, 55.81343 ], [ -4.26193, 55.81335 ], [ -4.26131, 55.81342 ], [ -4.26046, 55.81368 ], [ -4.26032, 55.81339 ], [ -4.25959, 55.81276 ], [ -4.25951, 55.81221 ], [ -4.25971, 55.81171 ], [ -4.26019, 55.81124 ], [ -4.26067, 55.81097 ] ] ] ] } },
{ "type": "Feature", "properties": { "LSOA11_CD": "S01009937", "Neighborhood_Name": "Pollokshaws - 05", "uk_imd2019_LSOA": "S01009937", "uk_imd2019_Rank": "1946", "uk_imd2019_SOA_pct": "28", "uk_imd2019_SOA_decile": "3" }, "geometry": { "type": "MultiPolygon", "coordinates": [ [ [ [ -4.30015, 55.82447 ], [ -4.29979, 55.82424 ], [ -4.29829, 55.82374 ], [ -4.29659, 55.82327 ], [ -4.29535, 55.82307 ], [ -4.29506, 55.82284 ], [ -4.29514, 55.82234 ], [ -4.29552, 55.82169 ], [ -4.29526, 55.82128 ], [ -4.29559, 55.821 ], [ -4.2974, 55.82215 ], [ -4.29842, 55.82247 ], [ -4.29919, 55.82215 ], [ -4.29896, 55.82198 ], [ -4.29949, 55.82172 ], [ -4.29962, 55.82143 ], [ -4.29908, 55.82106 ], [ -4.30022, 55.82048 ], [ -4.30091, 55.82076 ], [ -4.30147, 55.82084 ], [ -4.30112, 55.82128 ], [ -4.30174, 55.82161 ], [ -4.30223, 55.8215 ], [ -4.30297, 55.82116 ], [ -4.30326, 55.82133 ], [ -4.30371, 55.82111 ], [ -4.3047, 55.82115 ], [ -4.30685, 55.81993 ], [ -4.30903, 55.81913 ], [ -4.31043, 55.81871 ], [ -4.31222, 55.81817 ], [ -4.31465, 55.81737 ], [ -4.31765, 55.81612 ], [ -4.32006, 55.81502 ], [ -4.32148, 55.81443 ], [ -4.32351, 55.81372 ], [ -4.32453, 55.81346 ], [ -4.32462, 55.81358 ], [ -4.32604, 55.81333 ], [ -4.32571, 55.81313 ], [ -4.3291, 55.81244 ], [ -4.3293, 55.81173 ], [ -4.33058, 55.81185 ], [ -4.33038, 55.81229 ], [ -4.33135, 55.81213 ], [ -4.33445, 55.81189 ], [ -4.33585, 55.81371 ], [ -4.33704, 55.81504 ], [ -4.33755, 55.81548 ], [ -4.33547, 55.81625 ], [ -4.33436, 55.81684 ], [ -4.33192, 55.8174 ], [ -4.33229, 55.81769 ], [ -4.33203, 55.81802 ], [ -4.3313, 55.81785 ], [ -4.33153, 55.81829 ], [ -4.33079, 55.81962 ], [ -4.33025, 55.82073 ], [ -4.32898, 55.82267 ], [ -4.33199, 55.82282 ], [ -4.33725, 55.82326 ], [ -4.33681, 55.82424 ], [ -4.33631, 55.82417 ], [ -4.33609, 55.82489 ], [ -4.33537, 55.82473 ], [ -4.3351, 55.82553 ], [ -4.33836, 55.82585 ], [ -4.33802, 55.82693 ], [ -4.3372, 55.82731 ], [ -4.33673, 55.82803 ], [ -4.336, 55.83023 ], [ -4.33626, 55.8307 ], [ -4.33595, 55.83166 ], [ -4.3341, 55.83114 ], [ -4.33338, 55.8307 ], [ -4.33315, 55.82989 ], [ -4.33239, 55.82963 ], [ -4.33075, 55.82996 ], [ -4.3304, 55.83019 ], [ -4.33006, 55.83118 ], [ -4.32964, 55.83128 ], [ -4.32888, 55.83121 ], [ -4.32791, 55.83125 ], [ -4.32736, 55.83107 ], [ -4.32734, 55.83079 ], [ -4.32762, 55.83013 ], [ -4.32754, 55.82992 ], [ -4.32682, 55.82965 ], [ -4.32502, 55.82918 ], [ -4.31815, 55.82666 ], [ -4.31718, 55.82648 ], [ -4.31665, 55.82578 ], [ -4.31725, 55.82491 ], [ -4.31613, 55.8246 ], [ -4.31542, 55.82457 ], [ -4.31449, 55.82471 ], [ -4.31411, 55.825 ], [ -4.31373, 55.82564 ], [ -4.31323, 55.82599 ], [ -4.31261, 55.82606 ], [ -4.31205, 55.82592 ], [ -4.31282, 55.82747 ], [ -4.31534, 55.82785 ], [ -4.31776, 55.82747 ], [ -4.31925, 55.82803 ], [ -4.31884, 55.82851 ], [ -4.31698, 55.82872 ], [ -4.3109, 55.82873 ], [ -4.31033, 55.82948 ], [ -4.30855, 55.82996 ], [ -4.3086, 55.8312 ], [ -4.3071, 55.83171 ], [ -4.30713, 55.83228 ], [ -4.30519, 55.83265 ], [ -4.3039, 55.83083 ], [ -4.30494, 55.83019 ], [ -4.30405, 55.82932 ], [ -4.30424, 55.82887 ], [ -4.30525, 55.82869 ], [ -4.30596, 55.82834 ], [ -4.30739, 55.82839 ], [ -4.3077, 55.82786 ], [ -4.30671, 55.82727 ], [ -4.30553, 55.82579 ], [ -4.30411, 55.8261 ], [ -4.30298, 55.82665 ], [ -4.30237, 55.82682 ], [ -4.30179, 55.8267 ], [ -4.30116, 55.82637 ], [ -4.3008, 55.82594 ], [ -4.30055, 55.8247 ], [ -4.30015, 55.82447 ] ] ] ] } },
{ "type": "Feature", "properties": { "LSOA11_CD": "S01009938", "Neighborhood_Name": "Pollokshaws - 06", "uk_imd2019_LSOA": "S01009938", "uk_imd2019_Rank": "654", "uk_imd2019_SOA_pct": "9", "uk_imd2019_SOA_decile": "1" }, "geometry": { "type": "MultiPolygon", "coordinates": [ [ [ [ -4.29559, 55.821 ], [ -4.29635, 55.82005 ], [ -4.29698, 55.8197 ], [ -4.29796, 55.81939 ], [ -4.29939, 55.81895 ], [ -4.30063, 55.81905 ], [ -4.30161, 55.81931 ], [ -4.3022, 55.81928 ], [ -4.30215, 55.81887 ], [ -4.3025, 55.81855 ], [ -4.30251, 55.81815 ], [ -4.30279, 55.81786 ], [ -4.30374, 55.81754 ], [ -4.30459, 55.8176 ], [ -4.30581, 55.818 ], [ -4.30703, 55.81821 ], [ -4.30824, 55.81835 ], [ -4.30898, 55.81821 ], [ -4.30988, 55.81779 ], [ -4.312, 55.8172 ], [ -4.31327, 55.817 ], [ -4.31298, 55.81727 ], [ -4.31175, 55.81812 ], [ -4.31043, 55.81871 ], [ -4.30903, 55.81913 ], [ -4.30685, 55.81993 ], [ -4.3047, 55.82115 ], [ -4.30371, 55.82111 ], [ -4.30326, 55.82133 ], [ -4.30297, 55.82116 ], [ -4.30223, 55.8215 ], [ -4.30174, 55.82161 ], [ -4.30112, 55.82128 ], [ -4.30147, 55.82084 ], [ -4.30091, 55.82076 ], [ -4.30022, 55.82048 ], [ -4.29908, 55.82106 ], [ -4.29962, 55.82143 ], [ -4.29949, 55.82172 ], [ -4.29896, 55.82198 ], [ -4.29919, 55.82215 ], [ -4.29842, 55.82247 ], [ -4.2974, 55.82215 ], [ -4.29559, 55.821 ] ] ] ] } },
{ "type": "Feature", "properties": { "LSOA11_CD": "S01009939", "Neighborhood_Name": "Carnwadric West - 01", "uk_imd2019_LSOA": "S01009939", "uk_imd2019_Rank": "65", "uk_imd2019_SOA_pct": "1", "uk_imd2019_SOA_decile": "1" }, "geometry": { "type": "MultiPolygon", "coordinates": [ [ [ [ -4.32279, 55.81148 ], [ -4.3232, 55.81165 ], [ -4.32323, 55.81262 ], [ -4.32414, 55.81244 ], [ -4.32453, 55.81346 ], [ -4.32351, 55.81372 ], [ -4.32148, 55.81443 ], [ -4.32006, 55.81502 ], [ -4.31991, 55.81445 ], [ -4.31942, 55.8142 ], [ -4.32038, 55.81412 ], [ -4.3203, 55.81377 ], [ -4.32135, 55.8137 ], [ -4.32142, 55.8134 ], [ -4.32235, 55.81335 ], [ -4.32219, 55.81188 ], [ -4.32279, 55.81148 ] ] ] ] } },
{ "type": "Feature", "properties": { "LSOA11_CD": "S01009940", "Neighborhood_Name": "Carnwadric West - 02", "uk_imd2019_LSOA": "S01009940", "uk_imd2019_Rank": "66", "uk_imd2019_SOA_pct": "1", "uk_imd2019_SOA_decile": "1" }, "geometry": { "type": "MultiPolygon", "coordinates": [ [ [ [ -4.32453, 55.81346 ], [ -4.32414, 55.81244 ], [ -4.32323, 55.81262 ], [ -4.3232, 55.81165 ], [ -4.32279, 55.81148 ], [ -4.32331, 55.81095 ], [ -4.32265, 55.81075 ], [ -4.32344, 55.81013 ], [ -4.32292, 55.80991 ], [ -4.32333, 55.80964 ], [ -4.32427, 55.80932 ], [ -4.32448, 55.80882 ], [ -4.32451, 55.80831 ], [ -4.3228, 55.80836 ], [ -4.32274, 55.80802 ], [ -4.32383, 55.80795 ], [ -4.32483, 55.80802 ], [ -4.3262, 55.8084 ], [ -4.32619, 55.80791 ], [ -4.3272, 55.80759 ], [ -4.32811, 55.8085 ], [ -4.32824, 55.80892 ], [ -4.32792, 55.80901 ], [ -4.32818, 55.80984 ], [ -4.3284, 55.81114 ], [ -4.32819, 55.81188 ], [ -4.32738, 55.81248 ], [ -4.32571, 55.81313 ], [ -4.32604, 55.81333 ], [ -4.32462, 55.81358 ], [ -4.32453, 55.81346 ] ] ] ] } },
{ "type": "Feature", "properties": { "LSOA11_CD": "S01009941", "Neighborhood_Name": "Carnwadric West - 03", "uk_imd2019_LSOA": "S01009941", "uk_imd2019_Rank": "3654", "uk_imd2019_SOA_pct": "52", "uk_imd2019_SOA_decile": "6" }, "geometry": { "type": "MultiPolygon", "coordinates": [ [ [ [ -4.31327, 55.817 ], [ -4.31361, 55.8161 ], [ -4.31361, 55.81528 ], [ -4.3135, 55.81505 ], [ -4.31265, 55.81238 ], [ -4.31313, 55.81223 ], [ -4.31649, 55.81178 ], [ -4.31696, 55.81188 ], [ -4.31643, 55.81251 ], [ -4.31674, 55.81252 ], [ -4.31781, 55.8156 ], [ -4.31727, 55.8159 ], [ -4.31765, 55.81612 ], [ -4.31465, 55.81737 ], [ -4.31222, 55.81817 ], [ -4.31043, 55.81871 ], [ -4.31175, 55.81812 ], [ -4.31298, 55.81727 ], [ -4.31327, 55.817 ] ] ] ] } },
{ "type": "Feature", "properties": { "LSOA11_CD": "S01009942", "Neighborhood_Name": "Carnwadric West - 04", "uk_imd2019_LSOA": "S01009942", "uk_imd2019_Rank": "483", "uk_imd2019_SOA_pct": "7", "uk_imd2019_SOA_decile": "1" }, "geometry": { "type": "MultiPolygon", "coordinates": [ [ [ [ -4.31265, 55.81238 ], [ -4.31203, 55.8115 ], [ -4.31259, 55.81104 ], [ -4.31313, 55.80987 ], [ -4.31358, 55.81012 ], [ -4.31403, 55.81 ], [ -4.31586, 55.80992 ], [ -4.31627, 55.8093 ], [ -4.31757, 55.80938 ], [ -4.31758, 55.80907 ], [ -4.31845, 55.80913 ], [ -4.31842, 55.80947 ], [ -4.31967, 55.8096 ], [ -4.31942, 55.81018 ], [ -4.3179, 55.81001 ], [ -4.31801, 55.81085 ], [ -4.32064, 55.81061 ], [ -4.32162, 55.81061 ], [ -4.32265, 55.81075 ], [ -4.32331, 55.81095 ], [ -4.32279, 55.81148 ], [ -4.32219, 55.81188 ], [ -4.32235, 55.81335 ], [ -4.32142, 55.8134 ], [ -4.32135, 55.8137 ], [ -4.3203, 55.81377 ], [ -4.32038, 55.81412 ], [ -4.31942, 55.8142 ], [ -4.31991, 55.81445 ], [ -4.32006, 55.81502 ], [ -4.31765, 55.81612 ], [ -4.31727, 55.8159 ], [ -4.31781, 55.8156 ], [ -4.31674, 55.81252 ], [ -4.31643, 55.81251 ], [ -4.31696, 55.81188 ], [ -4.31649, 55.81178 ], [ -4.31313, 55.81223 ], [ -4.31265, 55.81238 ] ] ] ] } },
{ "type": "Feature", "properties": { "LSOA11_CD": "S01009960", "Neighborhood_Name": "Muirend and Old Cathcart - 02", "uk_imd2019_LSOA": "S01009960", "uk_imd2019_Rank": "5582", "uk_imd2019_SOA_pct": "80", "uk_imd2019_SOA_decile": "9" }, "geometry": { "type": "MultiPolygon", "coordinates": [ [ [ [ -4.27155, 55.80905 ], [ -4.2719, 55.80871 ], [ -4.27532, 55.80937 ], [ -4.27615, 55.80959 ], [ -4.27584, 55.80996 ], [ -4.2768, 55.81024 ], [ -4.27697, 55.81078 ], [ -4.27819, 55.81115 ], [ -4.27703, 55.81233 ], [ -4.27466, 55.81304 ], [ -4.27219, 55.81276 ], [ -4.27134, 55.81252 ], [ -4.27026, 55.81327 ], [ -4.26894, 55.81272 ], [ -4.26886, 55.81241 ], [ -4.26975, 55.81268 ], [ -4.27015, 55.81231 ], [ -4.27006, 55.81199 ], [ -4.26953, 55.8118 ], [ -4.27019, 55.81115 ], [ -4.27155, 55.80905 ] ] ] ] } },
{ "type": "Feature", "properties": { "LSOA11_CD": "S01009944", "Neighborhood_Name": "Carnwadric East - 01", "uk_imd2019_LSOA": "S01009944", "uk_imd2019_Rank": "1996", "uk_imd2019_SOA_pct": "29", "uk_imd2019_SOA_decile": "3" }, "geometry": { "type": "MultiPolygon", "coordinates": [ [ [ [ -4.29288, 55.8137 ], [ -4.29358, 55.81339 ], [ -4.29502, 55.81251 ], [ -4.2968, 55.81062 ], [ -4.29697, 55.81022 ], [ -4.29768, 55.8097 ], [ -4.29847, 55.80942 ], [ -4.29881, 55.80967 ], [ -4.29895, 55.80977 ], [ -4.29859, 55.80993 ], [ -4.29904, 55.81037 ], [ -4.29956, 55.81062 ], [ -4.30155, 55.81071 ], [ -4.30188, 55.81098 ], [ -4.29913, 55.81089 ], [ -4.29901, 55.81127 ], [ -4.29853, 55.81131 ], [ -4.29862, 55.81194 ], [ -4.30109, 55.81128 ], [ -4.30206, 55.81152 ], [ -4.30118, 55.81216 ], [ -4.30104, 55.81249 ], [ -4.3, 55.81345 ], [ -4.29922, 55.81351 ], [ -4.29883, 55.81303 ], [ -4.29684, 55.81237 ], [ -4.29603, 55.81247 ], [ -4.29574, 55.81275 ], [ -4.29619, 55.81305 ], [ -4.2954, 55.81357 ], [ -4.29595, 55.81387 ], [ -4.29548, 55.81416 ], [ -4.29489, 55.81452 ], [ -4.2938, 55.81387 ], [ -4.29323, 55.81423 ], [ -4.29286, 55.81405 ], [ -4.29288, 55.8137 ] ] ] ] } },
{ "type": "Feature", "properties": { "LSOA11_CD": "S01009945", "Neighborhood_Name": "Carnwadric East - 02", "uk_imd2019_LSOA": "S01009945", "uk_imd2019_Rank": "727", "uk_imd2019_SOA_pct": "10", "uk_imd2019_SOA_decile": "2" }, "geometry": { "type": "MultiPolygon", "coordinates": [ [ [ [ -4.30703, 55.81821 ], [ -4.30757, 55.8178 ], [ -4.30831, 55.81693 ], [ -4.30869, 55.81662 ], [ -4.30844, 55.81641 ], [ -4.30945, 55.81588 ], [ -4.30851, 55.81574 ], [ -4.30779, 55.81613 ], [ -4.30726, 55.81611 ], [ -4.30694, 55.81576 ], [ -4.30757, 55.81539 ], [ -4.30751, 55.81514 ], [ -4.30651, 55.8145 ], [ -4.30531, 55.81444 ], [ -4.30463, 55.81401 ], [ -4.30732, 55.81262 ], [ -4.3075, 55.81213 ], [ -4.30516, 55.8106 ], [ -4.30541, 55.8104 ], [ -4.30572, 55.80987 ], [ -4.30562, 55.80903 ], [ -4.30794, 55.80935 ], [ -4.3092, 55.80971 ], [ -4.31074, 55.81043 ], [ -4.31203, 55.8115 ], [ -4.31265, 55.81238 ], [ -4.3135, 55.81505 ], [ -4.31361, 55.81528 ], [ -4.31361, 55.8161 ], [ -4.31327, 55.817 ], [ -4.312, 55.8172 ], [ -4.30988, 55.81779 ], [ -4.30898, 55.81821 ], [ -4.30824, 55.81835 ], [ -4.30703, 55.81821 ] ] ] ] } },
{ "type": "Feature", "properties": { "LSOA11_CD": "S01009946", "Neighborhood_Name": "Carnwadric East - 03", "uk_imd2019_LSOA": "S01009946", "uk_imd2019_Rank": "2008", "uk_imd2019_SOA_pct": "29", "uk_imd2019_SOA_decile": "3" }, "geometry": { "type": "MultiPolygon", "coordinates": [ [ [ [ -4.30374, 55.81754 ], [ -4.3023, 55.8175 ], [ -4.30263, 55.8167 ], [ -4.30298, 55.81633 ], [ -4.3042, 55.81668 ], [ -4.30441, 55.81621 ], [ -4.30334, 55.8159 ], [ -4.30407, 55.81513 ], [ -4.30266, 55.81472 ], [ -4.30308, 55.81429 ], [ -4.30368, 55.81451 ], [ -4.30463, 55.81401 ], [ -4.30531, 55.81444 ], [ -4.30651, 55.8145 ], [ -4.30751, 55.81514 ], [ -4.30757, 55.81539 ], [ -4.30694, 55.81576 ], [ -4.30726, 55.81611 ], [ -4.30779, 55.81613 ], [ -4.30851, 55.81574 ], [ -4.30945, 55.81588 ], [ -4.30844, 55.81641 ], [ -4.30869, 55.81662 ], [ -4.30831, 55.81693 ], [ -4.30757, 55.8178 ], [ -4.30703, 55.81821 ], [ -4.30581, 55.818 ], [ -4.30459, 55.8176 ], [ -4.30374, 55.81754 ] ] ] ] } },
{ "type": "Feature", "properties": { "LSOA11_CD": "S01009950", "Neighborhood_Name": "Newlands - 03", "uk_imd2019_LSOA": "S01009950", "uk_imd2019_Rank": "6871", "uk_imd2019_SOA_pct": "98", "uk_imd2019_SOA_decile": "10" }, "geometry": { "type": "MultiPolygon", "coordinates": [ [ [ [ -4.28099, 55.81447 ], [ -4.28194, 55.81463 ], [ -4.2822, 55.814 ], [ -4.28287, 55.81318 ], [ -4.28033, 55.81192 ], [ -4.28091, 55.81151 ], [ -4.28033, 55.81123 ], [ -4.28097, 55.81076 ], [ -4.28203, 55.81138 ], [ -4.283, 55.81172 ], [ -4.28503, 55.81186 ], [ -4.28663, 55.81221 ], [ -4.29024, 55.81247 ], [ -4.29041, 55.81255 ], [ -4.29152, 55.81321 ], [ -4.2901, 55.81473 ], [ -4.28894, 55.81591 ], [ -4.28821, 55.81568 ], [ -4.28895, 55.81493 ], [ -4.28738, 55.81467 ], [ -4.28719, 55.81502 ], [ -4.28594, 55.81491 ], [ -4.28605, 55.81395 ], [ -4.28446, 55.81373 ], [ -4.28401, 55.81486 ], [ -4.28468, 55.81516 ], [ -4.28455, 55.81558 ], [ -4.28525, 55.81567 ], [ -4.28487, 55.81648 ], [ -4.28371, 55.81633 ], [ -4.28137, 55.81578 ], [ -4.28186, 55.81525 ], [ -4.28099, 55.81447 ] ] ] ] } },
{ "type": "Feature", "properties": { "LSOA11_CD": "S01009951", "Neighborhood_Name": "Newlands - 04", "uk_imd2019_LSOA": "S01009951", "uk_imd2019_Rank": "6814", "uk_imd2019_SOA_pct": "98", "uk_imd2019_SOA_decile": "10" }, "geometry": { "type": "MultiPolygon", "coordinates": [ [ [ [ -4.28668, 55.82115 ], [ -4.28636, 55.8206 ], [ -4.28316, 55.81995 ], [ -4.28073, 55.81979 ], [ -4.28016, 55.8197 ], [ -4.27799, 55.81918 ], [ -4.27792, 55.81876 ], [ -4.27807, 55.81784 ], [ -4.27877, 55.81782 ], [ -4.279, 55.81838 ], [ -4.27977, 55.81794 ], [ -4.28023, 55.81812 ], [ -4.2807, 55.8173 ], [ -4.28073, 55.8167 ], [ -4.28091, 55.81639 ], [ -4.27985, 55.81632 ], [ -4.27899, 55.81576 ], [ -4.2781, 55.81562 ], [ -4.27801, 55.81404 ], [ -4.27903, 55.81405 ], [ -4.28099, 55.81447 ], [ -4.28186, 55.81525 ], [ -4.28137, 55.81578 ], [ -4.28371, 55.81633 ], [ -4.28487, 55.81648 ], [ -4.28525, 55.81567 ], [ -4.28455, 55.81558 ], [ -4.28468, 55.81516 ], [ -4.28401, 55.81486 ], [ -4.28446, 55.81373 ], [ -4.28605, 55.81395 ], [ -4.28594, 55.81491 ], [ -4.28719, 55.81502 ], [ -4.28738, 55.81467 ], [ -4.28895, 55.81493 ], [ -4.28821, 55.81568 ], [ -4.28894, 55.81591 ], [ -4.28779, 55.81728 ], [ -4.28736, 55.81837 ], [ -4.28717, 55.8209 ], [ -4.28668, 55.82115 ] ] ] ] } },
{ "type": "Feature", "properties": { "LSOA11_CD": "S01009952", "Neighborhood_Name": "Newlands - 05", "uk_imd2019_LSOA": "S01009952", "uk_imd2019_Rank": "5668", "uk_imd2019_SOA_pct": "81", "uk_imd2019_SOA_decile": "9" }, "geometry": { "type": "MultiPolygon", "coordinates": [ [ [ [ -4.28581, 55.82305 ], [ -4.28589, 55.82248 ], [ -4.28615, 55.82218 ], [ -4.28599, 55.82168 ], [ -4.28573, 55.82154 ], [ -4.28595, 55.82107 ], [ -4.28668, 55.82115 ], [ -4.28717, 55.8209 ], [ -4.28736, 55.81837 ], [ -4.28779, 55.81728 ], [ -4.28859, 55.81738 ], [ -4.28873, 55.81704 ], [ -4.28919, 55.81656 ], [ -4.29019, 55.8169 ], [ -4.28956, 55.81701 ], [ -4.28934, 55.81726 ], [ -4.28912, 55.81867 ], [ -4.28973, 55.81869 ], [ -4.2896, 55.81937 ], [ -4.29033, 55.81941 ], [ -4.29089, 55.81976 ], [ -4.29066, 55.821 ], [ -4.29058, 55.8213 ], [ -4.29088, 55.82156 ], [ -4.28979, 55.82203 ], [ -4.28775, 55.82266 ], [ -4.28649, 55.82311 ], [ -4.28581, 55.82305 ] ] ] ] } },
{ "type": "Feature", "properties": { "LSOA11_CD": "S01009953", "Neighborhood_Name": "Newlands - 06", "uk_imd2019_LSOA": "S01009953", "uk_imd2019_Rank": "5032", "uk_imd2019_SOA_pct": "72", "uk_imd2019_SOA_decile": "8" }, "geometry": { "type": "MultiPolygon", "coordinates": [ [ [ [ -4.29272, 55.81779 ], [ -4.29019, 55.8169 ], [ -4.28919, 55.81656 ], [ -4.28873, 55.81704 ], [ -4.28859, 55.81738 ], [ -4.28779, 55.81728 ], [ -4.28894, 55.81591 ], [ -4.2901, 55.81473 ], [ -4.29152, 55.81321 ], [ -4.29258, 55.81389 ], [ -4.29288, 55.8137 ], [ -4.29286, 55.81405 ], [ -4.29323, 55.81423 ], [ -4.2938, 55.81387 ], [ -4.29489, 55.81452 ], [ -4.29548, 55.81416 ], [ -4.29585, 55.81433 ], [ -4.296, 55.8147 ], [ -4.29447, 55.81609 ], [ -4.29382, 55.81595 ], [ -4.29269, 55.81588 ], [ -4.29302, 55.81557 ], [ -4.29242, 55.81535 ], [ -4.29165, 55.81606 ], [ -4.29252, 55.81632 ], [ -4.29311, 55.81601 ], [ -4.29632, 55.81707 ], [ -4.29614, 55.81749 ], [ -4.29838, 55.81827 ], [ -4.29694, 55.81871 ], [ -4.29616, 55.81845 ], [ -4.29575, 55.81882 ], [ -4.29272, 55.81779 ] ] ] ] } },
{ "type": "Feature", "properties": { "LSOA11_CD": "S01009954", "Neighborhood_Name": "Newlands - 07", "uk_imd2019_LSOA": "S01009954", "uk_imd2019_Rank": "3287", "uk_imd2019_SOA_pct": "47", "uk_imd2019_SOA_decile": "5" }, "geometry": { "type": "MultiPolygon", "coordinates": [ [ [ [ -4.29796, 55.81939 ], [ -4.29662, 55.81901 ], [ -4.29694, 55.81871 ], [ -4.29838, 55.81827 ], [ -4.29963, 55.8181 ], [ -4.30098, 55.81782 ], [ -4.30071, 55.81703 ], [ -4.30008, 55.81695 ], [ -4.29939, 55.8167 ], [ -4.29623, 55.81636 ], [ -4.29654, 55.81549 ], [ -4.29828, 55.81465 ], [ -4.29682, 55.81416 ], [ -4.296, 55.8147 ], [ -4.29585, 55.81433 ], [ -4.29548, 55.81416 ], [ -4.29595, 55.81387 ], [ -4.2954, 55.81357 ], [ -4.29619, 55.81305 ], [ -4.29574, 55.81275 ], [ -4.29603, 55.81247 ], [ -4.29684, 55.81237 ], [ -4.29883, 55.81303 ], [ -4.29922, 55.81351 ], [ -4.3, 55.81345 ], [ -4.30104, 55.81249 ], [ -4.30222, 55.81287 ], [ -4.30258, 55.81256 ], [ -4.30426, 55.8131 ], [ -4.30378, 55.81343 ], [ -4.30329, 55.81322 ], [ -4.30253, 55.81363 ], [ -4.30306, 55.81386 ], [ -4.30271, 55.81416 ], [ -4.30308, 55.81429 ], [ -4.30266, 55.81472 ], [ -4.30407, 55.81513 ], [ -4.30334, 55.8159 ], [ -4.30441, 55.81621 ], [ -4.3042, 55.81668 ], [ -4.30298, 55.81633 ], [ -4.30263, 55.8167 ], [ -4.3023, 55.8175 ], [ -4.30374, 55.81754 ], [ -4.30279, 55.81786 ], [ -4.30251, 55.81815 ], [ -4.3025, 55.81855 ], [ -4.30215, 55.81887 ], [ -4.3022, 55.81928 ], [ -4.30161, 55.81931 ], [ -4.30063, 55.81905 ], [ -4.29939, 55.81895 ], [ -4.29796, 55.81939 ] ] ] ] } },
{ "type": "Feature", "properties": { "LSOA11_CD": "S01009955", "Neighborhood_Name": "Merrylee and Millbrae - 01", "uk_imd2019_LSOA": "S01009955", "uk_imd2019_Rank": "2927", "uk_imd2019_SOA_pct": "42", "uk_imd2019_SOA_decile": "5" }, "geometry": { "type": "MultiPolygon", "coordinates": [ [ [ [ -4.27315, 55.81991 ], [ -4.26828, 55.81802 ], [ -4.26696, 55.81813 ], [ -4.26588, 55.81763 ], [ -4.26532, 55.81757 ], [ -4.2641, 55.8173 ], [ -4.26294, 55.81736 ], [ -4.26313, 55.81698 ], [ -4.26232, 55.81707 ], [ -4.26314, 55.81616 ], [ -4.26422, 55.81554 ], [ -4.26409, 55.81532 ], [ -4.26475, 55.815 ], [ -4.26505, 55.81468 ], [ -4.26565, 55.81486 ], [ -4.26669, 55.81401 ], [ -4.26758, 55.81421 ], [ -4.26733, 55.8146 ], [ -4.26794, 55.81487 ], [ -4.26817, 55.81473 ], [ -4.26878, 55.81507 ], [ -4.26954, 55.81519 ], [ -4.26934, 55.81603 ], [ -4.26854, 55.81595 ], [ -4.26861, 55.81649 ], [ -4.26968, 55.81658 ], [ -4.26973, 55.81635 ], [ -4.27249, 55.81658 ], [ -4.27179, 55.81685 ], [ -4.27162, 55.81759 ], [ -4.27188, 55.81789 ], [ -4.27336, 55.81831 ], [ -4.27473, 55.81854 ], [ -4.27458, 55.81814 ], [ -4.27686, 55.81822 ], [ -4.27683, 55.81873 ], [ -4.27792, 55.81876 ], [ -4.27799, 55.81918 ], [ -4.28016, 55.8197 ], [ -4.28064, 55.82029 ], [ -4.28054, 55.82069 ], [ -4.27991, 55.82067 ], [ -4.27874, 55.82027 ], [ -4.27893, 55.81993 ], [ -4.27737, 55.81958 ], [ -4.27713, 55.82006 ], [ -4.27592, 55.81988 ], [ -4.27563, 55.82 ], [ -4.27407, 55.81987 ], [ -4.27343, 55.81963 ], [ -4.27315, 55.81991 ] ] ] ] } },
{ "type": "Feature", "properties": { "LSOA11_CD": "S01009956", "Neighborhood_Name": "Merrylee and Millbrae - 02", "uk_imd2019_LSOA": "S01009956", "uk_imd2019_Rank": "2953", "uk_imd2019_SOA_pct": "42", "uk_imd2019_SOA_decile": "5" }, "geometry": { "type": "MultiPolygon", "coordinates": [ [ [ [ -4.27249, 55.81658 ], [ -4.27352, 55.81586 ], [ -4.27354, 55.81548 ], [ -4.27449, 55.81554 ], [ -4.27458, 55.81524 ], [ -4.27277, 55.81508 ], [ -4.27335, 55.81482 ], [ -4.27637, 55.81485 ], [ -4.27645, 55.81459 ], [ -4.27727, 55.81459 ], [ -4.27728, 55.81557 ], [ -4.2781, 55.81562 ], [ -4.27899, 55.81576 ], [ -4.27985, 55.81632 ], [ -4.28091, 55.81639 ], [ -4.28073, 55.8167 ], [ -4.2807, 55.8173 ], [ -4.28023, 55.81812 ], [ -4.27977, 55.81794 ], [ -4.279, 55.81838 ], [ -4.27877, 55.81782 ], [ -4.27807, 55.81784 ], [ -4.27792, 55.81876 ], [ -4.27683, 55.81873 ], [ -4.27686, 55.81822 ], [ -4.27458, 55.81814 ], [ -4.27473, 55.81854 ], [ -4.27336, 55.81831 ], [ -4.27188, 55.81789 ], [ -4.27162, 55.81759 ], [ -4.27179, 55.81685 ], [ -4.27249, 55.81658 ] ] ] ] } },
{ "type": "Feature", "properties": { "LSOA11_CD": "S01009957", "Neighborhood_Name": "Merrylee and Millbrae - 03", "uk_imd2019_LSOA": "S01009957", "uk_imd2019_Rank": "6429", "uk_imd2019_SOA_pct": "92", "uk_imd2019_SOA_decile": "10" }, "geometry": { "type": "MultiPolygon", "coordinates": [ [ [ [ -4.28166, 55.82299 ], [ -4.27989, 55.82278 ], [ -4.2789, 55.82249 ], [ -4.27732, 55.82221 ], [ -4.27612, 55.82187 ], [ -4.2742, 55.82159 ], [ -4.27387, 55.82115 ], [ -4.27251, 55.82158 ], [ -4.27212, 55.82118 ], [ -4.27321, 55.82043 ], [ -4.27272, 55.82025 ], [ -4.27315, 55.81991 ], [ -4.27343, 55.81963 ], [ -4.27407, 55.81987 ], [ -4.27563, 55.82 ], [ -4.27592, 55.81988 ], [ -4.27713, 55.82006 ], [ -4.27737, 55.81958 ], [ -4.27893, 55.81993 ], [ -4.27874, 55.82027 ], [ -4.27991, 55.82067 ], [ -4.28054, 55.82069 ], [ -4.28064, 55.82029 ], [ -4.28016, 55.8197 ], [ -4.28073, 55.81979 ], [ -4.28316, 55.81995 ], [ -4.28636, 55.8206 ], [ -4.28668, 55.82115 ], [ -4.28595, 55.82107 ], [ -4.28573, 55.82154 ], [ -4.28599, 55.82168 ], [ -4.28615, 55.82218 ], [ -4.28589, 55.82248 ], [ -4.28581, 55.82305 ], [ -4.28532, 55.82284 ], [ -4.28425, 55.82358 ], [ -4.2835, 55.82325 ], [ -4.28251, 55.82306 ], [ -4.28166, 55.82299 ] ] ] ] } },
{ "type": "Feature", "properties": { "LSOA11_CD": "S01009959", "Neighborhood_Name": "Muirend and Old Cathcart - 01", "uk_imd2019_LSOA": "S01009959", "uk_imd2019_Rank": "6530", "uk_imd2019_SOA_pct": "94", "uk_imd2019_SOA_decile": "10" }, "geometry": { "type": "MultiPolygon", "coordinates": [ [ [ [ -4.28099, 55.81447 ], [ -4.27903, 55.81405 ], [ -4.27801, 55.81404 ], [ -4.27404, 55.81443 ], [ -4.27328, 55.81434 ], [ -4.27343, 55.81387 ], [ -4.2728, 55.81375 ], [ -4.27197, 55.81374 ], [ -4.27172, 55.81329 ], [ -4.27469, 55.81352 ], [ -4.27466, 55.81304 ], [ -4.27703, 55.81233 ], [ -4.27819, 55.81115 ], [ -4.27697, 55.81078 ], [ -4.2768, 55.81024 ], [ -4.27584, 55.80996 ], [ -4.27615, 55.80959 ], [ -4.27698, 55.80982 ], [ -4.27747, 55.80939 ], [ -4.27788, 55.80969 ], [ -4.27863, 55.80993 ], [ -4.2808, 55.81064 ], [ -4.28097, 55.81076 ], [ -4.28033, 55.81123 ], [ -4.28091, 55.81151 ], [ -4.28033, 55.81192 ], [ -4.28287, 55.81318 ], [ -4.2822, 55.814 ], [ -4.28194, 55.81463 ], [ -4.28099, 55.81447 ] ] ] ] } },
{ "type": "Feature", "properties": { "LSOA11_CD": "S01009961", "Neighborhood_Name": "Muirend and Old Cathcart - 03", "uk_imd2019_LSOA": "S01009961", "uk_imd2019_Rank": "4570", "uk_imd2019_SOA_pct": "66", "uk_imd2019_SOA_decile": "7" }, "geometry": { "type": "MultiPolygon", "coordinates": [ [ [ [ -4.26817, 55.81473 ], [ -4.268, 55.81462 ], [ -4.26924, 55.81395 ], [ -4.27026, 55.81327 ], [ -4.27134, 55.81252 ], [ -4.27219, 55.81276 ], [ -4.27466, 55.81304 ], [ -4.27469, 55.81352 ], [ -4.27172, 55.81329 ], [ -4.27197, 55.81374 ], [ -4.2728, 55.81375 ], [ -4.27343, 55.81387 ], [ -4.27328, 55.81434 ], [ -4.27404, 55.81443 ], [ -4.27801, 55.81404 ], [ -4.2781, 55.81562 ], [ -4.27728, 55.81557 ], [ -4.27727, 55.81459 ], [ -4.27645, 55.81459 ], [ -4.27637, 55.81485 ], [ -4.27335, 55.81482 ], [ -4.27277, 55.81508 ], [ -4.27458, 55.81524 ], [ -4.27449, 55.81554 ], [ -4.27354, 55.81548 ], [ -4.27352, 55.81586 ], [ -4.27249, 55.81658 ], [ -4.26973, 55.81635 ], [ -4.26968, 55.81658 ], [ -4.26861, 55.81649 ], [ -4.26854, 55.81595 ], [ -4.26934, 55.81603 ], [ -4.26954, 55.81519 ], [ -4.26878, 55.81507 ], [ -4.26817, 55.81473 ] ] ] ] } },
{ "type": "Feature", "properties": { "LSOA11_CD": "S01009962", "Neighborhood_Name": "Muirend and Old Cathcart - 04", "uk_imd2019_LSOA": "S01009962", "uk_imd2019_Rank": "3915", "uk_imd2019_SOA_pct": "56", "uk_imd2019_SOA_decile": "6" }, "geometry": { "type": "MultiPolygon", "coordinates": [ [ [ [ -4.26669, 55.81401 ], [ -4.26647, 55.81386 ], [ -4.26585, 55.81413 ], [ -4.26528, 55.81398 ], [ -4.26489, 55.81356 ], [ -4.26571, 55.81307 ], [ -4.26633, 55.81335 ], [ -4.2674, 55.81253 ], [ -4.26703, 55.81205 ], [ -4.26785, 55.8115 ], [ -4.26716, 55.8112 ], [ -4.26672, 55.81084 ], [ -4.26738, 55.81037 ], [ -4.26713, 55.81027 ], [ -4.26814, 55.80957 ], [ -4.2704, 55.80872 ], [ -4.2708, 55.80911 ], [ -4.27155, 55.80905 ], [ -4.27019, 55.81115 ], [ -4.26953, 55.8118 ], [ -4.27006, 55.81199 ], [ -4.27015, 55.81231 ], [ -4.26975, 55.81268 ], [ -4.26886, 55.81241 ], [ -4.26894, 55.81272 ], [ -4.27026, 55.81327 ], [ -4.26924, 55.81395 ], [ -4.268, 55.81462 ], [ -4.26817, 55.81473 ], [ -4.26794, 55.81487 ], [ -4.26733, 55.8146 ], [ -4.26758, 55.81421 ], [ -4.26669, 55.81401 ] ] ] ] } },
{ "type": "Feature", "properties": { "LSOA11_CD": "S01009964", "Neighborhood_Name": "Muirend and Old Cathcart - 06", "uk_imd2019_LSOA": "S01009964", "uk_imd2019_Rank": "5441", "uk_imd2019_SOA_pct": "78", "uk_imd2019_SOA_decile": "8" }, "geometry": { "type": "MultiPolygon", "coordinates": [ [ [ [ -4.25876, 55.81485 ], [ -4.25919, 55.81371 ], [ -4.25978, 55.814 ], [ -4.26046, 55.81368 ], [ -4.26131, 55.81342 ], [ -4.26193, 55.81335 ], [ -4.26295, 55.81343 ], [ -4.26386, 55.81341 ], [ -4.26464, 55.81309 ], [ -4.26604, 55.8122 ], [ -4.26703, 55.81205 ], [ -4.2674, 55.81253 ], [ -4.26633, 55.81335 ], [ -4.26571, 55.81307 ], [ -4.26489, 55.81356 ], [ -4.26528, 55.81398 ], [ -4.26585, 55.81413 ], [ -4.26647, 55.81386 ], [ -4.26669, 55.81401 ], [ -4.26565, 55.81486 ], [ -4.26505, 55.81468 ], [ -4.26475, 55.815 ], [ -4.26409, 55.81532 ], [ -4.26422, 55.81554 ], [ -4.26314, 55.81616 ], [ -4.26232, 55.81707 ], [ -4.26176, 55.81714 ], [ -4.26024, 55.81749 ], [ -4.25963, 55.81776 ], [ -4.25926, 55.81738 ], [ -4.25871, 55.81618 ], [ -4.25855, 55.81563 ], [ -4.25876, 55.81485 ] ] ] ] } },
{ "type": "Feature", "properties": { "LSOA11_CD": "S01009965", "Neighborhood_Name": "Carmunnock North - 01", "uk_imd2019_LSOA": "S01009965", "uk_imd2019_Rank": "5141", "uk_imd2019_SOA_pct": "74", "uk_imd2019_SOA_decile": "8" }, "geometry": { "type": "MultiPolygon", "coordinates": [ [ [ [ -4.24844, 55.81051 ], [ -4.24815, 55.81027 ], [ -4.24713, 55.81036 ], [ -4.24645, 55.81033 ], [ -4.2462, 55.8098 ], [ -4.24579, 55.80972 ], [ -4.24503, 55.80986 ], [ -4.24532, 55.80928 ], [ -4.24519, 55.80904 ], [ -4.24604, 55.80905 ], [ -4.24606, 55.80886 ], [ -4.24723, 55.80866 ], [ -4.24755, 55.8074 ], [ -4.24783, 55.80779 ], [ -4.24967, 55.80847 ], [ -4.2507, 55.80794 ], [ -4.25244, 55.80779 ], [ -4.25369, 55.80761 ], [ -4.25454, 55.8073 ], [ -4.2546, 55.808 ], [ -4.25515, 55.80774 ], [ -4.2564, 55.80761 ], [ -4.25663, 55.8073 ], [ -4.25794, 55.80755 ], [ -4.25875, 55.80748 ], [ -4.25898, 55.80898 ], [ -4.25746, 55.809 ], [ -4.25649, 55.80913 ], [ -4.25625, 55.80939 ], [ -4.25639, 55.80977 ], [ -4.25776, 55.81081 ], [ -4.25767, 55.81123 ], [ -4.25654, 55.81094 ], [ -4.25478, 55.81122 ], [ -4.25481, 55.81203 ], [ -4.25379, 55.81203 ], [ -4.25387, 55.81144 ], [ -4.25378, 55.81083 ], [ -4.25321, 55.81088 ], [ -4.25146, 55.8107 ], [ -4.24844, 55.81051 ] ] ] ] } },
{ "type": "Feature", "properties": { "LSOA11_CD": "S01009966", "Neighborhood_Name": "Carmunnock North - 02", "uk_imd2019_LSOA": "S01009966", "uk_imd2019_Rank": "6131", "uk_imd2019_SOA_pct": "88", "uk_imd2019_SOA_decile": "9" }, "geometry": { "type": "MultiPolygon", "coordinates": [ [ [ [ -4.24844, 55.81051 ], [ -4.25146, 55.8107 ], [ -4.25321, 55.81088 ], [ -4.25378, 55.81083 ], [ -4.25387, 55.81144 ], [ -4.25379, 55.81203 ], [ -4.25481, 55.81203 ], [ -4.25482, 55.81242 ], [ -4.2535, 55.81226 ], [ -4.2533, 55.81269 ], [ -4.2524, 55.8126 ], [ -4.25216, 55.81315 ], [ -4.2516, 55.81299 ], [ -4.25125, 55.81317 ], [ -4.25023, 55.81276 ], [ -4.24906, 55.81253 ], [ -4.24717, 55.81241 ], [ -4.24698, 55.81178 ], [ -4.24607, 55.81189 ], [ -4.24574, 55.81136 ], [ -4.24581, 55.8109 ], [ -4.24737, 55.81093 ], [ -4.24852, 55.81079 ], [ -4.24844, 55.81051 ] ] ] ] } },
{ "type": "Feature", "properties": { "LSOA11_CD": "S01009967", "Neighborhood_Name": "Carmunnock North - 03", "uk_imd2019_LSOA": "S01009967", "uk_imd2019_Rank": "5821", "uk_imd2019_SOA_pct": "83", "uk_imd2019_SOA_decile": "9" }, "geometry": { "type": "MultiPolygon", "coordinates": [ [ [ [ -4.25235, 55.81421 ], [ -4.25211, 55.8137 ], [ -4.25125, 55.81317 ], [ -4.2516, 55.81299 ], [ -4.25216, 55.81315 ], [ -4.2524, 55.8126 ], [ -4.2533, 55.81269 ], [ -4.2535, 55.81226 ], [ -4.25482, 55.81242 ], [ -4.25481, 55.81203 ], [ -4.25478, 55.81122 ], [ -4.25654, 55.81094 ], [ -4.25767, 55.81123 ], [ -4.25776, 55.81081 ], [ -4.25639, 55.80977 ], [ -4.25625, 55.80939 ], [ -4.25649, 55.80913 ], [ -4.25746, 55.809 ], [ -4.25898, 55.80898 ], [ -4.25909, 55.80952 ], [ -4.26031, 55.80949 ], [ -4.26056, 55.8094 ], [ -4.26089, 55.80965 ], [ -4.25988, 55.81007 ], [ -4.26067, 55.81063 ], [ -4.26067, 55.81097 ], [ -4.26019, 55.81124 ], [ -4.25971, 55.81171 ], [ -4.25951, 55.81221 ], [ -4.25959, 55.81276 ], [ -4.26032, 55.81339 ], [ -4.26046, 55.81368 ], [ -4.25978, 55.814 ], [ -4.25919, 55.81371 ], [ -4.25876, 55.81485 ], [ -4.25763, 55.81476 ], [ -4.25805, 55.81587 ], [ -4.25737, 55.81577 ], [ -4.2557, 55.81659 ], [ -4.25356, 55.81441 ], [ -4.25244, 55.81469 ], [ -4.25235, 55.81421 ] ] ] ] } },
{ "type": "Feature", "properties": { "LSOA11_CD": "S01009968", "Neighborhood_Name": "Carmunnock North - 04", "uk_imd2019_LSOA": "S01009968", "uk_imd2019_Rank": "4397", "uk_imd2019_SOA_pct": "63", "uk_imd2019_SOA_decile": "7" }, "geometry": { "type": "MultiPolygon", "coordinates": [ [ [ [ -4.24521, 55.81166 ], [ -4.24448, 55.80993 ], [ -4.24503, 55.80986 ], [ -4.24579, 55.80972 ], [ -4.2462, 55.8098 ], [ -4.24645, 55.81033 ], [ -4.24713, 55.81036 ], [ -4.24815, 55.81027 ], [ -4.24844, 55.81051 ], [ -4.24852, 55.81079 ], [ -4.24737, 55.81093 ], [ -4.24581, 55.8109 ], [ -4.24574, 55.81136 ], [ -4.24607, 55.81189 ], [ -4.24698, 55.81178 ], [ -4.24717, 55.81241 ], [ -4.24906, 55.81253 ], [ -4.25023, 55.81276 ], [ -4.25125, 55.81317 ], [ -4.25211, 55.8137 ], [ -4.25235, 55.81421 ], [ -4.25167, 55.81432 ], [ -4.25028, 55.81426 ], [ -4.2478, 55.81471 ], [ -4.24575, 55.81491 ], [ -4.24561, 55.81461 ], [ -4.24573, 55.81367 ], [ -4.24547, 55.81285 ], [ -4.24566, 55.81268 ], [ -4.24521, 55.81166 ] ] ] ] } },
{ "type": "Feature", "properties": { "LSOA11_CD": "S01009977", "Neighborhood_Name": "Glenwood South - 05", "uk_imd2019_LSOA": "S01009977", "uk_imd2019_Rank": "27", "uk_imd2019_SOA_pct": "0", "uk_imd2019_SOA_decile": "1" }, "geometry": { "type": "MultiPolygon", "coordinates": [ [ [ [ -4.23315, 55.80334 ], [ -4.23275, 55.80293 ], [ -4.23149, 55.80303 ], [ -4.23159, 55.80249 ], [ -4.23239, 55.80225 ], [ -4.23277, 55.8026 ], [ -4.23354, 55.80237 ], [ -4.23383, 55.80255 ], [ -4.23436, 55.80225 ], [ -4.23517, 55.80212 ], [ -4.23511, 55.80191 ], [ -4.23506, 55.80171 ], [ -4.23603, 55.80161 ], [ -4.23659, 55.80141 ], [ -4.23782, 55.80128 ], [ -4.23825, 55.80098 ], [ -4.23883, 55.80098 ], [ -4.23941, 55.80078 ], [ -4.23932, 55.79978 ], [ -4.23989, 55.79977 ], [ -4.23961, 55.80045 ], [ -4.24025, 55.80042 ], [ -4.24043, 55.80121 ], [ -4.23991, 55.80152 ], [ -4.23951, 55.80152 ], [ -4.23972, 55.80277 ], [ -4.23979, 55.80398 ], [ -4.23526, 55.80459 ], [ -4.23516, 55.80465 ], [ -4.23239, 55.80505 ], [ -4.23123, 55.80442 ], [ -4.23121, 55.80429 ], [ -4.23321, 55.80411 ], [ -4.23451, 55.80363 ], [ -4.23434, 55.80315 ], [ -4.23315, 55.80334 ] ] ] ] } },
{ "type": "Feature", "properties": { "LSOA11_CD": "S01009969", "Neighborhood_Name": "Carmunnock South - 01", "uk_imd2019_LSOA": "S01009969", "uk_imd2019_Rank": "5961", "uk_imd2019_SOA_pct": "85", "uk_imd2019_SOA_decile": "9" }, "geometry": { "type": "MultiPolygon", "coordinates": [ [ [ [ -4.23587, 55.78389 ], [ -4.23655, 55.7844 ], [ -4.23798, 55.78493 ], [ -4.2393, 55.78507 ], [ -4.24212, 55.7865 ], [ -4.24277, 55.78641 ], [ -4.24281, 55.78682 ], [ -4.2434, 55.78709 ], [ -4.24752, 55.78535 ], [ -4.24832, 55.78515 ], [ -4.24938, 55.78502 ], [ -4.25009, 55.78484 ], [ -4.2507, 55.78484 ], [ -4.25064, 55.78488 ], [ -4.24948, 55.78544 ], [ -4.25013, 55.78579 ], [ -4.25036, 55.78607 ], [ -4.25109, 55.78626 ], [ -4.25137, 55.78653 ], [ -4.25198, 55.78667 ], [ -4.2526, 55.78661 ], [ -4.25435, 55.7867 ], [ -4.25466, 55.78684 ], [ -4.25181, 55.78966 ], [ -4.24916, 55.789 ], [ -4.24793, 55.78852 ], [ -4.24655, 55.7891 ], [ -4.24547, 55.78929 ], [ -4.24488, 55.78951 ], [ -4.24481, 55.79001 ], [ -4.24509, 55.79018 ], [ -4.24418, 55.79069 ], [ -4.24288, 55.78994 ], [ -4.2409, 55.79024 ], [ -4.2397, 55.79062 ], [ -4.23755, 55.79188 ], [ -4.2381, 55.79217 ], [ -4.23765, 55.79267 ], [ -4.23654, 55.79237 ], [ -4.23557, 55.79194 ], [ -4.23551, 55.79162 ], [ -4.23502, 55.79163 ], [ -4.23414, 55.79194 ], [ -4.23312, 55.79166 ], [ -4.23283, 55.79185 ], [ -4.23208, 55.79162 ], [ -4.23153, 55.79157 ], [ -4.2319, 55.79092 ], [ -4.23162, 55.79083 ], [ -4.23248, 55.78993 ], [ -4.23375, 55.79021 ], [ -4.23449, 55.79047 ], [ -4.23459, 55.79082 ], [ -4.23546, 55.79121 ], [ -4.23544, 55.79068 ], [ -4.23478, 55.79021 ], [ -4.23486, 55.78991 ], [ -4.2356, 55.78948 ], [ -4.23562, 55.78901 ], [ -4.23523, 55.78815 ], [ -4.23453, 55.78843 ], [ -4.23414, 55.78843 ], [ -4.23359, 55.78786 ], [ -4.23399, 55.78766 ], [ -4.23294, 55.7869 ], [ -4.23243, 55.78677 ], [ -4.23239, 55.78642 ], [ -4.23455, 55.78649 ], [ -4.23479, 55.78599 ], [ -4.23553, 55.78607 ], [ -4.23561, 55.78582 ], [ -4.23574, 55.78421 ], [ -4.23587, 55.78389 ] ] ] ] } },
{ "type": "Feature", "properties": { "LSOA11_CD": "S01009971", "Neighborhood_Name": "Carmunnock South - 03", "uk_imd2019_LSOA": "S01009971", "uk_imd2019_Rank": "431", "uk_imd2019_SOA_pct": "6", "uk_imd2019_SOA_decile": "1" }, "geometry": { "type": "MultiPolygon", "coordinates": [ [ [ [ -4.2419, 55.80151 ], [ -4.24207, 55.80121 ], [ -4.24292, 55.8005 ], [ -4.243, 55.79984 ], [ -4.24346, 55.79944 ], [ -4.24429, 55.79895 ], [ -4.24473, 55.79841 ], [ -4.24458, 55.79797 ], [ -4.24516, 55.79778 ], [ -4.24555, 55.79832 ], [ -4.24641, 55.79857 ], [ -4.2467, 55.79816 ], [ -4.24727, 55.79818 ], [ -4.24712, 55.79762 ], [ -4.24678, 55.79766 ], [ -4.2462, 55.79724 ], [ -4.24692, 55.79676 ], [ -4.24723, 55.79698 ], [ -4.24784, 55.7967 ], [ -4.24744, 55.7964 ], [ -4.24811, 55.79601 ], [ -4.24872, 55.79626 ], [ -4.24923, 55.7968 ], [ -4.25039, 55.79622 ], [ -4.25101, 55.7966 ], [ -4.25038, 55.79716 ], [ -4.25069, 55.79739 ], [ -4.25188, 55.79781 ], [ -4.2529, 55.79832 ], [ -4.25296, 55.79858 ], [ -4.25233, 55.7988 ], [ -4.25095, 55.79992 ], [ -4.24955, 55.79939 ], [ -4.24812, 55.80055 ], [ -4.24778, 55.8004 ], [ -4.24712, 55.80064 ], [ -4.24652, 55.80117 ], [ -4.24709, 55.80139 ], [ -4.24642, 55.80211 ], [ -4.24524, 55.8021 ], [ -4.24473, 55.80346 ], [ -4.24424, 55.80341 ], [ -4.24243, 55.80366 ], [ -4.24229, 55.80336 ], [ -4.24309, 55.80331 ], [ -4.24285, 55.80248 ], [ -4.24192, 55.80249 ], [ -4.2419, 55.80218 ], [ -4.24251, 55.8022 ], [ -4.24244, 55.80165 ], [ -4.2419, 55.80151 ] ] ] ] } },
{ "type": "Feature", "properties": { "LSOA11_CD": "S01009980", "Neighborhood_Name": "Glenwood North - 01", "uk_imd2019_LSOA": "S01009980", "uk_imd2019_Rank": "56", "uk_imd2019_SOA_pct": "1", "uk_imd2019_SOA_decile": "1" }, "geometry": { "type": "MultiPolygon", "coordinates": [ [ [ [ -4.22984, 55.80315 ], [ -4.23091, 55.80331 ], [ -4.23106, 55.80363 ], [ -4.23315, 55.80334 ], [ -4.23434, 55.80315 ], [ -4.23451, 55.80363 ], [ -4.23321, 55.80411 ], [ -4.23121, 55.80429 ], [ -4.23123, 55.80442 ], [ -4.23239, 55.80505 ], [ -4.23516, 55.80465 ], [ -4.23526, 55.80459 ], [ -4.23579, 55.80585 ], [ -4.23661, 55.80591 ], [ -4.23691, 55.80659 ], [ -4.23747, 55.80652 ], [ -4.23785, 55.80684 ], [ -4.23861, 55.8067 ], [ -4.23928, 55.80727 ], [ -4.24026, 55.80693 ], [ -4.23876, 55.80752 ], [ -4.2374, 55.80786 ], [ -4.23558, 55.80811 ], [ -4.23596, 55.80779 ], [ -4.23583, 55.80757 ], [ -4.23378, 55.80788 ], [ -4.23353, 55.80729 ], [ -4.23271, 55.80739 ], [ -4.23219, 55.80772 ], [ -4.23109, 55.80813 ], [ -4.23072, 55.80781 ], [ -4.22873, 55.80856 ], [ -4.22861, 55.80822 ], [ -4.22734, 55.80835 ], [ -4.22598, 55.80837 ], [ -4.226, 55.80807 ], [ -4.22468, 55.80789 ], [ -4.22457, 55.80767 ], [ -4.22542, 55.80719 ], [ -4.22541, 55.80682 ], [ -4.22604, 55.80645 ], [ -4.22541, 55.80636 ], [ -4.226, 55.80538 ], [ -4.22638, 55.80527 ], [ -4.22623, 55.80488 ], [ -4.22708, 55.80478 ], [ -4.22694, 55.80408 ], [ -4.2287, 55.80404 ], [ -4.22877, 55.80452 ], [ -4.22987, 55.80446 ], [ -4.2296, 55.80383 ], [ -4.22984, 55.80315 ] ] ] ] } },
{ "type": "Feature", "properties": { "LSOA11_CD": "S01010038", "Neighborhood_Name": "Calton and Gallowgate - 02", "uk_imd2019_LSOA": "S01010038", "uk_imd2019_Rank": "548", "uk_imd2019_SOA_pct": "8", "uk_imd2019_SOA_decile": "1" }, "geometry": { "type": "MultiPolygon", "coordinates": [ [ [ [ -4.23278, 55.85588 ], [ -4.2329, 55.85529 ], [ -4.23239, 55.85528 ], [ -4.23233, 55.85471 ], [ -4.23128, 55.85455 ], [ -4.23118, 55.85477 ], [ -4.23024, 55.85507 ], [ -4.22976, 55.85487 ], [ -4.22911, 55.85442 ], [ -4.2285, 55.85429 ], [ -4.22879, 55.85383 ], [ -4.23055, 55.85419 ], [ -4.23073, 55.85392 ], [ -4.23162, 55.85296 ], [ -4.2321, 55.85299 ], [ -4.23229, 55.85266 ], [ -4.23151, 55.85249 ], [ -4.23173, 55.85219 ], [ -4.23377, 55.85286 ], [ -4.23448, 55.85217 ], [ -4.23687, 55.8534 ], [ -4.23609, 55.85397 ], [ -4.23662, 55.85418 ], [ -4.23634, 55.85485 ], [ -4.23699, 55.85496 ], [ -4.23747, 55.85532 ], [ -4.23675, 55.85556 ], [ -4.23634, 55.85633 ], [ -4.23814, 55.8565 ], [ -4.23799, 55.85681 ], [ -4.23684, 55.85722 ], [ -4.23696, 55.85691 ], [ -4.23516, 55.8568 ], [ -4.23436, 55.85669 ], [ -4.23406, 55.85731 ], [ -4.23241, 55.85733 ], [ -4.23218, 55.8577 ], [ -4.23157, 55.85764 ], [ -4.23165, 55.85712 ], [ -4.23245, 55.85713 ], [ -4.23221, 55.85682 ], [ -4.23237, 55.85628 ], [ -4.23278, 55.85588 ] ] ] ] } },
{ "type": "Feature", "properties": { "LSOA11_CD": "S01009972", "Neighborhood_Name": "Carmunnock South - 04", "uk_imd2019_LSOA": "S01009972", "uk_imd2019_Rank": "2098", "uk_imd2019_SOA_pct": "30", "uk_imd2019_SOA_decile": "4" }, "geometry": { "type": "MultiPolygon", "coordinates": [ [ [ [ -4.25898, 55.80898 ], [ -4.25875, 55.80748 ], [ -4.25794, 55.80755 ], [ -4.25663, 55.8073 ], [ -4.2564, 55.80761 ], [ -4.25515, 55.80774 ], [ -4.2546, 55.808 ], [ -4.25454, 55.8073 ], [ -4.25369, 55.80761 ], [ -4.25244, 55.80779 ], [ -4.2507, 55.80794 ], [ -4.24967, 55.80847 ], [ -4.24783, 55.80779 ], [ -4.24755, 55.8074 ], [ -4.24743, 55.80687 ], [ -4.2481, 55.806 ], [ -4.24653, 55.80591 ], [ -4.24429, 55.80678 ], [ -4.24383, 55.80727 ], [ -4.24351, 55.80724 ], [ -4.24443, 55.80426 ], [ -4.24473, 55.80346 ], [ -4.24524, 55.8021 ], [ -4.24642, 55.80211 ], [ -4.24709, 55.80139 ], [ -4.24652, 55.80117 ], [ -4.24712, 55.80064 ], [ -4.24778, 55.8004 ], [ -4.24812, 55.80055 ], [ -4.24955, 55.79939 ], [ -4.25095, 55.79992 ], [ -4.25233, 55.7988 ], [ -4.25296, 55.79858 ], [ -4.2529, 55.79832 ], [ -4.25188, 55.79781 ], [ -4.25069, 55.79739 ], [ -4.25038, 55.79716 ], [ -4.25101, 55.7966 ], [ -4.25039, 55.79622 ], [ -4.24923, 55.7968 ], [ -4.24872, 55.79626 ], [ -4.24811, 55.79601 ], [ -4.24744, 55.7964 ], [ -4.24655, 55.79686 ], [ -4.24553, 55.79753 ], [ -4.24453, 55.79787 ], [ -4.2433, 55.79805 ], [ -4.2394, 55.79814 ], [ -4.23935, 55.79848 ], [ -4.23848, 55.79848 ], [ -4.23839, 55.79883 ], [ -4.23747, 55.79903 ], [ -4.23718, 55.79893 ], [ -4.23718, 55.79848 ], [ -4.23518, 55.79853 ], [ -4.23478, 55.79817 ], [ -4.23307, 55.79837 ], [ -4.23208, 55.79855 ], [ -4.2309, 55.79753 ], [ -4.22898, 55.79905 ], [ -4.22858, 55.79924 ], [ -4.22675, 55.79915 ], [ -4.22367, 55.79931 ], [ -4.22422, 55.80068 ], [ -4.22459, 55.80116 ], [ -4.22325, 55.80156 ], [ -4.22236, 55.80172 ], [ -4.22207, 55.80041 ], [ -4.22145, 55.80052 ], [ -4.221, 55.80077 ], [ -4.21968, 55.80124 ], [ -4.21973, 55.80164 ], [ -4.21949, 55.80197 ], [ -4.216, 55.80224 ], [ -4.21488, 55.80252 ], [ -4.21439, 55.80291 ], [ -4.21385, 55.80275 ], [ -4.213, 55.80275 ], [ -4.21259, 55.80295 ], [ -4.21151, 55.80306 ], [ -4.21111, 55.80032 ], [ -4.20425, 55.8004 ], [ -4.20586, 55.79977 ], [ -4.20831, 55.79906 ], [ -4.209, 55.79882 ], [ -4.21433, 55.79633 ], [ -4.22389, 55.7919 ], [ -4.22543, 55.79039 ], [ -4.2281, 55.78771 ], [ -4.22848, 55.78784 ], [ -4.22988, 55.78587 ], [ -4.22568, 55.78487 ], [ -4.22447, 55.78422 ], [ -4.22548, 55.78331 ], [ -4.22555, 55.78287 ], [ -4.22666, 55.78123 ], [ -4.22717, 55.78135 ], [ -4.22833, 55.78187 ], [ -4.23323, 55.78311 ], [ -4.23333, 55.78292 ], [ -4.23497, 55.78283 ], [ -4.23608, 55.7826 ], [ -4.23587, 55.78389 ], [ -4.23574, 55.78421 ], [ -4.23561, 55.78582 ], [ -4.23553, 55.78607 ], [ -4.23479, 55.78599 ], [ -4.23455, 55.78649 ], [ -4.23239, 55.78642 ], [ -4.23243, 55.78677 ], [ -4.23294, 55.7869 ], [ -4.23399, 55.78766 ], [ -4.23359, 55.78786 ], [ -4.23414, 55.78843 ], [ -4.23453, 55.78843 ], [ -4.23523, 55.78815 ], [ -4.23562, 55.78901 ], [ -4.2356, 55.78948 ], [ -4.23486, 55.78991 ], [ -4.23478, 55.79021 ], [ -4.23544, 55.79068 ], [ -4.23546, 55.79121 ], [ -4.23459, 55.79082 ], [ -4.23449, 55.79047 ], [ -4.23375, 55.79021 ], [ -4.23248, 55.78993 ], [ -4.23162, 55.79083 ], [ -4.2319, 55.79092 ], [ -4.23153, 55.79157 ], [ -4.23208, 55.79162 ], [ -4.23283, 55.79185 ], [ -4.23312, 55.79166 ], [ -4.23414, 55.79194 ], [ -4.23502, 55.79163 ], [ -4.23551, 55.79162 ], [ -4.23557, 55.79194 ], [ -4.23654, 55.79237 ], [ -4.23765, 55.79267 ], [ -4.2381, 55.79217 ], [ -4.23755, 55.79188 ], [ -4.2397, 55.79062 ], [ -4.2409, 55.79024 ], [ -4.24288, 55.78994 ], [ -4.24418, 55.79069 ], [ -4.24509, 55.79018 ], [ -4.24481, 55.79001 ], [ -4.24488, 55.78951 ], [ -4.24547, 55.78929 ], [ -4.24655, 55.7891 ], [ -4.24793, 55.78852 ], [ -4.24916, 55.789 ], [ -4.25181, 55.78966 ], [ -4.25466, 55.78684 ], [ -4.25497, 55.78704 ], [ -4.25553, 55.78712 ], [ -4.25701, 55.78667 ], [ -4.25803, 55.78673 ], [ -4.25867, 55.78714 ], [ -4.25929, 55.78698 ], [ -4.26013, 55.78628 ], [ -4.26109, 55.78626 ], [ -4.26106, 55.78587 ], [ -4.2615, 55.78565 ], [ -4.26264, 55.78592 ], [ -4.26322, 55.78595 ], [ -4.26479, 55.78689 ], [ -4.26498, 55.78717 ], [ -4.26458, 55.7875 ], [ -4.26522, 55.7883 ], [ -4.26629, 55.78939 ], [ -4.26691, 55.79049 ], [ -4.26821, 55.7916 ], [ -4.26798, 55.792 ], [ -4.26781, 55.79272 ], [ -4.2673, 55.79307 ], [ -4.266, 55.79312 ], [ -4.2648, 55.7931 ], [ -4.26338, 55.79337 ], [ -4.26288, 55.79374 ], [ -4.26255, 55.79439 ], [ -4.26251, 55.79577 ], [ -4.26208, 55.79629 ], [ -4.26126, 55.79711 ], [ -4.26045, 55.79762 ], [ -4.26027, 55.79794 ], [ -4.26142, 55.79951 ], [ -4.26266, 55.79966 ], [ -4.26525, 55.79993 ], [ -4.26576, 55.80026 ], [ -4.26471, 55.80154 ], [ -4.2646, 55.80195 ], [ -4.2648, 55.80256 ], [ -4.26524, 55.80298 ], [ -4.26555, 55.80361 ], [ -4.26555, 55.80408 ], [ -4.26659, 55.80385 ], [ -4.2692, 55.80277 ], [ -4.26959, 55.80292 ], [ -4.26906, 55.80362 ], [ -4.26925, 55.80393 ], [ -4.26804, 55.80587 ], [ -4.26704, 55.80677 ], [ -4.26554, 55.80631 ], [ -4.26523, 55.80647 ], [ -4.26516, 55.80689 ], [ -4.2648, 55.80725 ], [ -4.2641, 55.80713 ], [ -4.26298, 55.80742 ], [ -4.26235, 55.80822 ], [ -4.26161, 55.80856 ], [ -4.26056, 55.8094 ], [ -4.26031, 55.80949 ], [ -4.25909, 55.80952 ], [ -4.25898, 55.80898 ] ] ] ] } },
{ "type": "Feature", "properties": { "LSOA11_CD": "S01009973", "Neighborhood_Name": "Glenwood South - 01", "uk_imd2019_LSOA": "S01009973", "uk_imd2019_Rank": "3066", "uk_imd2019_SOA_pct": "44", "uk_imd2019_SOA_decile": "5" }, "geometry": { "type": "MultiPolygon", "coordinates": [ [ [ [ -4.23991, 55.80152 ], [ -4.24043, 55.80121 ], [ -4.24025, 55.80042 ], [ -4.23961, 55.80045 ], [ -4.23989, 55.79977 ], [ -4.23932, 55.79978 ], [ -4.23935, 55.79848 ], [ -4.2394, 55.79814 ], [ -4.2433, 55.79805 ], [ -4.24453, 55.79787 ], [ -4.24553, 55.79753 ], [ -4.24655, 55.79686 ], [ -4.24744, 55.7964 ], [ -4.24784, 55.7967 ], [ -4.24723, 55.79698 ], [ -4.24692, 55.79676 ], [ -4.2462, 55.79724 ], [ -4.24678, 55.79766 ], [ -4.24712, 55.79762 ], [ -4.24727, 55.79818 ], [ -4.2467, 55.79816 ], [ -4.24641, 55.79857 ], [ -4.24555, 55.79832 ], [ -4.24516, 55.79778 ], [ -4.24458, 55.79797 ], [ -4.24473, 55.79841 ], [ -4.24429, 55.79895 ], [ -4.24346, 55.79944 ], [ -4.243, 55.79984 ], [ -4.24292, 55.8005 ], [ -4.24207, 55.80121 ], [ -4.2419, 55.80151 ], [ -4.2419, 55.80177 ], [ -4.24071, 55.8018 ], [ -4.24065, 55.80148 ], [ -4.23991, 55.80152 ] ] ] ] } },
{ "type": "Feature", "properties": { "LSOA11_CD": "S01009974", "Neighborhood_Name": "Glenwood South - 02", "uk_imd2019_LSOA": "S01009974", "uk_imd2019_Rank": "283", "uk_imd2019_SOA_pct": "4", "uk_imd2019_SOA_decile": "1" }, "geometry": { "type": "MultiPolygon", "coordinates": [ [ [ [ -4.23991, 55.80152 ], [ -4.24065, 55.80148 ], [ -4.24071, 55.8018 ], [ -4.2419, 55.80177 ], [ -4.2419, 55.80151 ], [ -4.24244, 55.80165 ], [ -4.24251, 55.8022 ], [ -4.2419, 55.80218 ], [ -4.24192, 55.80249 ], [ -4.24285, 55.80248 ], [ -4.24309, 55.80331 ], [ -4.24229, 55.80336 ], [ -4.24243, 55.80366 ], [ -4.23979, 55.80398 ], [ -4.23972, 55.80277 ], [ -4.23951, 55.80152 ], [ -4.23991, 55.80152 ] ] ] ] } },
{ "type": "Feature", "properties": { "LSOA11_CD": "S01009975", "Neighborhood_Name": "Glenwood South - 03", "uk_imd2019_LSOA": "S01009975", "uk_imd2019_Rank": "15", "uk_imd2019_SOA_pct": "0", "uk_imd2019_SOA_decile": "1" }, "geometry": { "type": "MultiPolygon", "coordinates": [ [ [ [ -4.23223, 55.80073 ], [ -4.23205, 55.80027 ], [ -4.23118, 55.8004 ], [ -4.23145, 55.80006 ], [ -4.23105, 55.79904 ], [ -4.23164, 55.79924 ], [ -4.23218, 55.79894 ], [ -4.23321, 55.79881 ], [ -4.23307, 55.79837 ], [ -4.23478, 55.79817 ], [ -4.23518, 55.79853 ], [ -4.23718, 55.79848 ], [ -4.23718, 55.79893 ], [ -4.23747, 55.79903 ], [ -4.23839, 55.79883 ], [ -4.23848, 55.79848 ], [ -4.23935, 55.79848 ], [ -4.23932, 55.79978 ], [ -4.23941, 55.80078 ], [ -4.23883, 55.80098 ], [ -4.23825, 55.80098 ], [ -4.23782, 55.80128 ], [ -4.23659, 55.80141 ], [ -4.23603, 55.80161 ], [ -4.23506, 55.80171 ], [ -4.23511, 55.80191 ], [ -4.23423, 55.80198 ], [ -4.23359, 55.8009 ], [ -4.23265, 55.80098 ], [ -4.23223, 55.80073 ] ] ] ] } },
{ "type": "Feature", "properties": { "LSOA11_CD": "S01009978", "Neighborhood_Name": "Glenwood South - 06", "uk_imd2019_LSOA": "S01009978", "uk_imd2019_Rank": "166", "uk_imd2019_SOA_pct": "2", "uk_imd2019_SOA_decile": "1" }, "geometry": { "type": "MultiPolygon", "coordinates": [ [ [ [ -4.2117, 55.80484 ], [ -4.2117, 55.8043 ], [ -4.21151, 55.80306 ], [ -4.21259, 55.80295 ], [ -4.213, 55.80275 ], [ -4.21385, 55.80275 ], [ -4.21439, 55.80291 ], [ -4.21488, 55.80252 ], [ -4.216, 55.80224 ], [ -4.21949, 55.80197 ], [ -4.21973, 55.80164 ], [ -4.21968, 55.80124 ], [ -4.221, 55.80077 ], [ -4.22145, 55.80052 ], [ -4.22207, 55.80041 ], [ -4.22236, 55.80172 ], [ -4.22325, 55.80156 ], [ -4.22459, 55.80116 ], [ -4.22512, 55.80139 ], [ -4.2237, 55.80182 ], [ -4.22181, 55.80213 ], [ -4.21931, 55.80232 ], [ -4.21836, 55.80256 ], [ -4.21855, 55.80293 ], [ -4.22017, 55.80276 ], [ -4.22038, 55.80308 ], [ -4.22077, 55.80413 ], [ -4.21843, 55.8044 ], [ -4.21856, 55.80471 ], [ -4.21801, 55.80477 ], [ -4.2179, 55.80449 ], [ -4.21696, 55.80466 ], [ -4.21646, 55.8044 ], [ -4.2156, 55.80449 ], [ -4.21537, 55.80411 ], [ -4.21431, 55.80426 ], [ -4.21487, 55.80464 ], [ -4.21414, 55.80471 ], [ -4.21387, 55.80499 ], [ -4.21324, 55.80478 ], [ -4.2117, 55.80484 ] ] ] ] } },
{ "type": "Feature", "properties": { "LSOA11_CD": "S01009990", "Neighborhood_Name": "Castlemilk - 05", "uk_imd2019_LSOA": "S01009990", "uk_imd2019_Rank": "3339", "uk_imd2019_SOA_pct": "48", "uk_imd2019_SOA_decile": "5" }, "geometry": { "type": "MultiPolygon", "coordinates": [ [ [ [ -4.23385, 55.81197 ], [ -4.23359, 55.81154 ], [ -4.2327, 55.81188 ], [ -4.23178, 55.8115 ], [ -4.2322, 55.81126 ], [ -4.23173, 55.81086 ], [ -4.23204, 55.81069 ], [ -4.23269, 55.81054 ], [ -4.2348, 55.8101 ], [ -4.23529, 55.81006 ], [ -4.23548, 55.81037 ], [ -4.23608, 55.81041 ], [ -4.23869, 55.81041 ], [ -4.23871, 55.8107 ], [ -4.23976, 55.81069 ], [ -4.23977, 55.81107 ], [ -4.24098, 55.81106 ], [ -4.24127, 55.81198 ], [ -4.2417, 55.8123 ], [ -4.24004, 55.81278 ], [ -4.23991, 55.81288 ], [ -4.23956, 55.81266 ], [ -4.23908, 55.8127 ], [ -4.23862, 55.81165 ], [ -4.23871, 55.81129 ], [ -4.2368, 55.8113 ], [ -4.23658, 55.81087 ], [ -4.23573, 55.81106 ], [ -4.23518, 55.81148 ], [ -4.23385, 55.81197 ] ] ] ] } },
{ "type": "Feature", "properties": { "LSOA11_CD": "S01010456", "Neighborhood_Name": "Knightswood Park West - 02", "uk_imd2019_LSOA": "S01010456", "uk_imd2019_Rank": "2193", "uk_imd2019_SOA_pct": "31", "uk_imd2019_SOA_decile": "4" }, "geometry": { "type": "MultiPolygon", "coordinates": [ [ [ [ -4.35293, 55.90039 ], [ -4.35295, 55.89991 ], [ -4.35336, 55.89944 ], [ -4.35286, 55.8991 ], [ -4.35275, 55.89875 ], [ -4.35311, 55.89838 ], [ -4.35356, 55.89846 ], [ -4.35388, 55.89816 ], [ -4.35352, 55.89778 ], [ -4.35414, 55.89716 ], [ -4.35482, 55.897 ], [ -4.35466, 55.89649 ], [ -4.35481, 55.89586 ], [ -4.35671, 55.89636 ], [ -4.3567, 55.89697 ], [ -4.35771, 55.89722 ], [ -4.35845, 55.89697 ], [ -4.35945, 55.89752 ], [ -4.35925, 55.8978 ], [ -4.35927, 55.8982 ], [ -4.35972, 55.89843 ], [ -4.35852, 55.8985 ], [ -4.35721, 55.89879 ], [ -4.35597, 55.89933 ], [ -4.35505, 55.90005 ], [ -4.35492, 55.90051 ], [ -4.35293, 55.90039 ] ] ] ] } },
{ "type": "Feature", "properties": { "LSOA11_CD": "S01009979", "Neighborhood_Name": "Glenwood South - 07", "uk_imd2019_LSOA": "S01009979", "uk_imd2019_Rank": "138", "uk_imd2019_SOA_pct": "2", "uk_imd2019_SOA_decile": "1" }, "geometry": { "type": "MultiPolygon", "coordinates": [ [ [ [ -4.22459, 55.80116 ], [ -4.22422, 55.80068 ], [ -4.22367, 55.79931 ], [ -4.22675, 55.79915 ], [ -4.22858, 55.79924 ], [ -4.22898, 55.79905 ], [ -4.2309, 55.79753 ], [ -4.23208, 55.79855 ], [ -4.23307, 55.79837 ], [ -4.23321, 55.79881 ], [ -4.23218, 55.79894 ], [ -4.23164, 55.79924 ], [ -4.23105, 55.79904 ], [ -4.23145, 55.80006 ], [ -4.23118, 55.8004 ], [ -4.23205, 55.80027 ], [ -4.23223, 55.80073 ], [ -4.23225, 55.80135 ], [ -4.232, 55.80184 ], [ -4.23158, 55.80216 ], [ -4.23091, 55.80186 ], [ -4.2307, 55.80209 ], [ -4.22954, 55.80268 ], [ -4.22937, 55.80304 ], [ -4.22899, 55.80384 ], [ -4.2274, 55.80391 ], [ -4.22275, 55.80423 ], [ -4.21924, 55.80465 ], [ -4.21856, 55.80471 ], [ -4.21843, 55.8044 ], [ -4.22077, 55.80413 ], [ -4.22038, 55.80308 ], [ -4.22017, 55.80276 ], [ -4.21855, 55.80293 ], [ -4.21836, 55.80256 ], [ -4.21931, 55.80232 ], [ -4.22181, 55.80213 ], [ -4.2237, 55.80182 ], [ -4.22512, 55.80139 ], [ -4.22459, 55.80116 ] ] ] ] } },
{ "type": "Feature", "properties": { "LSOA11_CD": "S01009981", "Neighborhood_Name": "Glenwood North - 02", "uk_imd2019_LSOA": "S01009981", "uk_imd2019_Rank": "256", "uk_imd2019_SOA_pct": "4", "uk_imd2019_SOA_decile": "1" }, "geometry": { "type": "MultiPolygon", "coordinates": [ [ [ [ -4.21873, 55.80961 ], [ -4.21872, 55.80892 ], [ -4.21904, 55.80861 ], [ -4.2201, 55.80789 ], [ -4.22106, 55.80682 ], [ -4.22096, 55.80646 ], [ -4.22161, 55.8055 ], [ -4.22119, 55.80506 ], [ -4.22068, 55.8049 ], [ -4.21972, 55.80488 ], [ -4.21924, 55.80465 ], [ -4.22275, 55.80423 ], [ -4.2274, 55.80391 ], [ -4.22899, 55.80384 ], [ -4.22937, 55.80304 ], [ -4.22984, 55.80315 ], [ -4.2296, 55.80383 ], [ -4.22987, 55.80446 ], [ -4.22877, 55.80452 ], [ -4.2287, 55.80404 ], [ -4.22694, 55.80408 ], [ -4.22708, 55.80478 ], [ -4.22623, 55.80488 ], [ -4.22638, 55.80527 ], [ -4.226, 55.80538 ], [ -4.22541, 55.80636 ], [ -4.22604, 55.80645 ], [ -4.22541, 55.80682 ], [ -4.22542, 55.80719 ], [ -4.22457, 55.80767 ], [ -4.22468, 55.80789 ], [ -4.226, 55.80807 ], [ -4.22598, 55.80837 ], [ -4.22734, 55.80835 ], [ -4.22861, 55.80822 ], [ -4.22873, 55.80856 ], [ -4.23072, 55.80781 ], [ -4.23109, 55.80813 ], [ -4.22924, 55.80885 ], [ -4.22776, 55.80937 ], [ -4.22737, 55.80899 ], [ -4.22499, 55.80916 ], [ -4.22497, 55.80934 ], [ -4.22539, 55.80993 ], [ -4.22477, 55.81072 ], [ -4.22391, 55.81089 ], [ -4.22403, 55.81123 ], [ -4.22324, 55.81139 ], [ -4.22343, 55.81171 ], [ -4.22327, 55.81202 ], [ -4.22236, 55.81219 ], [ -4.22183, 55.81138 ], [ -4.2212, 55.81128 ], [ -4.2208, 55.81089 ], [ -4.21994, 55.81074 ], [ -4.21968, 55.81008 ], [ -4.21976, 55.80967 ], [ -4.21873, 55.80961 ] ] ] ] } },
{ "type": "Feature", "properties": { "LSOA11_CD": "S01009982", "Neighborhood_Name": "Glenwood North - 03", "uk_imd2019_LSOA": "S01009982", "uk_imd2019_Rank": "614", "uk_imd2019_SOA_pct": "9", "uk_imd2019_SOA_decile": "1" }, "geometry": { "type": "MultiPolygon", "coordinates": [ [ [ [ -4.21449, 55.81503 ], [ -4.21444, 55.8145 ], [ -4.21414, 55.81377 ], [ -4.21371, 55.81302 ], [ -4.21298, 55.81113 ], [ -4.21526, 55.81052 ], [ -4.21527, 55.81037 ], [ -4.21744, 55.80973 ], [ -4.2183, 55.80984 ], [ -4.21873, 55.80961 ], [ -4.21976, 55.80967 ], [ -4.21968, 55.81008 ], [ -4.21994, 55.81074 ], [ -4.2208, 55.81089 ], [ -4.2212, 55.81128 ], [ -4.22183, 55.81138 ], [ -4.22236, 55.81219 ], [ -4.22327, 55.81202 ], [ -4.22343, 55.81171 ], [ -4.22324, 55.81139 ], [ -4.22403, 55.81123 ], [ -4.22391, 55.81089 ], [ -4.22477, 55.81072 ], [ -4.22476, 55.81116 ], [ -4.22548, 55.81211 ], [ -4.22545, 55.81213 ], [ -4.2207, 55.81313 ], [ -4.2201, 55.81336 ], [ -4.21773, 55.81452 ], [ -4.21631, 55.81497 ], [ -4.21533, 55.81505 ], [ -4.21449, 55.81503 ] ] ] ] } },
{ "type": "Feature", "properties": { "LSOA11_CD": "S01009984", "Neighborhood_Name": "Glenwood North - 05", "uk_imd2019_LSOA": "S01009984", "uk_imd2019_Rank": "1189", "uk_imd2019_SOA_pct": "17", "uk_imd2019_SOA_decile": "2" }, "geometry": { "type": "MultiPolygon", "coordinates": [ [ [ [ -4.21268, 55.81029 ], [ -4.21226, 55.80955 ], [ -4.21218, 55.80937 ], [ -4.21188, 55.80653 ], [ -4.2117, 55.80484 ], [ -4.21324, 55.80478 ], [ -4.21387, 55.80499 ], [ -4.21414, 55.80471 ], [ -4.21487, 55.80464 ], [ -4.21535, 55.80482 ], [ -4.21637, 55.80494 ], [ -4.21644, 55.80544 ], [ -4.21578, 55.80559 ], [ -4.2152, 55.80558 ], [ -4.21474, 55.80579 ], [ -4.2137, 55.80677 ], [ -4.21321, 55.80665 ], [ -4.21279, 55.80709 ], [ -4.21307, 55.80858 ], [ -4.21379, 55.80856 ], [ -4.21569, 55.80825 ], [ -4.21592, 55.80791 ], [ -4.21608, 55.80818 ], [ -4.21719, 55.80793 ], [ -4.21727, 55.80805 ], [ -4.21831, 55.80785 ], [ -4.21824, 55.80819 ], [ -4.21904, 55.80861 ], [ -4.21872, 55.80892 ], [ -4.21873, 55.80961 ], [ -4.2183, 55.80984 ], [ -4.21744, 55.80973 ], [ -4.21527, 55.81037 ], [ -4.21526, 55.81052 ], [ -4.21298, 55.81113 ], [ -4.21268, 55.81029 ] ] ] ] } },
{ "type": "Feature", "properties": { "LSOA11_CD": "S01009985", "Neighborhood_Name": "Glenwood North - 06", "uk_imd2019_LSOA": "S01009985", "uk_imd2019_Rank": "95", "uk_imd2019_SOA_pct": "1", "uk_imd2019_SOA_decile": "1" }, "geometry": { "type": "MultiPolygon", "coordinates": [ [ [ [ -4.21592, 55.80791 ], [ -4.21831, 55.80727 ], [ -4.21807, 55.80697 ], [ -4.21635, 55.80607 ], [ -4.21578, 55.80559 ], [ -4.21644, 55.80544 ], [ -4.21637, 55.80494 ], [ -4.21535, 55.80482 ], [ -4.21487, 55.80464 ], [ -4.21431, 55.80426 ], [ -4.21537, 55.80411 ], [ -4.2156, 55.80449 ], [ -4.21646, 55.8044 ], [ -4.21696, 55.80466 ], [ -4.2179, 55.80449 ], [ -4.21801, 55.80477 ], [ -4.21856, 55.80471 ], [ -4.21924, 55.80465 ], [ -4.21972, 55.80488 ], [ -4.22068, 55.8049 ], [ -4.22119, 55.80506 ], [ -4.22161, 55.8055 ], [ -4.22096, 55.80646 ], [ -4.22106, 55.80682 ], [ -4.2201, 55.80789 ], [ -4.21904, 55.80861 ], [ -4.21824, 55.80819 ], [ -4.21831, 55.80785 ], [ -4.21727, 55.80805 ], [ -4.21719, 55.80793 ], [ -4.21608, 55.80818 ], [ -4.21592, 55.80791 ] ] ] ] } },
{ "type": "Feature", "properties": { "LSOA11_CD": "S01009986", "Neighborhood_Name": "Castlemilk - 01", "uk_imd2019_LSOA": "S01009986", "uk_imd2019_Rank": "91", "uk_imd2019_SOA_pct": "1", "uk_imd2019_SOA_decile": "1" }, "geometry": { "type": "MultiPolygon", "coordinates": [ [ [ [ -4.22924, 55.80885 ], [ -4.23109, 55.80813 ], [ -4.23219, 55.80772 ], [ -4.23271, 55.80739 ], [ -4.23353, 55.80729 ], [ -4.23378, 55.80788 ], [ -4.23583, 55.80757 ], [ -4.23596, 55.80779 ], [ -4.23558, 55.80811 ], [ -4.23539, 55.80848 ], [ -4.23572, 55.80868 ], [ -4.2358, 55.80925 ], [ -4.23606, 55.80938 ], [ -4.23682, 55.80937 ], [ -4.23751, 55.8096 ], [ -4.23754, 55.81006 ], [ -4.23529, 55.81006 ], [ -4.2348, 55.8101 ], [ -4.23269, 55.81054 ], [ -4.23244, 55.81018 ], [ -4.23308, 55.81006 ], [ -4.23267, 55.80943 ], [ -4.23237, 55.80938 ], [ -4.23265, 55.80888 ], [ -4.23218, 55.80865 ], [ -4.23121, 55.8085 ], [ -4.22973, 55.80904 ], [ -4.22924, 55.80885 ] ] ] ] } },
{ "type": "Feature", "properties": { "LSOA11_CD": "S01009987", "Neighborhood_Name": "Castlemilk - 02", "uk_imd2019_LSOA": "S01009987", "uk_imd2019_Rank": "802", "uk_imd2019_SOA_pct": "11", "uk_imd2019_SOA_decile": "2" }, "geometry": { "type": "MultiPolygon", "coordinates": [ [ [ [ -4.24026, 55.80693 ], [ -4.23928, 55.80727 ], [ -4.23861, 55.8067 ], [ -4.23785, 55.80684 ], [ -4.23747, 55.80652 ], [ -4.23691, 55.80659 ], [ -4.23661, 55.80591 ], [ -4.23579, 55.80585 ], [ -4.23526, 55.80459 ], [ -4.23979, 55.80398 ], [ -4.24243, 55.80366 ], [ -4.24424, 55.80341 ], [ -4.24473, 55.80346 ], [ -4.24443, 55.80426 ], [ -4.24351, 55.80724 ], [ -4.24383, 55.80727 ], [ -4.24386, 55.80832 ], [ -4.24322, 55.80837 ], [ -4.24305, 55.80769 ], [ -4.24256, 55.80761 ], [ -4.24161, 55.80725 ], [ -4.24131, 55.80734 ], [ -4.24026, 55.80693 ] ] ] ] } },
{ "type": "Feature", "properties": { "LSOA11_CD": "S01009988", "Neighborhood_Name": "Castlemilk - 03", "uk_imd2019_LSOA": "S01009988", "uk_imd2019_Rank": "282", "uk_imd2019_SOA_pct": "4", "uk_imd2019_SOA_decile": "1" }, "geometry": { "type": "MultiPolygon", "coordinates": [ [ [ [ -4.2358, 55.80925 ], [ -4.23572, 55.80868 ], [ -4.23539, 55.80848 ], [ -4.23558, 55.80811 ], [ -4.2374, 55.80786 ], [ -4.23876, 55.80752 ], [ -4.24026, 55.80693 ], [ -4.24131, 55.80734 ], [ -4.24161, 55.80725 ], [ -4.24256, 55.80761 ], [ -4.24305, 55.80769 ], [ -4.24322, 55.80837 ], [ -4.24343, 55.80892 ], [ -4.24204, 55.80891 ], [ -4.24207, 55.80918 ], [ -4.23609, 55.80919 ], [ -4.2358, 55.80925 ] ] ] ] } },
{ "type": "Feature", "properties": { "LSOA11_CD": "S01009989", "Neighborhood_Name": "Castlemilk - 04", "uk_imd2019_LSOA": "S01009989", "uk_imd2019_Rank": "2211", "uk_imd2019_SOA_pct": "32", "uk_imd2019_SOA_decile": "4" }, "geometry": { "type": "MultiPolygon", "coordinates": [ [ [ [ -4.23529, 55.81006 ], [ -4.23754, 55.81006 ], [ -4.23751, 55.8096 ], [ -4.23682, 55.80937 ], [ -4.23606, 55.80938 ], [ -4.2358, 55.80925 ], [ -4.23609, 55.80919 ], [ -4.24207, 55.80918 ], [ -4.24204, 55.80891 ], [ -4.24343, 55.80892 ], [ -4.24364, 55.80951 ], [ -4.24402, 55.80998 ], [ -4.24448, 55.80993 ], [ -4.24521, 55.81166 ], [ -4.24411, 55.8119 ], [ -4.2417, 55.8123 ], [ -4.24127, 55.81198 ], [ -4.24098, 55.81106 ], [ -4.23977, 55.81107 ], [ -4.23976, 55.81069 ], [ -4.23871, 55.8107 ], [ -4.23869, 55.81041 ], [ -4.23608, 55.81041 ], [ -4.23548, 55.81037 ], [ -4.23529, 55.81006 ] ] ] ] } },
{ "type": "Feature", "properties": { "LSOA11_CD": "S01010003", "Neighborhood_Name": "Kingspark North - 05", "uk_imd2019_LSOA": "S01010003", "uk_imd2019_Rank": "4799", "uk_imd2019_SOA_pct": "69", "uk_imd2019_SOA_decile": "7" }, "geometry": { "type": "MultiPolygon", "coordinates": [ [ [ [ -4.24223, 55.8239 ], [ -4.2418, 55.82388 ], [ -4.24024, 55.82343 ], [ -4.24021, 55.82309 ], [ -4.23909, 55.8231 ], [ -4.23788, 55.82299 ], [ -4.2381, 55.82256 ], [ -4.23968, 55.8221 ], [ -4.24038, 55.82176 ], [ -4.24062, 55.8215 ], [ -4.24134, 55.8215 ], [ -4.24163, 55.8218 ], [ -4.24271, 55.82217 ], [ -4.24364, 55.82202 ], [ -4.24373, 55.8217 ], [ -4.24452, 55.82158 ], [ -4.24459, 55.82126 ], [ -4.24357, 55.82086 ], [ -4.24393, 55.82062 ], [ -4.24506, 55.82096 ], [ -4.24496, 55.82027 ], [ -4.24632, 55.82036 ], [ -4.24628, 55.82165 ], [ -4.24616, 55.82175 ], [ -4.24686, 55.82222 ], [ -4.24686, 55.82326 ], [ -4.24741, 55.82339 ], [ -4.24741, 55.82402 ], [ -4.24684, 55.82433 ], [ -4.24685, 55.82542 ], [ -4.24615, 55.82517 ], [ -4.24617, 55.82486 ], [ -4.24557, 55.82484 ], [ -4.24562, 55.82401 ], [ -4.24504, 55.82395 ], [ -4.24508, 55.82339 ], [ -4.24445, 55.8233 ], [ -4.24356, 55.82372 ], [ -4.24223, 55.8239 ] ] ] ] } },
{ "type": "Feature", "properties": { "LSOA11_CD": "S01010004", "Neighborhood_Name": "Kingspark North - 06", "uk_imd2019_LSOA": "S01010004", "uk_imd2019_Rank": "5836", "uk_imd2019_SOA_pct": "84", "uk_imd2019_SOA_decile": "9" }, "geometry": { "type": "MultiPolygon", "coordinates": [ [ [ [ -4.24686, 55.82222 ], [ -4.24616, 55.82175 ], [ -4.24628, 55.82165 ], [ -4.24632, 55.82036 ], [ -4.24496, 55.82027 ], [ -4.24506, 55.82096 ], [ -4.24393, 55.82062 ], [ -4.24408, 55.82044 ], [ -4.24431, 55.81932 ], [ -4.2505, 55.81968 ], [ -4.25198, 55.81972 ], [ -4.25334, 55.81963 ], [ -4.25493, 55.81936 ], [ -4.2553, 55.81895 ], [ -4.25528, 55.81864 ], [ -4.25492, 55.81837 ], [ -4.25537, 55.81813 ], [ -4.25558, 55.81922 ], [ -4.25578, 55.8207 ], [ -4.2561, 55.82166 ], [ -4.25377, 55.82159 ], [ -4.25323, 55.82144 ], [ -4.25163, 55.82131 ], [ -4.25135, 55.82199 ], [ -4.25072, 55.82191 ], [ -4.25054, 55.82228 ], [ -4.24992, 55.82219 ], [ -4.25022, 55.82158 ], [ -4.25035, 55.82024 ], [ -4.24937, 55.82011 ], [ -4.24816, 55.82006 ], [ -4.24808, 55.82042 ], [ -4.24754, 55.82041 ], [ -4.24737, 55.82222 ], [ -4.24686, 55.82222 ] ] ] ] } },
{ "type": "Feature", "properties": { "LSOA11_CD": "S01010005", "Neighborhood_Name": "Cathcart - 01", "uk_imd2019_LSOA": "S01010005", "uk_imd2019_Rank": "1990", "uk_imd2019_SOA_pct": "29", "uk_imd2019_SOA_decile": "3" }, "geometry": { "type": "MultiPolygon", "coordinates": [ [ [ [ -4.26484, 55.82308 ], [ -4.26424, 55.82269 ], [ -4.26426, 55.82184 ], [ -4.26282, 55.82194 ], [ -4.26294, 55.82224 ], [ -4.26225, 55.82229 ], [ -4.26213, 55.82199 ], [ -4.2613, 55.82205 ], [ -4.26159, 55.82233 ], [ -4.2596, 55.82251 ], [ -4.25949, 55.82285 ], [ -4.25948, 55.82132 ], [ -4.2602, 55.82125 ], [ -4.25995, 55.82014 ], [ -4.26029, 55.82005 ], [ -4.26097, 55.81948 ], [ -4.26251, 55.81934 ], [ -4.26297, 55.81963 ], [ -4.26319, 55.82027 ], [ -4.26379, 55.82115 ], [ -4.2651, 55.82109 ], [ -4.2657, 55.8206 ], [ -4.26696, 55.82108 ], [ -4.26715, 55.82092 ], [ -4.27055, 55.82215 ], [ -4.27021, 55.82258 ], [ -4.26983, 55.8227 ], [ -4.26939, 55.82253 ], [ -4.26765, 55.82222 ], [ -4.26667, 55.82224 ], [ -4.26563, 55.82277 ], [ -4.26521, 55.82309 ], [ -4.26484, 55.82308 ] ] ] ] } },
{ "type": "Feature", "properties": { "LSOA11_CD": "S01010006", "Neighborhood_Name": "Cathcart - 02", "uk_imd2019_LSOA": "S01010006", "uk_imd2019_Rank": "2658", "uk_imd2019_SOA_pct": "38", "uk_imd2019_SOA_decile": "4" }, "geometry": { "type": "MultiPolygon", "coordinates": [ [ [ [ -4.2612, 55.82485 ], [ -4.26145, 55.82443 ], [ -4.2604, 55.82449 ], [ -4.25965, 55.82365 ], [ -4.26042, 55.82339 ], [ -4.26016, 55.82303 ], [ -4.25837, 55.8234 ], [ -4.25846, 55.82302 ], [ -4.25911, 55.82288 ], [ -4.25949, 55.82285 ], [ -4.2596, 55.82251 ], [ -4.26159, 55.82233 ], [ -4.2613, 55.82205 ], [ -4.26213, 55.82199 ], [ -4.26225, 55.82229 ], [ -4.26294, 55.82224 ], [ -4.26282, 55.82194 ], [ -4.26426, 55.82184 ], [ -4.26424, 55.82269 ], [ -4.26484, 55.82308 ], [ -4.26467, 55.82323 ], [ -4.26406, 55.82317 ], [ -4.264, 55.8235 ], [ -4.26328, 55.82377 ], [ -4.26239, 55.82442 ], [ -4.26171, 55.82502 ], [ -4.2612, 55.82485 ] ] ] ] } },
{ "type": "Feature", "properties": { "LSOA11_CD": "S01010021", "Neighborhood_Name": "Toryglen and Oatlands - 06", "uk_imd2019_LSOA": "S01010021", "uk_imd2019_Rank": "500", "uk_imd2019_SOA_pct": "7", "uk_imd2019_SOA_decile": "1" }, "geometry": { "type": "MultiPolygon", "coordinates": [ [ [ [ -4.23373, 55.83361 ], [ -4.23069, 55.83252 ], [ -4.23062, 55.83221 ], [ -4.23509, 55.83188 ], [ -4.23649, 55.83154 ], [ -4.23758, 55.83151 ], [ -4.23754, 55.83061 ], [ -4.24001, 55.83061 ], [ -4.24018, 55.83051 ], [ -4.23823, 55.82978 ], [ -4.23728, 55.82967 ], [ -4.23704, 55.82907 ], [ -4.23979, 55.82889 ], [ -4.24023, 55.82883 ], [ -4.24085, 55.8288 ], [ -4.24035, 55.82812 ], [ -4.24101, 55.82767 ], [ -4.24125, 55.82731 ], [ -4.24093, 55.82709 ], [ -4.24241, 55.82591 ], [ -4.24403, 55.82663 ], [ -4.2462, 55.82685 ], [ -4.24627, 55.82643 ], [ -4.24674, 55.82645 ], [ -4.24675, 55.82661 ], [ -4.24812, 55.82627 ], [ -4.24918, 55.82622 ], [ -4.24958, 55.82681 ], [ -4.24905, 55.82717 ], [ -4.24695, 55.82744 ], [ -4.24704, 55.82789 ], [ -4.24774, 55.8291 ], [ -4.24816, 55.83001 ], [ -4.24833, 55.8306 ], [ -4.2484, 55.83233 ], [ -4.24909, 55.83245 ], [ -4.24901, 55.83276 ], [ -4.24926, 55.83306 ], [ -4.24907, 55.83362 ], [ -4.24949, 55.83436 ], [ -4.24913, 55.83496 ], [ -4.24871, 55.83436 ], [ -4.24816, 55.83454 ], [ -4.24631, 55.83431 ], [ -4.2448, 55.83501 ], [ -4.24369, 55.83584 ], [ -4.24531, 55.83675 ], [ -4.24488, 55.83748 ], [ -4.24227, 55.83658 ], [ -4.23688, 55.83469 ], [ -4.23543, 55.83429 ], [ -4.23373, 55.83361 ] ] ] ] } },
{ "type": "Feature", "properties": { "LSOA11_CD": "S01010022", "Neighborhood_Name": "Toryglen and Oatlands - 07", "uk_imd2019_LSOA": "S01010022", "uk_imd2019_Rank": "1492", "uk_imd2019_SOA_pct": "21", "uk_imd2019_SOA_decile": "3" }, "geometry": { "type": "MultiPolygon", "coordinates": [ [ [ [ -4.24293, 55.84329 ], [ -4.24103, 55.84264 ], [ -4.23968, 55.84197 ], [ -4.23878, 55.84254 ], [ -4.23684, 55.84223 ], [ -4.23424, 55.84215 ], [ -4.23179, 55.84219 ], [ -4.23084, 55.84203 ], [ -4.22955, 55.84149 ], [ -4.22831, 55.84065 ], [ -4.22796, 55.84049 ], [ -4.23126, 55.83817 ], [ -4.23049, 55.83783 ], [ -4.23257, 55.83631 ], [ -4.23193, 55.83538 ], [ -4.23373, 55.83361 ], [ -4.23543, 55.83429 ], [ -4.23688, 55.83469 ], [ -4.24227, 55.83658 ], [ -4.24488, 55.83748 ], [ -4.24638, 55.83799 ], [ -4.24445, 55.83983 ], [ -4.24346, 55.84054 ], [ -4.24424, 55.84071 ], [ -4.24531, 55.84119 ], [ -4.24392, 55.84246 ], [ -4.24313, 55.84333 ], [ -4.24293, 55.84329 ] ] ] ] } },
{ "type": "Feature", "properties": { "LSOA11_CD": "S01010029", "Neighborhood_Name": "Gorbals and Hutchesontown - 07", "uk_imd2019_LSOA": "S01010029", "uk_imd2019_Rank": "217", "uk_imd2019_SOA_pct": "3", "uk_imd2019_SOA_decile": "1" }, "geometry": { "type": "MultiPolygon", "coordinates": [ [ [ [ -4.24561, 55.84596 ], [ -4.24473, 55.84569 ], [ -4.24442, 55.84536 ], [ -4.24496, 55.84486 ], [ -4.24585, 55.84505 ], [ -4.24647, 55.84445 ], [ -4.2445, 55.84382 ], [ -4.24405, 55.84432 ], [ -4.24323, 55.8441 ], [ -4.24378, 55.84359 ], [ -4.24293, 55.84329 ], [ -4.24313, 55.84333 ], [ -4.24392, 55.84246 ], [ -4.24531, 55.84119 ], [ -4.24424, 55.84071 ], [ -4.24346, 55.84054 ], [ -4.24445, 55.83983 ], [ -4.24638, 55.83799 ], [ -4.25043, 55.8394 ], [ -4.24884, 55.84101 ], [ -4.25098, 55.84164 ], [ -4.25071, 55.8432 ], [ -4.24871, 55.84509 ], [ -4.24962, 55.8454 ], [ -4.24885, 55.84611 ], [ -4.24933, 55.84624 ], [ -4.24879, 55.84668 ], [ -4.24841, 55.84642 ], [ -4.24731, 55.84605 ], [ -4.24621, 55.84591 ], [ -4.24561, 55.84596 ] ] ] ] } },
{ "type": "Feature", "properties": { "LSOA11_CD": "S01010030", "Neighborhood_Name": "Gorbals and Hutchesontown - 08", "uk_imd2019_LSOA": "S01010030", "uk_imd2019_Rank": "3309", "uk_imd2019_SOA_pct": "47", "uk_imd2019_SOA_decile": "5" }, "geometry": { "type": "MultiPolygon", "coordinates": [ [ [ [ -4.25154, 55.84774 ], [ -4.24766, 55.84665 ], [ -4.24708, 55.84651 ], [ -4.24561, 55.84596 ], [ -4.24621, 55.84591 ], [ -4.24731, 55.84605 ], [ -4.24841, 55.84642 ], [ -4.24879, 55.84668 ], [ -4.24933, 55.84624 ], [ -4.24885, 55.84611 ], [ -4.24962, 55.8454 ], [ -4.25033, 55.84545 ], [ -4.255, 55.84508 ], [ -4.25503, 55.84696 ], [ -4.25431, 55.84677 ], [ -4.25351, 55.84709 ], [ -4.25324, 55.84761 ], [ -4.2533, 55.84795 ], [ -4.25154, 55.84774 ] ] ] ] } },
{ "type": "Feature", "properties": { "LSOA11_CD": "S01010031", "Neighborhood_Name": "Laurieston and Tradeston - 01", "uk_imd2019_LSOA": "S01010031", "uk_imd2019_Rank": "2651", "uk_imd2019_SOA_pct": "38", "uk_imd2019_SOA_decile": "4" }, "geometry": { "type": "MultiPolygon", "coordinates": [ [ [ [ -4.26387, 55.85555 ], [ -4.2641, 55.85501 ], [ -4.26508, 55.85501 ], [ -4.26602, 55.85453 ], [ -4.266, 55.85422 ], [ -4.26876, 55.85403 ], [ -4.26864, 55.85382 ], [ -4.26889, 55.853 ], [ -4.26896, 55.85282 ], [ -4.27031, 55.85299 ], [ -4.27083, 55.85173 ], [ -4.27055, 55.84985 ], [ -4.27649, 55.84974 ], [ -4.27716, 55.85022 ], [ -4.27691, 55.85056 ], [ -4.27651, 55.85362 ], [ -4.27718, 55.85363 ], [ -4.27722, 55.85314 ], [ -4.27794, 55.85332 ], [ -4.27843, 55.85369 ], [ -4.27842, 55.85414 ], [ -4.27922, 55.85413 ], [ -4.27997, 55.85446 ], [ -4.27927, 55.85473 ], [ -4.2786, 55.85474 ], [ -4.27765, 55.855 ], [ -4.27686, 55.85537 ], [ -4.27669, 55.85563 ], [ -4.27438, 55.8554 ], [ -4.27177, 55.8553 ], [ -4.26928, 55.8553 ], [ -4.26387, 55.85555 ] ] ] ] } },
{ "type": "Feature", "properties": { "LSOA11_CD": "S01010032", "Neighborhood_Name": "Laurieston and Tradeston - 02", "uk_imd2019_LSOA": "S01010032", "uk_imd2019_Rank": "992", "uk_imd2019_SOA_pct": "14", "uk_imd2019_SOA_decile": "2" }, "geometry": { "type": "MultiPolygon", "coordinates": [ [ [ [ -4.24762, 55.85208 ], [ -4.24731, 55.85191 ], [ -4.24834, 55.85082 ], [ -4.24881, 55.85068 ], [ -4.24983, 55.85096 ], [ -4.25289, 55.85188 ], [ -4.25411, 55.85203 ], [ -4.25752, 55.85251 ], [ -4.25813, 55.85282 ], [ -4.25795, 55.85328 ], [ -4.25833, 55.85356 ], [ -4.25793, 55.85383 ], [ -4.25781, 55.85461 ], [ -4.25902, 55.85476 ], [ -4.25962, 55.85293 ], [ -4.25887, 55.85264 ], [ -4.25922, 55.85169 ], [ -4.25983, 55.85159 ], [ -4.26004, 55.85093 ], [ -4.25959, 55.85064 ], [ -4.26009, 55.85073 ], [ -4.26042, 55.84975 ], [ -4.26061, 55.84976 ], [ -4.26103, 55.84815 ], [ -4.26059, 55.8481 ], [ -4.26088, 55.84704 ], [ -4.26108, 55.84671 ], [ -4.26159, 55.84527 ], [ -4.26254, 55.84541 ], [ -4.26298, 55.84449 ], [ -4.26368, 55.84494 ], [ -4.26469, 55.84527 ], [ -4.2654, 55.84539 ], [ -4.26892, 55.84575 ], [ -4.26968, 55.8457 ], [ -4.27459, 55.84692 ], [ -4.27475, 55.84744 ], [ -4.27514, 55.84808 ], [ -4.27649, 55.84974 ], [ -4.27055, 55.84985 ], [ -4.27083, 55.85173 ], [ -4.27031, 55.85299 ], [ -4.26896, 55.85282 ], [ -4.26889, 55.853 ], [ -4.2687, 55.85287 ], [ -4.26667, 55.85262 ], [ -4.26628, 55.85269 ], [ -4.26571, 55.85423 ], [ -4.266, 55.85422 ], [ -4.26602, 55.85453 ], [ -4.26508, 55.85501 ], [ -4.2641, 55.85501 ], [ -4.26387, 55.85555 ], [ -4.26091, 55.85527 ], [ -4.25775, 55.85488 ], [ -4.25395, 55.85393 ], [ -4.25125, 55.85313 ], [ -4.2483, 55.85232 ], [ -4.24762, 55.85208 ] ] ] ] } },
{ "type": "Feature", "properties": { "LSOA11_CD": "S01010033", "Neighborhood_Name": "Laurieston and Tradeston - 03", "uk_imd2019_LSOA": "S01010033", "uk_imd2019_Rank": "574", "uk_imd2019_SOA_pct": "8", "uk_imd2019_SOA_decile": "1" }, "geometry": { "type": "MultiPolygon", "coordinates": [ [ [ [ -4.2533, 55.84795 ], [ -4.25324, 55.84761 ], [ -4.25351, 55.84709 ], [ -4.25431, 55.84677 ], [ -4.25503, 55.84696 ], [ -4.255, 55.84508 ], [ -4.25033, 55.84545 ], [ -4.24962, 55.8454 ], [ -4.24871, 55.84509 ], [ -4.25071, 55.8432 ], [ -4.25098, 55.84164 ], [ -4.24884, 55.84101 ], [ -4.25043, 55.8394 ], [ -4.25598, 55.84134 ], [ -4.25616, 55.84083 ], [ -4.25643, 55.83994 ], [ -4.25692, 55.84002 ], [ -4.25727, 55.83953 ], [ -4.25665, 55.83913 ], [ -4.25805, 55.83932 ], [ -4.25757, 55.84014 ], [ -4.25826, 55.84006 ], [ -4.25847, 55.83957 ], [ -4.26088, 55.83984 ], [ -4.26067, 55.84033 ], [ -4.26131, 55.84036 ], [ -4.26327, 55.8406 ], [ -4.26349, 55.83997 ], [ -4.26377, 55.83924 ], [ -4.26468, 55.83931 ], [ -4.26494, 55.83918 ], [ -4.26512, 55.83863 ], [ -4.26593, 55.83874 ], [ -4.2655, 55.83993 ], [ -4.26595, 55.84026 ], [ -4.26409, 55.84094 ], [ -4.26327, 55.84084 ], [ -4.26305, 55.84119 ], [ -4.26244, 55.8429 ], [ -4.26294, 55.84332 ], [ -4.26276, 55.84359 ], [ -4.26349, 55.84381 ], [ -4.26298, 55.84449 ], [ -4.26254, 55.84541 ], [ -4.26159, 55.84527 ], [ -4.26196, 55.84422 ], [ -4.26133, 55.84431 ], [ -4.26055, 55.84461 ], [ -4.26014, 55.84453 ], [ -4.26008, 55.84502 ], [ -4.25957, 55.84539 ], [ -4.25845, 55.84595 ], [ -4.25902, 55.84602 ], [ -4.2588, 55.84661 ], [ -4.25824, 55.84652 ], [ -4.25784, 55.84747 ], [ -4.25755, 55.84771 ], [ -4.25696, 55.84718 ], [ -4.25646, 55.84707 ], [ -4.25492, 55.84812 ], [ -4.2533, 55.84795 ] ] ] ] } },
{ "type": "Feature", "properties": { "LSOA11_CD": "S01010034", "Neighborhood_Name": "Laurieston and Tradeston - 04", "uk_imd2019_LSOA": "S01010034", "uk_imd2019_Rank": "763", "uk_imd2019_SOA_pct": "11", "uk_imd2019_SOA_decile": "2" }, "geometry": { "type": "MultiPolygon", "coordinates": [ [ [ [ -4.24881, 55.85068 ], [ -4.24721, 55.85021 ], [ -4.2482, 55.84939 ], [ -4.2495, 55.84962 ], [ -4.2501, 55.84942 ], [ -4.25154, 55.84774 ], [ -4.2533, 55.84795 ], [ -4.25492, 55.84812 ], [ -4.25646, 55.84707 ], [ -4.25696, 55.84718 ], [ -4.25755, 55.84771 ], [ -4.25784, 55.84747 ], [ -4.25824, 55.84652 ], [ -4.2588, 55.84661 ], [ -4.25902, 55.84602 ], [ -4.25845, 55.84595 ], [ -4.25957, 55.84539 ], [ -4.26008, 55.84502 ], [ -4.26014, 55.84453 ], [ -4.26055, 55.84461 ], [ -4.26133, 55.84431 ], [ -4.26196, 55.84422 ], [ -4.26159, 55.84527 ], [ -4.26108, 55.84671 ], [ -4.26088, 55.84704 ], [ -4.26059, 55.8481 ], [ -4.26103, 55.84815 ], [ -4.26061, 55.84976 ], [ -4.26042, 55.84975 ], [ -4.26009, 55.85073 ], [ -4.25959, 55.85064 ], [ -4.25967, 55.85038 ], [ -4.25883, 55.85029 ], [ -4.25909, 55.8497 ], [ -4.25871, 55.84949 ], [ -4.25886, 55.84864 ], [ -4.25858, 55.84861 ], [ -4.25787, 55.85051 ], [ -4.25752, 55.85053 ], [ -4.25618, 55.85034 ], [ -4.25575, 55.85141 ], [ -4.25413, 55.85119 ], [ -4.25411, 55.85203 ], [ -4.25289, 55.85188 ], [ -4.24983, 55.85096 ], [ -4.24881, 55.85068 ] ] ] ] } },
{ "type": "Feature", "properties": { "LSOA11_CD": "S01010035", "Neighborhood_Name": "Laurieston and Tradeston - 05", "uk_imd2019_LSOA": "S01010035", "uk_imd2019_Rank": "3282", "uk_imd2019_SOA_pct": "47", "uk_imd2019_SOA_decile": "5" }, "geometry": { "type": "MultiPolygon", "coordinates": [ [ [ [ -4.25411, 55.85203 ], [ -4.25413, 55.85119 ], [ -4.25575, 55.85141 ], [ -4.25618, 55.85034 ], [ -4.25752, 55.85053 ], [ -4.25787, 55.85051 ], [ -4.25858, 55.84861 ], [ -4.25886, 55.84864 ], [ -4.25871, 55.84949 ], [ -4.25909, 55.8497 ], [ -4.25883, 55.85029 ], [ -4.25967, 55.85038 ], [ -4.25959, 55.85064 ], [ -4.26004, 55.85093 ], [ -4.25983, 55.85159 ], [ -4.25922, 55.85169 ], [ -4.25887, 55.85264 ], [ -4.25962, 55.85293 ], [ -4.25902, 55.85476 ], [ -4.25781, 55.85461 ], [ -4.25793, 55.85383 ], [ -4.25833, 55.85356 ], [ -4.25795, 55.85328 ], [ -4.25813, 55.85282 ], [ -4.25752, 55.85251 ], [ -4.25411, 55.85203 ] ] ] ] } },
{ "type": "Feature", "properties": { "LSOA11_CD": "S01010036", "Neighborhood_Name": "Laurieston and Tradeston - 06", "uk_imd2019_LSOA": "S01010036", "uk_imd2019_Rank": "6754", "uk_imd2019_SOA_pct": "97", "uk_imd2019_SOA_decile": "10" }, "geometry": { "type": "MultiPolygon", "coordinates": [ [ [ [ -4.26889, 55.853 ], [ -4.26864, 55.85382 ], [ -4.26876, 55.85403 ], [ -4.266, 55.85422 ], [ -4.26571, 55.85423 ], [ -4.26628, 55.85269 ], [ -4.26667, 55.85262 ], [ -4.2687, 55.85287 ], [ -4.26889, 55.853 ] ] ] ] } },
{ "type": "Feature", "properties": { "LSOA11_CD": "S01010037", "Neighborhood_Name": "Calton and Gallowgate - 01", "uk_imd2019_LSOA": "S01010037", "uk_imd2019_Rank": "160", "uk_imd2019_SOA_pct": "2", "uk_imd2019_SOA_decile": "1" }, "geometry": { "type": "MultiPolygon", "coordinates": [ [ [ [ -4.22631, 55.85533 ], [ -4.2265, 55.85508 ], [ -4.22593, 55.85496 ], [ -4.2261, 55.85464 ], [ -4.22675, 55.85475 ], [ -4.22668, 55.85433 ], [ -4.22702, 55.85381 ], [ -4.22753, 55.85373 ], [ -4.22772, 55.85345 ], [ -4.22831, 55.85353 ], [ -4.22886, 55.85271 ], [ -4.22915, 55.85276 ], [ -4.22968, 55.85288 ], [ -4.22942, 55.85326 ], [ -4.23029, 55.85341 ], [ -4.23008, 55.85378 ], [ -4.23073, 55.85392 ], [ -4.23055, 55.85419 ], [ -4.22879, 55.85383 ], [ -4.2285, 55.85429 ], [ -4.22911, 55.85442 ], [ -4.22976, 55.85487 ], [ -4.23024, 55.85507 ], [ -4.23118, 55.85477 ], [ -4.23128, 55.85455 ], [ -4.23233, 55.85471 ], [ -4.23239, 55.85528 ], [ -4.2329, 55.85529 ], [ -4.23278, 55.85588 ], [ -4.23053, 55.85597 ], [ -4.22896, 55.85594 ], [ -4.2288, 55.85654 ], [ -4.22824, 55.85647 ], [ -4.22842, 55.85609 ], [ -4.22798, 55.85603 ], [ -4.22818, 55.85559 ], [ -4.22631, 55.85533 ] ] ] ] } },
{ "type": "Feature", "properties": { "LSOA11_CD": "S01010039", "Neighborhood_Name": "Calton and Gallowgate - 03", "uk_imd2019_LSOA": "S01010039", "uk_imd2019_Rank": "3530", "uk_imd2019_SOA_pct": "51", "uk_imd2019_SOA_decile": "6" }, "geometry": { "type": "MultiPolygon", "coordinates": [ [ [ [ -4.23933, 55.85674 ], [ -4.23883, 55.85648 ], [ -4.23924, 55.85574 ], [ -4.23815, 55.85554 ], [ -4.23829, 55.85535 ], [ -4.23867, 55.85541 ], [ -4.23895, 55.85485 ], [ -4.23925, 55.85459 ], [ -4.23895, 55.85433 ], [ -4.23919, 55.8538 ], [ -4.23819, 55.85301 ], [ -4.23811, 55.85283 ], [ -4.23844, 55.85092 ], [ -4.23797, 55.84928 ], [ -4.23774, 55.84885 ], [ -4.23934, 55.84965 ], [ -4.24145, 55.85056 ], [ -4.24549, 55.85238 ], [ -4.24575, 55.85262 ], [ -4.24681, 55.85303 ], [ -4.24603, 55.85409 ], [ -4.24518, 55.85405 ], [ -4.24441, 55.85472 ], [ -4.24492, 55.85485 ], [ -4.24454, 55.85532 ], [ -4.24403, 55.85507 ], [ -4.24404, 55.85469 ], [ -4.24282, 55.85402 ], [ -4.24281, 55.8538 ], [ -4.2419, 55.85364 ], [ -4.24148, 55.8533 ], [ -4.24119, 55.85396 ], [ -4.24113, 55.85451 ], [ -4.24196, 55.85497 ], [ -4.24269, 55.85514 ], [ -4.2423, 55.85559 ], [ -4.24386, 55.85641 ], [ -4.244, 55.8563 ], [ -4.24524, 55.85671 ], [ -4.24511, 55.85689 ], [ -4.24429, 55.85713 ], [ -4.24343, 55.85683 ], [ -4.243, 55.85674 ], [ -4.24257, 55.85747 ], [ -4.24061, 55.8569 ], [ -4.23963, 55.85668 ], [ -4.23933, 55.85674 ] ] ] ] } },
{ "type": "Feature", "properties": { "LSOA11_CD": "S01010040", "Neighborhood_Name": "Calton and Gallowgate - 04", "uk_imd2019_LSOA": "S01010040", "uk_imd2019_Rank": "3306", "uk_imd2019_SOA_pct": "47", "uk_imd2019_SOA_decile": "5" }, "geometry": { "type": "MultiPolygon", "coordinates": [ [ [ [ -4.23829, 55.85535 ], [ -4.23747, 55.85532 ], [ -4.23699, 55.85496 ], [ -4.23634, 55.85485 ], [ -4.23662, 55.85418 ], [ -4.23609, 55.85397 ], [ -4.23687, 55.8534 ], [ -4.23448, 55.85217 ], [ -4.23331, 55.85158 ], [ -4.2329, 55.85124 ], [ -4.23325, 55.85091 ], [ -4.23171, 55.8506 ], [ -4.2327, 55.84949 ], [ -4.23349, 55.84929 ], [ -4.23297, 55.84886 ], [ -4.2319, 55.84719 ], [ -4.23092, 55.84612 ], [ -4.2302, 55.84616 ], [ -4.22884, 55.84605 ], [ -4.22884, 55.84573 ], [ -4.22853, 55.84539 ], [ -4.22875, 55.84506 ], [ -4.22754, 55.84504 ], [ -4.22757, 55.84483 ], [ -4.22878, 55.8448 ], [ -4.22938, 55.84488 ], [ -4.23048, 55.84503 ], [ -4.23069, 55.84379 ], [ -4.2309, 55.84349 ], [ -4.2303, 55.8428 ], [ -4.23046, 55.8426 ], [ -4.23223, 55.84274 ], [ -4.23414, 55.84272 ], [ -4.23563, 55.84275 ], [ -4.23735, 55.84285 ], [ -4.23817, 55.84296 ], [ -4.23913, 55.84319 ], [ -4.23946, 55.84341 ], [ -4.23984, 55.84393 ], [ -4.23981, 55.84431 ], [ -4.23854, 55.84549 ], [ -4.23698, 55.84654 ], [ -4.2364, 55.84722 ], [ -4.23638, 55.84772 ], [ -4.23664, 55.84817 ], [ -4.23774, 55.84885 ], [ -4.23797, 55.84928 ], [ -4.23844, 55.85092 ], [ -4.23811, 55.85283 ], [ -4.23819, 55.85301 ], [ -4.23919, 55.8538 ], [ -4.23895, 55.85433 ], [ -4.23925, 55.85459 ], [ -4.23895, 55.85485 ], [ -4.23867, 55.85541 ], [ -4.23829, 55.85535 ] ] ] ] } },
{ "type": "Feature", "properties": { "LSOA11_CD": "S01010041", "Neighborhood_Name": "Calton and Gallowgate - 05", "uk_imd2019_LSOA": "S01010041", "uk_imd2019_Rank": "1693", "uk_imd2019_SOA_pct": "24", "uk_imd2019_SOA_decile": "3" }, "geometry": { "type": "MultiPolygon", "coordinates": [ [ [ [ -4.24603, 55.85409 ], [ -4.24627, 55.85438 ], [ -4.24529, 55.85569 ], [ -4.24454, 55.85583 ], [ -4.244, 55.8563 ], [ -4.24386, 55.85641 ], [ -4.2423, 55.85559 ], [ -4.24269, 55.85514 ], [ -4.24196, 55.85497 ], [ -4.24113, 55.85451 ], [ -4.24119, 55.85396 ], [ -4.24148, 55.8533 ], [ -4.2419, 55.85364 ], [ -4.24281, 55.8538 ], [ -4.24282, 55.85402 ], [ -4.24404, 55.85469 ], [ -4.24403, 55.85507 ], [ -4.24454, 55.85532 ], [ -4.24492, 55.85485 ], [ -4.24441, 55.85472 ], [ -4.24518, 55.85405 ], [ -4.24603, 55.85409 ] ] ] ] } },
{ "type": "Feature", "properties": { "LSOA11_CD": "S01010152", "Neighborhood_Name": "Carntyne - 01", "uk_imd2019_LSOA": "S01010152", "uk_imd2019_Rank": "1949", "uk_imd2019_SOA_pct": "28", "uk_imd2019_SOA_decile": "3" }, "geometry": { "type": "MultiPolygon", "coordinates": [ [ [ [ -4.18712, 55.86542 ], [ -4.18806, 55.86517 ], [ -4.1879, 55.86475 ], [ -4.18693, 55.86426 ], [ -4.19033, 55.86416 ], [ -4.19086, 55.86377 ], [ -4.19313, 55.86378 ], [ -4.19314, 55.8634 ], [ -4.19417, 55.86342 ], [ -4.1942, 55.86314 ], [ -4.19251, 55.86312 ], [ -4.19201, 55.86304 ], [ -4.19194, 55.86252 ], [ -4.19668, 55.86225 ], [ -4.1975, 55.86222 ], [ -4.19745, 55.86186 ], [ -4.19861, 55.86183 ], [ -4.19878, 55.86203 ], [ -4.19984, 55.86196 ], [ -4.20031, 55.86218 ], [ -4.20021, 55.86233 ], [ -4.19907, 55.86276 ], [ -4.19634, 55.86461 ], [ -4.1968, 55.8648 ], [ -4.19622, 55.86522 ], [ -4.19576, 55.86502 ], [ -4.19468, 55.86572 ], [ -4.19392, 55.86635 ], [ -4.19294, 55.86593 ], [ -4.19247, 55.86611 ], [ -4.19132, 55.86619 ], [ -4.18712, 55.86542 ] ] ] ] } },
{ "type": "Feature", "properties": { "LSOA11_CD": "S01010042", "Neighborhood_Name": "Bridgeton - 01", "uk_imd2019_LSOA": "S01010042", "uk_imd2019_Rank": "2315", "uk_imd2019_SOA_pct": "33", "uk_imd2019_SOA_decile": "4" }, "geometry": { "type": "MultiPolygon", "coordinates": [ [ [ [ -4.22915, 55.85276 ], [ -4.22932, 55.85251 ], [ -4.22904, 55.85229 ], [ -4.22931, 55.85194 ], [ -4.22968, 55.85201 ], [ -4.23039, 55.85108 ], [ -4.23069, 55.85115 ], [ -4.23107, 55.85063 ], [ -4.23004, 55.85033 ], [ -4.22955, 55.85035 ], [ -4.22922, 55.85006 ], [ -4.22863, 55.84991 ], [ -4.22882, 55.8497 ], [ -4.22748, 55.84935 ], [ -4.22757, 55.84923 ], [ -4.22864, 55.84945 ], [ -4.22929, 55.84927 ], [ -4.22955, 55.84897 ], [ -4.22958, 55.84854 ], [ -4.22894, 55.84823 ], [ -4.22844, 55.84818 ], [ -4.2319, 55.84719 ], [ -4.23297, 55.84886 ], [ -4.23349, 55.84929 ], [ -4.2327, 55.84949 ], [ -4.23171, 55.8506 ], [ -4.23325, 55.85091 ], [ -4.2329, 55.85124 ], [ -4.23331, 55.85158 ], [ -4.23448, 55.85217 ], [ -4.23377, 55.85286 ], [ -4.23173, 55.85219 ], [ -4.23151, 55.85249 ], [ -4.23229, 55.85266 ], [ -4.2321, 55.85299 ], [ -4.23162, 55.85296 ], [ -4.23073, 55.85392 ], [ -4.23008, 55.85378 ], [ -4.23029, 55.85341 ], [ -4.22942, 55.85326 ], [ -4.22968, 55.85288 ], [ -4.22915, 55.85276 ] ] ] ] } },
{ "type": "Feature", "properties": { "LSOA11_CD": "S01010043", "Neighborhood_Name": "Bridgeton - 02", "uk_imd2019_LSOA": "S01010043", "uk_imd2019_Rank": "399", "uk_imd2019_SOA_pct": "6", "uk_imd2019_SOA_decile": "1" }, "geometry": { "type": "MultiPolygon", "coordinates": [ [ [ [ -4.22748, 55.84935 ], [ -4.22614, 55.84909 ], [ -4.2253, 55.84892 ], [ -4.22553, 55.84863 ], [ -4.22434, 55.84787 ], [ -4.22461, 55.84746 ], [ -4.22507, 55.84737 ], [ -4.22478, 55.84664 ], [ -4.22664, 55.84666 ], [ -4.22661, 55.84767 ], [ -4.22795, 55.8477 ], [ -4.22891, 55.84765 ], [ -4.23074, 55.84713 ], [ -4.2311, 55.84677 ], [ -4.23029, 55.84646 ], [ -4.2302, 55.84616 ], [ -4.23092, 55.84612 ], [ -4.2319, 55.84719 ], [ -4.22844, 55.84818 ], [ -4.22894, 55.84823 ], [ -4.22958, 55.84854 ], [ -4.22955, 55.84897 ], [ -4.22929, 55.84927 ], [ -4.22864, 55.84945 ], [ -4.22757, 55.84923 ], [ -4.22748, 55.84935 ] ] ] ] } },
{ "type": "Feature", "properties": { "LSOA11_CD": "S01010044", "Neighborhood_Name": "Bridgeton - 03", "uk_imd2019_LSOA": "S01010044", "uk_imd2019_Rank": "1111", "uk_imd2019_SOA_pct": "16", "uk_imd2019_SOA_decile": "2" }, "geometry": { "type": "MultiPolygon", "coordinates": [ [ [ [ -4.22478, 55.84664 ], [ -4.22498, 55.8463 ], [ -4.2249, 55.84582 ], [ -4.22442, 55.84581 ], [ -4.22443, 55.8451 ], [ -4.22524, 55.84473 ], [ -4.2253, 55.84442 ], [ -4.2267, 55.84443 ], [ -4.2267, 55.84403 ], [ -4.22708, 55.844 ], [ -4.22712, 55.84361 ], [ -4.22845, 55.84352 ], [ -4.22849, 55.84381 ], [ -4.22898, 55.84381 ], [ -4.22947, 55.84403 ], [ -4.22938, 55.84488 ], [ -4.22878, 55.8448 ], [ -4.22757, 55.84483 ], [ -4.22754, 55.84504 ], [ -4.22875, 55.84506 ], [ -4.22853, 55.84539 ], [ -4.22884, 55.84573 ], [ -4.22884, 55.84605 ], [ -4.2302, 55.84616 ], [ -4.23029, 55.84646 ], [ -4.2311, 55.84677 ], [ -4.23074, 55.84713 ], [ -4.22891, 55.84765 ], [ -4.22795, 55.8477 ], [ -4.22661, 55.84767 ], [ -4.22664, 55.84666 ], [ -4.22478, 55.84664 ] ] ] ] } },
{ "type": "Feature", "properties": { "LSOA11_CD": "S01010045", "Neighborhood_Name": "Bridgeton - 04", "uk_imd2019_LSOA": "S01010045", "uk_imd2019_Rank": "180", "uk_imd2019_SOA_pct": "3", "uk_imd2019_SOA_decile": "1" }, "geometry": { "type": "MultiPolygon", "coordinates": [ [ [ [ -4.22049, 55.84828 ], [ -4.22004, 55.84798 ], [ -4.22037, 55.84741 ], [ -4.22076, 55.84776 ], [ -4.22164, 55.84744 ], [ -4.22279, 55.84716 ], [ -4.22326, 55.84762 ], [ -4.22375, 55.84749 ], [ -4.22258, 55.84661 ], [ -4.22372, 55.84635 ], [ -4.22351, 55.84586 ], [ -4.2236, 55.84511 ], [ -4.22404, 55.84511 ], [ -4.22403, 55.84414 ], [ -4.22491, 55.84416 ], [ -4.22511, 55.84365 ], [ -4.22618, 55.84366 ], [ -4.22672, 55.84335 ], [ -4.2267, 55.84403 ], [ -4.2267, 55.84443 ], [ -4.2253, 55.84442 ], [ -4.22524, 55.84473 ], [ -4.22443, 55.8451 ], [ -4.22442, 55.84581 ], [ -4.2249, 55.84582 ], [ -4.22498, 55.8463 ], [ -4.22478, 55.84664 ], [ -4.22507, 55.84737 ], [ -4.22461, 55.84746 ], [ -4.22434, 55.84787 ], [ -4.22399, 55.84762 ], [ -4.2217, 55.84836 ], [ -4.22049, 55.84828 ] ] ] ] } },
{ "type": "Feature", "properties": { "LSOA11_CD": "S01010046", "Neighborhood_Name": "Dalmarnock - 01", "uk_imd2019_LSOA": "S01010046", "uk_imd2019_Rank": "64", "uk_imd2019_SOA_pct": "1", "uk_imd2019_SOA_decile": "1" }, "geometry": { "type": "MultiPolygon", "coordinates": [ [ [ [ -4.22258, 55.84661 ], [ -4.22214, 55.8463 ], [ -4.22248, 55.84614 ], [ -4.22036, 55.84444 ], [ -4.21966, 55.84442 ], [ -4.22063, 55.84401 ], [ -4.22143, 55.84357 ], [ -4.22244, 55.84278 ], [ -4.22127, 55.84267 ], [ -4.21949, 55.84267 ], [ -4.2171, 55.8424 ], [ -4.21683, 55.84276 ], [ -4.21565, 55.84355 ], [ -4.21547, 55.84289 ], [ -4.2147, 55.84227 ], [ -4.21642, 55.84192 ], [ -4.21535, 55.84114 ], [ -4.2143, 55.84059 ], [ -4.21334, 55.84085 ], [ -4.21295, 55.84081 ], [ -4.21279, 55.84042 ], [ -4.21218, 55.84013 ], [ -4.21277, 55.83989 ], [ -4.21044, 55.83845 ], [ -4.20989, 55.838 ], [ -4.20963, 55.83746 ], [ -4.21175, 55.83721 ], [ -4.21255, 55.83704 ], [ -4.21478, 55.83636 ], [ -4.21571, 55.83592 ], [ -4.21902, 55.83386 ], [ -4.21971, 55.83347 ], [ -4.22083, 55.83327 ], [ -4.22155, 55.83352 ], [ -4.22194, 55.83381 ], [ -4.22263, 55.83462 ], [ -4.22282, 55.83528 ], [ -4.2225, 55.83609 ], [ -4.22214, 55.83667 ], [ -4.22177, 55.83757 ], [ -4.22173, 55.83811 ], [ -4.22198, 55.83869 ], [ -4.22364, 55.83954 ], [ -4.22548, 55.84011 ], [ -4.22634, 55.84053 ], [ -4.22684, 55.84093 ], [ -4.22773, 55.84129 ], [ -4.2293, 55.84208 ], [ -4.23006, 55.84252 ], [ -4.23046, 55.8426 ], [ -4.2303, 55.8428 ], [ -4.2309, 55.84349 ], [ -4.23069, 55.84379 ], [ -4.23048, 55.84503 ], [ -4.22938, 55.84488 ], [ -4.22947, 55.84403 ], [ -4.22898, 55.84381 ], [ -4.22849, 55.84381 ], [ -4.22845, 55.84352 ], [ -4.22712, 55.84361 ], [ -4.22708, 55.844 ], [ -4.2267, 55.84403 ], [ -4.22672, 55.84335 ], [ -4.22618, 55.84366 ], [ -4.22511, 55.84365 ], [ -4.22491, 55.84416 ], [ -4.22403, 55.84414 ], [ -4.22404, 55.84511 ], [ -4.2236, 55.84511 ], [ -4.22351, 55.84586 ], [ -4.22372, 55.84635 ], [ -4.22258, 55.84661 ] ] ] ] } },
{ "type": "Feature", "properties": { "LSOA11_CD": "S01010047", "Neighborhood_Name": "Dalmarnock - 02", "uk_imd2019_LSOA": "S01010047", "uk_imd2019_Rank": "32", "uk_imd2019_SOA_pct": "0", "uk_imd2019_SOA_decile": "1" }, "geometry": { "type": "MultiPolygon", "coordinates": [ [ [ [ -4.21966, 55.84442 ], [ -4.22036, 55.84444 ], [ -4.22248, 55.84614 ], [ -4.22214, 55.8463 ], [ -4.22258, 55.84661 ], [ -4.22375, 55.84749 ], [ -4.22326, 55.84762 ], [ -4.22279, 55.84716 ], [ -4.22164, 55.84744 ], [ -4.22076, 55.84776 ], [ -4.22037, 55.84741 ], [ -4.22004, 55.84798 ], [ -4.22049, 55.84828 ], [ -4.2194, 55.84818 ], [ -4.21952, 55.8475 ], [ -4.22019, 55.84726 ], [ -4.21892, 55.84634 ], [ -4.22058, 55.84564 ], [ -4.2193, 55.84462 ], [ -4.21908, 55.84465 ], [ -4.21771, 55.84353 ], [ -4.21829, 55.84336 ], [ -4.21966, 55.84442 ] ] ] ] } },
{ "type": "Feature", "properties": { "LSOA11_CD": "S01010048", "Neighborhood_Name": "Dalmarnock - 03", "uk_imd2019_LSOA": "S01010048", "uk_imd2019_Rank": "427", "uk_imd2019_SOA_pct": "6", "uk_imd2019_SOA_decile": "1" }, "geometry": { "type": "MultiPolygon", "coordinates": [ [ [ [ -4.2066, 55.84331 ], [ -4.20673, 55.84301 ], [ -4.20664, 55.84219 ], [ -4.20613, 55.8416 ], [ -4.20529, 55.84113 ], [ -4.20371, 55.84067 ], [ -4.20311, 55.84019 ], [ -4.20287, 55.83974 ], [ -4.20288, 55.83931 ], [ -4.20331, 55.83864 ], [ -4.20366, 55.83836 ], [ -4.20446, 55.83802 ], [ -4.20609, 55.83773 ], [ -4.20963, 55.83746 ], [ -4.20989, 55.838 ], [ -4.21044, 55.83845 ], [ -4.21277, 55.83989 ], [ -4.21218, 55.84013 ], [ -4.21279, 55.84042 ], [ -4.21295, 55.84081 ], [ -4.21334, 55.84085 ], [ -4.2143, 55.84059 ], [ -4.21535, 55.84114 ], [ -4.21642, 55.84192 ], [ -4.2147, 55.84227 ], [ -4.21547, 55.84289 ], [ -4.21565, 55.84355 ], [ -4.21505, 55.8439 ], [ -4.21468, 55.84366 ], [ -4.21361, 55.84421 ], [ -4.21275, 55.84446 ], [ -4.21257, 55.84437 ], [ -4.21091, 55.84468 ], [ -4.21006, 55.84462 ], [ -4.20888, 55.84399 ], [ -4.20926, 55.84381 ], [ -4.2108, 55.84273 ], [ -4.21102, 55.84247 ], [ -4.20928, 55.84276 ], [ -4.2066, 55.84331 ] ] ] ] } },
{ "type": "Feature", "properties": { "LSOA11_CD": "S01010050", "Neighborhood_Name": "Parkhead West and Barrowfield - 02", "uk_imd2019_LSOA": "S01010050", "uk_imd2019_Rank": "367", "uk_imd2019_SOA_pct": "5", "uk_imd2019_SOA_decile": "1" }, "geometry": { "type": "MultiPolygon", "coordinates": [ [ [ [ -4.19966, 55.84967 ], [ -4.19958, 55.84957 ], [ -4.19761, 55.84882 ], [ -4.19829, 55.8481 ], [ -4.19797, 55.84779 ], [ -4.19852, 55.8473 ], [ -4.19889, 55.84747 ], [ -4.19927, 55.84712 ], [ -4.19997, 55.84738 ], [ -4.20083, 55.84731 ], [ -4.20139, 55.84698 ], [ -4.20038, 55.84635 ], [ -4.20228, 55.84517 ], [ -4.20354, 55.8445 ], [ -4.20415, 55.84459 ], [ -4.20543, 55.84452 ], [ -4.20587, 55.84431 ], [ -4.2066, 55.84331 ], [ -4.20928, 55.84276 ], [ -4.21102, 55.84247 ], [ -4.2108, 55.84273 ], [ -4.20926, 55.84381 ], [ -4.20888, 55.84399 ], [ -4.21006, 55.84462 ], [ -4.21091, 55.84468 ], [ -4.21034, 55.84479 ], [ -4.20769, 55.84628 ], [ -4.20725, 55.84814 ], [ -4.2045, 55.84792 ], [ -4.20454, 55.84813 ], [ -4.20376, 55.84826 ], [ -4.20317, 55.84855 ], [ -4.20259, 55.84905 ], [ -4.20116, 55.84835 ], [ -4.20037, 55.84898 ], [ -4.20077, 55.8491 ], [ -4.20008, 55.84979 ], [ -4.19966, 55.84967 ] ] ] ] } },
{ "type": "Feature", "properties": { "LSOA11_CD": "S01010051", "Neighborhood_Name": "Parkhead West and Barrowfield - 03", "uk_imd2019_LSOA": "S01010051", "uk_imd2019_Rank": "223", "uk_imd2019_SOA_pct": "3", "uk_imd2019_SOA_decile": "1" }, "geometry": { "type": "MultiPolygon", "coordinates": [ [ [ [ -4.19732, 55.85117 ], [ -4.19404, 55.8501 ], [ -4.19386, 55.85038 ], [ -4.19273, 55.85006 ], [ -4.19225, 55.84979 ], [ -4.19254, 55.84958 ], [ -4.19381, 55.85001 ], [ -4.19425, 55.84957 ], [ -4.19342, 55.84932 ], [ -4.19402, 55.84831 ], [ -4.19558, 55.84846 ], [ -4.1957, 55.84801 ], [ -4.19494, 55.84794 ], [ -4.19547, 55.84762 ], [ -4.19767, 55.84644 ], [ -4.19927, 55.84712 ], [ -4.19889, 55.84747 ], [ -4.19852, 55.8473 ], [ -4.19797, 55.84779 ], [ -4.19829, 55.8481 ], [ -4.19761, 55.84882 ], [ -4.19958, 55.84957 ], [ -4.19966, 55.84967 ], [ -4.19793, 55.85137 ], [ -4.19732, 55.85117 ] ] ] ] } },
{ "type": "Feature", "properties": { "LSOA11_CD": "S01010056", "Neighborhood_Name": "Parkhead East and Braidfauld North - 01", "uk_imd2019_LSOA": "S01010056", "uk_imd2019_Rank": "87", "uk_imd2019_SOA_pct": "1", "uk_imd2019_SOA_decile": "1" }, "geometry": { "type": "MultiPolygon", "coordinates": [ [ [ [ -4.18345, 55.85276 ], [ -4.18201, 55.8526 ], [ -4.18235, 55.8518 ], [ -4.18263, 55.85183 ], [ -4.1829, 55.85105 ], [ -4.1823, 55.85098 ], [ -4.18257, 55.85007 ], [ -4.18438, 55.85016 ], [ -4.18405, 55.85119 ], [ -4.18494, 55.85128 ], [ -4.18534, 55.85177 ], [ -4.18576, 55.85148 ], [ -4.18846, 55.85116 ], [ -4.18883, 55.85212 ], [ -4.18766, 55.85231 ], [ -4.18741, 55.85197 ], [ -4.18626, 55.85211 ], [ -4.18587, 55.85279 ], [ -4.18641, 55.85276 ], [ -4.18652, 55.85301 ], [ -4.18813, 55.85316 ], [ -4.18784, 55.85411 ], [ -4.18799, 55.8546 ], [ -4.18354, 55.8547 ], [ -4.18315, 55.85327 ], [ -4.18349, 55.85314 ], [ -4.18345, 55.85276 ] ] ] ] } },
{ "type": "Feature", "properties": { "LSOA11_CD": "S01010052", "Neighborhood_Name": "Parkhead West and Barrowfield - 04", "uk_imd2019_LSOA": "S01010052", "uk_imd2019_Rank": "270", "uk_imd2019_SOA_pct": "4", "uk_imd2019_SOA_decile": "1" }, "geometry": { "type": "MultiPolygon", "coordinates": [ [ [ [ -4.19228, 55.85281 ], [ -4.19222, 55.85228 ], [ -4.19383, 55.85212 ], [ -4.19393, 55.85141 ], [ -4.19317, 55.85119 ], [ -4.1931, 55.85096 ], [ -4.1947, 55.85095 ], [ -4.19647, 55.85106 ], [ -4.19732, 55.85117 ], [ -4.19793, 55.85137 ], [ -4.19966, 55.84967 ], [ -4.20008, 55.84979 ], [ -4.20077, 55.8491 ], [ -4.20037, 55.84898 ], [ -4.20116, 55.84835 ], [ -4.20259, 55.84905 ], [ -4.20333, 55.84939 ], [ -4.20585, 55.8507 ], [ -4.20789, 55.85183 ], [ -4.20953, 55.85252 ], [ -4.20946, 55.85296 ], [ -4.20914, 55.85344 ], [ -4.20974, 55.85365 ], [ -4.21092, 55.85438 ], [ -4.21096, 55.85506 ], [ -4.20902, 55.85533 ], [ -4.20749, 55.85566 ], [ -4.20523, 55.85552 ], [ -4.20461, 55.85533 ], [ -4.20172, 55.85631 ], [ -4.20036, 55.85622 ], [ -4.19935, 55.85563 ], [ -4.19888, 55.85524 ], [ -4.19803, 55.85491 ], [ -4.19755, 55.85453 ], [ -4.19745, 55.85313 ], [ -4.19306, 55.85281 ], [ -4.19228, 55.85281 ] ] ] ] } },
{ "type": "Feature", "properties": { "LSOA11_CD": "S01010053", "Neighborhood_Name": "Parkhead West and Barrowfield - 05", "uk_imd2019_LSOA": "S01010053", "uk_imd2019_Rank": "871", "uk_imd2019_SOA_pct": "12", "uk_imd2019_SOA_decile": "2" }, "geometry": { "type": "MultiPolygon", "coordinates": [ [ [ [ -4.21902, 55.85064 ], [ -4.21856, 55.84974 ], [ -4.21868, 55.84929 ], [ -4.21995, 55.84919 ], [ -4.21963, 55.849 ], [ -4.21616, 55.8488 ], [ -4.21643, 55.84795 ], [ -4.21437, 55.84784 ], [ -4.21485, 55.84604 ], [ -4.21433, 55.84542 ], [ -4.21313, 55.8461 ], [ -4.2146, 55.84624 ], [ -4.21451, 55.84665 ], [ -4.21363, 55.84656 ], [ -4.21332, 55.84673 ], [ -4.21327, 55.84719 ], [ -4.21237, 55.84713 ], [ -4.21225, 55.84768 ], [ -4.2131, 55.84775 ], [ -4.21293, 55.84857 ], [ -4.21185, 55.84848 ], [ -4.21194, 55.848 ], [ -4.21023, 55.84789 ], [ -4.21014, 55.84835 ], [ -4.20725, 55.84814 ], [ -4.20769, 55.84628 ], [ -4.21034, 55.84479 ], [ -4.21091, 55.84468 ], [ -4.21257, 55.84437 ], [ -4.21275, 55.84446 ], [ -4.21361, 55.84421 ], [ -4.21468, 55.84366 ], [ -4.21505, 55.8439 ], [ -4.21565, 55.84355 ], [ -4.21683, 55.84276 ], [ -4.2171, 55.8424 ], [ -4.21949, 55.84267 ], [ -4.22127, 55.84267 ], [ -4.22244, 55.84278 ], [ -4.22143, 55.84357 ], [ -4.22063, 55.84401 ], [ -4.21966, 55.84442 ], [ -4.21829, 55.84336 ], [ -4.21771, 55.84353 ], [ -4.21908, 55.84465 ], [ -4.2193, 55.84462 ], [ -4.22058, 55.84564 ], [ -4.21892, 55.84634 ], [ -4.22019, 55.84726 ], [ -4.21952, 55.8475 ], [ -4.2194, 55.84818 ], [ -4.22049, 55.84828 ], [ -4.2217, 55.84836 ], [ -4.22399, 55.84762 ], [ -4.22434, 55.84787 ], [ -4.22553, 55.84863 ], [ -4.2253, 55.84892 ], [ -4.22614, 55.84909 ], [ -4.22595, 55.84948 ], [ -4.22424, 55.8499 ], [ -4.2244, 55.85016 ], [ -4.22358, 55.85012 ], [ -4.22277, 55.85027 ], [ -4.22268, 55.85072 ], [ -4.22034, 55.85128 ], [ -4.21972, 55.8504 ], [ -4.21902, 55.85064 ] ] ] ] } },
{ "type": "Feature", "properties": { "LSOA11_CD": "S01010054", "Neighborhood_Name": "Parkhead West and Barrowfield - 06", "uk_imd2019_LSOA": "S01010054", "uk_imd2019_Rank": "35", "uk_imd2019_SOA_pct": "1", "uk_imd2019_SOA_decile": "1" }, "geometry": { "type": "MultiPolygon", "coordinates": [ [ [ [ -4.21527, 55.85253 ], [ -4.21546, 55.85137 ], [ -4.21482, 55.8512 ], [ -4.21401, 55.85114 ], [ -4.21373, 55.85132 ], [ -4.21313, 55.85128 ], [ -4.21261, 55.85108 ], [ -4.21122, 55.85081 ], [ -4.21094, 55.8511 ], [ -4.21145, 55.85127 ], [ -4.21032, 55.85216 ], [ -4.20985, 55.85206 ], [ -4.20953, 55.85252 ], [ -4.20789, 55.85183 ], [ -4.20585, 55.8507 ], [ -4.20333, 55.84939 ], [ -4.20259, 55.84905 ], [ -4.20317, 55.84855 ], [ -4.20376, 55.84826 ], [ -4.20454, 55.84813 ], [ -4.2045, 55.84792 ], [ -4.20725, 55.84814 ], [ -4.21014, 55.84835 ], [ -4.21023, 55.84789 ], [ -4.21194, 55.848 ], [ -4.21185, 55.84848 ], [ -4.21293, 55.84857 ], [ -4.2131, 55.84775 ], [ -4.21225, 55.84768 ], [ -4.21237, 55.84713 ], [ -4.21327, 55.84719 ], [ -4.21332, 55.84673 ], [ -4.21363, 55.84656 ], [ -4.21451, 55.84665 ], [ -4.2146, 55.84624 ], [ -4.21313, 55.8461 ], [ -4.21433, 55.84542 ], [ -4.21485, 55.84604 ], [ -4.21437, 55.84784 ], [ -4.21643, 55.84795 ], [ -4.21616, 55.8488 ], [ -4.21963, 55.849 ], [ -4.21995, 55.84919 ], [ -4.21868, 55.84929 ], [ -4.21856, 55.84974 ], [ -4.21902, 55.85064 ], [ -4.21673, 55.85151 ], [ -4.21649, 55.85116 ], [ -4.21606, 55.85116 ], [ -4.21628, 55.85173 ], [ -4.21622, 55.85227 ], [ -4.21571, 55.85254 ], [ -4.21527, 55.85253 ] ] ] ] } },
{ "type": "Feature", "properties": { "LSOA11_CD": "S01010055", "Neighborhood_Name": "Parkhead West and Barrowfield - 07", "uk_imd2019_LSOA": "S01010055", "uk_imd2019_Rank": "80", "uk_imd2019_SOA_pct": "1", "uk_imd2019_SOA_decile": "1" }, "geometry": { "type": "MultiPolygon", "coordinates": [ [ [ [ -4.2233, 55.85508 ], [ -4.22282, 55.85534 ], [ -4.22167, 55.85519 ], [ -4.22185, 55.85469 ], [ -4.21974, 55.85441 ], [ -4.21709, 55.85431 ], [ -4.21699, 55.8545 ], [ -4.21598, 55.85439 ], [ -4.21503, 55.8543 ], [ -4.21519, 55.85366 ], [ -4.21374, 55.85352 ], [ -4.21379, 55.85289 ], [ -4.21524, 55.85267 ], [ -4.21527, 55.85253 ], [ -4.21571, 55.85254 ], [ -4.21622, 55.85227 ], [ -4.21628, 55.85173 ], [ -4.21606, 55.85116 ], [ -4.21649, 55.85116 ], [ -4.21673, 55.85151 ], [ -4.21902, 55.85064 ], [ -4.21972, 55.8504 ], [ -4.22034, 55.85128 ], [ -4.22268, 55.85072 ], [ -4.22277, 55.85027 ], [ -4.22358, 55.85012 ], [ -4.2244, 55.85016 ], [ -4.22424, 55.8499 ], [ -4.22595, 55.84948 ], [ -4.22614, 55.84909 ], [ -4.22748, 55.84935 ], [ -4.22882, 55.8497 ], [ -4.22863, 55.84991 ], [ -4.22922, 55.85006 ], [ -4.22955, 55.85035 ], [ -4.23004, 55.85033 ], [ -4.23107, 55.85063 ], [ -4.23069, 55.85115 ], [ -4.23039, 55.85108 ], [ -4.22968, 55.85201 ], [ -4.22931, 55.85194 ], [ -4.22904, 55.85229 ], [ -4.22932, 55.85251 ], [ -4.22915, 55.85276 ], [ -4.22886, 55.85271 ], [ -4.22831, 55.85353 ], [ -4.22772, 55.85345 ], [ -4.22753, 55.85373 ], [ -4.22702, 55.85381 ], [ -4.22668, 55.85433 ], [ -4.22675, 55.85475 ], [ -4.2261, 55.85464 ], [ -4.22593, 55.85496 ], [ -4.2265, 55.85508 ], [ -4.22631, 55.85533 ], [ -4.2257, 55.85555 ], [ -4.22488, 55.85561 ], [ -4.22397, 55.85549 ], [ -4.22375, 55.85521 ], [ -4.2233, 55.85508 ] ] ] ] } },
{ "type": "Feature", "properties": { "LSOA11_CD": "S01010057", "Neighborhood_Name": "Parkhead East and Braidfauld North - 02", "uk_imd2019_LSOA": "S01010057", "uk_imd2019_Rank": "846", "uk_imd2019_SOA_pct": "12", "uk_imd2019_SOA_decile": "2" }, "geometry": { "type": "MultiPolygon", "coordinates": [ [ [ [ -4.18438, 55.85016 ], [ -4.1849, 55.84927 ], [ -4.18539, 55.84945 ], [ -4.18681, 55.84973 ], [ -4.18813, 55.84974 ], [ -4.18967, 55.84914 ], [ -4.19078, 55.84917 ], [ -4.1908, 55.84975 ], [ -4.19037, 55.84974 ], [ -4.19041, 55.85069 ], [ -4.19093, 55.85075 ], [ -4.19094, 55.85143 ], [ -4.19115, 55.85187 ], [ -4.18916, 55.85209 ], [ -4.18883, 55.85212 ], [ -4.18846, 55.85116 ], [ -4.18576, 55.85148 ], [ -4.18534, 55.85177 ], [ -4.18494, 55.85128 ], [ -4.18405, 55.85119 ], [ -4.18438, 55.85016 ] ] ] ] } },
{ "type": "Feature", "properties": { "LSOA11_CD": "S01010058", "Neighborhood_Name": "Parkhead East and Braidfauld North - 03", "uk_imd2019_LSOA": "S01010058", "uk_imd2019_Rank": "534", "uk_imd2019_SOA_pct": "8", "uk_imd2019_SOA_decile": "1" }, "geometry": { "type": "MultiPolygon", "coordinates": [ [ [ [ -4.18746, 55.84732 ], [ -4.18665, 55.847 ], [ -4.18551, 55.84694 ], [ -4.18468, 55.84639 ], [ -4.18546, 55.84597 ], [ -4.18646, 55.84638 ], [ -4.18696, 55.84598 ], [ -4.18741, 55.84614 ], [ -4.1878, 55.84574 ], [ -4.18863, 55.84476 ], [ -4.19041, 55.84523 ], [ -4.19149, 55.8454 ], [ -4.19141, 55.84569 ], [ -4.19083, 55.84625 ], [ -4.19102, 55.84661 ], [ -4.18955, 55.84622 ], [ -4.18908, 55.84682 ], [ -4.19034, 55.84713 ], [ -4.19054, 55.84688 ], [ -4.19129, 55.84696 ], [ -4.1909, 55.84748 ], [ -4.19007, 55.84737 ], [ -4.18951, 55.8478 ], [ -4.19048, 55.84815 ], [ -4.19033, 55.84844 ], [ -4.18746, 55.84732 ] ] ] ] } },
{ "type": "Feature", "properties": { "LSOA11_CD": "S01010059", "Neighborhood_Name": "Parkhead East and Braidfauld North - 04", "uk_imd2019_LSOA": "S01010059", "uk_imd2019_Rank": "1594", "uk_imd2019_SOA_pct": "23", "uk_imd2019_SOA_decile": "3" }, "geometry": { "type": "MultiPolygon", "coordinates": [ [ [ [ -4.17991, 55.85144 ], [ -4.1785, 55.85131 ], [ -4.17764, 55.85133 ], [ -4.17801, 55.8505 ], [ -4.17815, 55.84957 ], [ -4.17612, 55.8493 ], [ -4.17649, 55.84858 ], [ -4.1756, 55.84847 ], [ -4.17574, 55.84814 ], [ -4.175, 55.84803 ], [ -4.17532, 55.84712 ], [ -4.17631, 55.8472 ], [ -4.17674, 55.8469 ], [ -4.17671, 55.84657 ], [ -4.17554, 55.8466 ], [ -4.17576, 55.84551 ], [ -4.17605, 55.84413 ], [ -4.17625, 55.84418 ], [ -4.17881, 55.84408 ], [ -4.18041, 55.84416 ], [ -4.18138, 55.84413 ], [ -4.18192, 55.84369 ], [ -4.18293, 55.84256 ], [ -4.18362, 55.84286 ], [ -4.18483, 55.84317 ], [ -4.18563, 55.84343 ], [ -4.18658, 55.84363 ], [ -4.18633, 55.84392 ], [ -4.1876, 55.84429 ], [ -4.18787, 55.84401 ], [ -4.1885, 55.84417 ], [ -4.18732, 55.84561 ], [ -4.1878, 55.84574 ], [ -4.18741, 55.84614 ], [ -4.18696, 55.84598 ], [ -4.18646, 55.84638 ], [ -4.18546, 55.84597 ], [ -4.18468, 55.84639 ], [ -4.18551, 55.84694 ], [ -4.18665, 55.847 ], [ -4.18746, 55.84732 ], [ -4.18711, 55.8476 ], [ -4.18634, 55.8473 ], [ -4.18553, 55.84802 ], [ -4.18507, 55.84877 ], [ -4.1849, 55.84927 ], [ -4.18438, 55.85016 ], [ -4.18257, 55.85007 ], [ -4.1823, 55.85098 ], [ -4.18217, 55.85152 ], [ -4.18065, 55.85141 ], [ -4.17991, 55.85144 ] ] ] ] } },
{ "type": "Feature", "properties": { "LSOA11_CD": "S01010061", "Neighborhood_Name": "Braidfauld - 01", "uk_imd2019_LSOA": "S01010061", "uk_imd2019_Rank": "2297", "uk_imd2019_SOA_pct": "33", "uk_imd2019_SOA_decile": "4" }, "geometry": { "type": "MultiPolygon", "coordinates": [ [ [ [ -4.16565, 55.84279 ], [ -4.16619, 55.84258 ], [ -4.16709, 55.84268 ], [ -4.1675, 55.84104 ], [ -4.16768, 55.83946 ], [ -4.16827, 55.83951 ], [ -4.16816, 55.83977 ], [ -4.16978, 55.84003 ], [ -4.17008, 55.83945 ], [ -4.17063, 55.83952 ], [ -4.17014, 55.84029 ], [ -4.16924, 55.84209 ], [ -4.16959, 55.84254 ], [ -4.16942, 55.84285 ], [ -4.16978, 55.84302 ], [ -4.17092, 55.84323 ], [ -4.17073, 55.84343 ], [ -4.17003, 55.84352 ], [ -4.16973, 55.84414 ], [ -4.16636, 55.84395 ], [ -4.16727, 55.84526 ], [ -4.16739, 55.84573 ], [ -4.16677, 55.84578 ], [ -4.16627, 55.84544 ], [ -4.16544, 55.84538 ], [ -4.16545, 55.84509 ], [ -4.16515, 55.84475 ], [ -4.16592, 55.84436 ], [ -4.16539, 55.84417 ], [ -4.16549, 55.84395 ], [ -4.16517, 55.84364 ], [ -4.16395, 55.84359 ], [ -4.16383, 55.84317 ], [ -4.16453, 55.84308 ], [ -4.16583, 55.84324 ], [ -4.16565, 55.84279 ] ] ] ] } },
{ "type": "Feature", "properties": { "LSOA11_CD": "S01010062", "Neighborhood_Name": "Braidfauld - 02", "uk_imd2019_LSOA": "S01010062", "uk_imd2019_Rank": "615", "uk_imd2019_SOA_pct": "9", "uk_imd2019_SOA_decile": "1" }, "geometry": { "type": "MultiPolygon", "coordinates": [ [ [ [ -4.16739, 55.84573 ], [ -4.16727, 55.84526 ], [ -4.16636, 55.84395 ], [ -4.16973, 55.84414 ], [ -4.17003, 55.84352 ], [ -4.17073, 55.84343 ], [ -4.17103, 55.84364 ], [ -4.17168, 55.84358 ], [ -4.17213, 55.84387 ], [ -4.17353, 55.84409 ], [ -4.17371, 55.84373 ], [ -4.17494, 55.84395 ], [ -4.17462, 55.84419 ], [ -4.17419, 55.84412 ], [ -4.17361, 55.84562 ], [ -4.17426, 55.84575 ], [ -4.17416, 55.84603 ], [ -4.17411, 55.84626 ], [ -4.17324, 55.84631 ], [ -4.17313, 55.84702 ], [ -4.17223, 55.84688 ], [ -4.17195, 55.84733 ], [ -4.17239, 55.84745 ], [ -4.17195, 55.84809 ], [ -4.17135, 55.84823 ], [ -4.17104, 55.84782 ], [ -4.1705, 55.84785 ], [ -4.17028, 55.84759 ], [ -4.17062, 55.8473 ], [ -4.16982, 55.84684 ], [ -4.16788, 55.84686 ], [ -4.16732, 55.84616 ], [ -4.16786, 55.84586 ], [ -4.16739, 55.84573 ] ] ] ] } },
{ "type": "Feature", "properties": { "LSOA11_CD": "S01010063", "Neighborhood_Name": "Braidfauld - 03", "uk_imd2019_LSOA": "S01010063", "uk_imd2019_Rank": "196", "uk_imd2019_SOA_pct": "3", "uk_imd2019_SOA_decile": "1" }, "geometry": { "type": "MultiPolygon", "coordinates": [ [ [ [ -4.17416, 55.84603 ], [ -4.17426, 55.84575 ], [ -4.17361, 55.84562 ], [ -4.17419, 55.84412 ], [ -4.17462, 55.84419 ], [ -4.17494, 55.84395 ], [ -4.17371, 55.84373 ], [ -4.17353, 55.84409 ], [ -4.17213, 55.84387 ], [ -4.17168, 55.84358 ], [ -4.17103, 55.84364 ], [ -4.17073, 55.84343 ], [ -4.17092, 55.84323 ], [ -4.16978, 55.84302 ], [ -4.16942, 55.84285 ], [ -4.16959, 55.84254 ], [ -4.16924, 55.84209 ], [ -4.17014, 55.84029 ], [ -4.17063, 55.83952 ], [ -4.17147, 55.83967 ], [ -4.17416, 55.84133 ], [ -4.17503, 55.84184 ], [ -4.17481, 55.84216 ], [ -4.17529, 55.84243 ], [ -4.17485, 55.84268 ], [ -4.17602, 55.84328 ], [ -4.17635, 55.84288 ], [ -4.17688, 55.84292 ], [ -4.17879, 55.84368 ], [ -4.17881, 55.84408 ], [ -4.17625, 55.84418 ], [ -4.17605, 55.84413 ], [ -4.17576, 55.84551 ], [ -4.17508, 55.84546 ], [ -4.17531, 55.84603 ], [ -4.17499, 55.84618 ], [ -4.17416, 55.84603 ] ] ] ] } },
{ "type": "Feature", "properties": { "LSOA11_CD": "S01010064", "Neighborhood_Name": "Braidfauld - 04", "uk_imd2019_LSOA": "S01010064", "uk_imd2019_Rank": "1762", "uk_imd2019_SOA_pct": "25", "uk_imd2019_SOA_decile": "3" }, "geometry": { "type": "MultiPolygon", "coordinates": [ [ [ [ -4.17881, 55.84408 ], [ -4.17879, 55.84368 ], [ -4.17688, 55.84292 ], [ -4.17635, 55.84288 ], [ -4.17602, 55.84328 ], [ -4.17485, 55.84268 ], [ -4.17529, 55.84243 ], [ -4.17481, 55.84216 ], [ -4.17503, 55.84184 ], [ -4.17416, 55.84133 ], [ -4.17481, 55.84091 ], [ -4.17377, 55.84038 ], [ -4.17477, 55.84034 ], [ -4.17621, 55.83998 ], [ -4.17671, 55.83956 ], [ -4.17733, 55.83974 ], [ -4.17711, 55.84015 ], [ -4.17739, 55.84037 ], [ -4.17701, 55.84061 ], [ -4.1774, 55.84087 ], [ -4.17658, 55.84134 ], [ -4.17734, 55.84176 ], [ -4.17782, 55.84148 ], [ -4.17835, 55.84176 ], [ -4.17837, 55.8423 ], [ -4.18028, 55.84329 ], [ -4.18293, 55.84256 ], [ -4.18192, 55.84369 ], [ -4.18138, 55.84413 ], [ -4.18041, 55.84416 ], [ -4.17881, 55.84408 ] ] ] ] } },
{ "type": "Feature", "properties": { "LSOA11_CD": "S01010065", "Neighborhood_Name": "Braidfauld - 05", "uk_imd2019_LSOA": "S01010065", "uk_imd2019_Rank": "313", "uk_imd2019_SOA_pct": "4", "uk_imd2019_SOA_decile": "1" }, "geometry": { "type": "MultiPolygon", "coordinates": [ [ [ [ -4.17671, 55.83956 ], [ -4.17744, 55.83895 ], [ -4.18065, 55.83563 ], [ -4.18088, 55.83571 ], [ -4.18611, 55.83676 ], [ -4.18724, 55.83668 ], [ -4.18832, 55.83631 ], [ -4.18977, 55.83561 ], [ -4.19029, 55.83602 ], [ -4.19038, 55.83664 ], [ -4.18892, 55.83696 ], [ -4.18837, 55.83756 ], [ -4.18826, 55.83824 ], [ -4.18677, 55.84013 ], [ -4.18585, 55.84043 ], [ -4.18462, 55.84139 ], [ -4.18417, 55.84154 ], [ -4.18376, 55.84198 ], [ -4.18318, 55.84189 ], [ -4.18248, 55.84221 ], [ -4.18293, 55.84256 ], [ -4.18028, 55.84329 ], [ -4.17837, 55.8423 ], [ -4.17835, 55.84176 ], [ -4.17782, 55.84148 ], [ -4.17734, 55.84176 ], [ -4.17658, 55.84134 ], [ -4.1774, 55.84087 ], [ -4.17701, 55.84061 ], [ -4.17739, 55.84037 ], [ -4.17711, 55.84015 ], [ -4.17733, 55.83974 ], [ -4.17671, 55.83956 ] ] ] ] } },
{ "type": "Feature", "properties": { "LSOA11_CD": "S01010067", "Neighborhood_Name": "Braidfauld - 07", "uk_imd2019_LSOA": "S01010067", "uk_imd2019_Rank": "154", "uk_imd2019_SOA_pct": "2", "uk_imd2019_SOA_decile": "1" }, "geometry": { "type": "MultiPolygon", "coordinates": [ [ [ [ -4.19102, 55.84661 ], [ -4.19083, 55.84625 ], [ -4.19141, 55.84569 ], [ -4.19149, 55.8454 ], [ -4.19215, 55.8448 ], [ -4.19109, 55.84433 ], [ -4.19118, 55.84402 ], [ -4.1898, 55.84336 ], [ -4.19013, 55.84301 ], [ -4.18943, 55.84277 ], [ -4.18915, 55.84245 ], [ -4.18618, 55.84155 ], [ -4.18545, 55.84182 ], [ -4.18497, 55.84235 ], [ -4.18537, 55.84245 ], [ -4.18483, 55.84317 ], [ -4.18362, 55.84286 ], [ -4.18293, 55.84256 ], [ -4.18248, 55.84221 ], [ -4.18318, 55.84189 ], [ -4.18376, 55.84198 ], [ -4.18417, 55.84154 ], [ -4.18462, 55.84139 ], [ -4.18585, 55.84043 ], [ -4.18677, 55.84013 ], [ -4.18826, 55.83824 ], [ -4.18837, 55.83756 ], [ -4.18892, 55.83696 ], [ -4.19038, 55.83664 ], [ -4.19029, 55.83602 ], [ -4.18977, 55.83561 ], [ -4.19084, 55.83503 ], [ -4.19111, 55.83433 ], [ -4.19084, 55.83316 ], [ -4.19117, 55.83239 ], [ -4.19183, 55.83215 ], [ -4.19302, 55.83173 ], [ -4.1936, 55.83163 ], [ -4.19424, 55.83169 ], [ -4.19685, 55.83272 ], [ -4.19827, 55.83335 ], [ -4.19828, 55.83362 ], [ -4.19899, 55.83412 ], [ -4.19911, 55.83455 ], [ -4.19894, 55.83517 ], [ -4.19839, 55.8357 ], [ -4.19758, 55.83617 ], [ -4.19523, 55.83729 ], [ -4.19479, 55.83762 ], [ -4.19453, 55.83827 ], [ -4.19474, 55.83891 ], [ -4.1952, 55.83935 ], [ -4.19615, 55.84003 ], [ -4.19728, 55.84068 ], [ -4.20005, 55.84245 ], [ -4.1965, 55.8442 ], [ -4.19432, 55.84492 ], [ -4.19606, 55.84568 ], [ -4.1923, 55.84699 ], [ -4.19102, 55.84661 ] ] ] ] } },
{ "type": "Feature", "properties": { "LSOA11_CD": "S01010068", "Neighborhood_Name": "Braidfauld - 08", "uk_imd2019_LSOA": "S01010068", "uk_imd2019_Rank": "2252", "uk_imd2019_SOA_pct": "32", "uk_imd2019_SOA_decile": "4" }, "geometry": { "type": "MultiPolygon", "coordinates": [ [ [ [ -4.19402, 55.84831 ], [ -4.1915, 55.84774 ], [ -4.1909, 55.84748 ], [ -4.19129, 55.84696 ], [ -4.19054, 55.84688 ], [ -4.19034, 55.84713 ], [ -4.18908, 55.84682 ], [ -4.18955, 55.84622 ], [ -4.19102, 55.84661 ], [ -4.1923, 55.84699 ], [ -4.19606, 55.84568 ], [ -4.19432, 55.84492 ], [ -4.1965, 55.8442 ], [ -4.20005, 55.84245 ], [ -4.20111, 55.84317 ], [ -4.20202, 55.84391 ], [ -4.20263, 55.84428 ], [ -4.20354, 55.8445 ], [ -4.20228, 55.84517 ], [ -4.20038, 55.84635 ], [ -4.20139, 55.84698 ], [ -4.20083, 55.84731 ], [ -4.19997, 55.84738 ], [ -4.19927, 55.84712 ], [ -4.19767, 55.84644 ], [ -4.19547, 55.84762 ], [ -4.19494, 55.84794 ], [ -4.1957, 55.84801 ], [ -4.19558, 55.84846 ], [ -4.19402, 55.84831 ] ] ] ] } },
{ "type": "Feature", "properties": { "LSOA11_CD": "S01010069", "Neighborhood_Name": "Shettleston South - 01", "uk_imd2019_LSOA": "S01010069", "uk_imd2019_Rank": "3350", "uk_imd2019_SOA_pct": "48", "uk_imd2019_SOA_decile": "5" }, "geometry": { "type": "MultiPolygon", "coordinates": [ [ [ [ -4.16565, 55.84279 ], [ -4.16552, 55.84254 ], [ -4.16407, 55.84236 ], [ -4.162, 55.84187 ], [ -4.16153, 55.84174 ], [ -4.16152, 55.84119 ], [ -4.16066, 55.841 ], [ -4.16041, 55.83994 ], [ -4.16024, 55.83864 ], [ -4.16103, 55.83859 ], [ -4.16084, 55.83764 ], [ -4.16169, 55.8376 ], [ -4.1625, 55.83788 ], [ -4.16344, 55.8379 ], [ -4.16379, 55.83807 ], [ -4.16374, 55.83836 ], [ -4.16473, 55.8383 ], [ -4.16474, 55.83811 ], [ -4.16543, 55.83804 ], [ -4.16569, 55.83819 ], [ -4.1656, 55.83932 ], [ -4.16769, 55.83938 ], [ -4.16772, 55.83904 ], [ -4.17008, 55.83945 ], [ -4.16978, 55.84003 ], [ -4.16816, 55.83977 ], [ -4.16827, 55.83951 ], [ -4.16768, 55.83946 ], [ -4.1675, 55.84104 ], [ -4.16709, 55.84268 ], [ -4.16619, 55.84258 ], [ -4.16565, 55.84279 ] ] ] ] } },
{ "type": "Feature", "properties": { "LSOA11_CD": "S01010070", "Neighborhood_Name": "Shettleston South - 02", "uk_imd2019_LSOA": "S01010070", "uk_imd2019_Rank": "4803", "uk_imd2019_SOA_pct": "69", "uk_imd2019_SOA_decile": "7" }, "geometry": { "type": "MultiPolygon", "coordinates": [ [ [ [ -4.16169, 55.8376 ], [ -4.16147, 55.83677 ], [ -4.16124, 55.83645 ], [ -4.16192, 55.83633 ], [ -4.16177, 55.83595 ], [ -4.16561, 55.83551 ], [ -4.16594, 55.83554 ], [ -4.16735, 55.83618 ], [ -4.16708, 55.83646 ], [ -4.16926, 55.83773 ], [ -4.16789, 55.83873 ], [ -4.16772, 55.83904 ], [ -4.16769, 55.83938 ], [ -4.1656, 55.83932 ], [ -4.16569, 55.83819 ], [ -4.16543, 55.83804 ], [ -4.16474, 55.83811 ], [ -4.16473, 55.8383 ], [ -4.16374, 55.83836 ], [ -4.16379, 55.83807 ], [ -4.16344, 55.8379 ], [ -4.1625, 55.83788 ], [ -4.16169, 55.8376 ] ] ] ] } },
{ "type": "Feature", "properties": { "LSOA11_CD": "S01010082", "Neighborhood_Name": "Mount Vernon North and Sandyhills - 05", "uk_imd2019_LSOA": "S01010082", "uk_imd2019_Rank": "3573", "uk_imd2019_SOA_pct": "51", "uk_imd2019_SOA_decile": "6" }, "geometry": { "type": "MultiPolygon", "coordinates": [ [ [ [ -4.14115, 55.84238 ], [ -4.14092, 55.8419 ], [ -4.1402, 55.84124 ], [ -4.13937, 55.84138 ], [ -4.13853, 55.84134 ], [ -4.13623, 55.84142 ], [ -4.1346, 55.84143 ], [ -4.1345, 55.84162 ], [ -4.13412, 55.84148 ], [ -4.13395, 55.841 ], [ -4.13337, 55.84054 ], [ -4.13227, 55.84051 ], [ -4.13422, 55.83999 ], [ -4.13553, 55.84027 ], [ -4.13661, 55.84027 ], [ -4.13984, 55.83981 ], [ -4.13966, 55.83949 ], [ -4.141, 55.83926 ], [ -4.14126, 55.83911 ], [ -4.14389, 55.83866 ], [ -4.14421, 55.83921 ], [ -4.14488, 55.83913 ], [ -4.14441, 55.83857 ], [ -4.14588, 55.83831 ], [ -4.14635, 55.83879 ], [ -4.1467, 55.8385 ], [ -4.14731, 55.83844 ], [ -4.14754, 55.83865 ], [ -4.14789, 55.83949 ], [ -4.14953, 55.83938 ], [ -4.14951, 55.83989 ], [ -4.14757, 55.83994 ], [ -4.14739, 55.84016 ], [ -4.146, 55.84021 ], [ -4.14556, 55.84112 ], [ -4.14528, 55.84131 ], [ -4.14413, 55.84186 ], [ -4.14435, 55.84206 ], [ -4.14423, 55.84256 ], [ -4.14467, 55.84303 ], [ -4.14381, 55.84341 ], [ -4.14322, 55.84283 ], [ -4.1426, 55.84284 ], [ -4.14245, 55.84222 ], [ -4.14223, 55.84202 ], [ -4.14115, 55.84238 ] ] ] ] } },
{ "type": "Feature", "properties": { "LSOA11_CD": "S01010071", "Neighborhood_Name": "Shettleston South - 03", "uk_imd2019_LSOA": "S01010071", "uk_imd2019_Rank": "2378", "uk_imd2019_SOA_pct": "34", "uk_imd2019_SOA_decile": "4" }, "geometry": { "type": "MultiPolygon", "coordinates": [ [ [ [ -4.17063, 55.83952 ], [ -4.17008, 55.83945 ], [ -4.16772, 55.83904 ], [ -4.16789, 55.83873 ], [ -4.16926, 55.83773 ], [ -4.16708, 55.83646 ], [ -4.16735, 55.83618 ], [ -4.16594, 55.83554 ], [ -4.16561, 55.83551 ], [ -4.16177, 55.83595 ], [ -4.16032, 55.83614 ], [ -4.1599, 55.8353 ], [ -4.15942, 55.83444 ], [ -4.15916, 55.83329 ], [ -4.15965, 55.83321 ], [ -4.15947, 55.83252 ], [ -4.16168, 55.83177 ], [ -4.16102, 55.83111 ], [ -4.15904, 55.83174 ], [ -4.15895, 55.83211 ], [ -4.1581, 55.83211 ], [ -4.15821, 55.83177 ], [ -4.15753, 55.83117 ], [ -4.15705, 55.83066 ], [ -4.1562, 55.83024 ], [ -4.15665, 55.83 ], [ -4.15726, 55.82992 ], [ -4.15624, 55.82948 ], [ -4.15498, 55.82871 ], [ -4.154, 55.82871 ], [ -4.15347, 55.82804 ], [ -4.1554, 55.82787 ], [ -4.15668, 55.82782 ], [ -4.15845, 55.82761 ], [ -4.16072, 55.82712 ], [ -4.16426, 55.82596 ], [ -4.16454, 55.82581 ], [ -4.16716, 55.82493 ], [ -4.16822, 55.82454 ], [ -4.1695, 55.82377 ], [ -4.17119, 55.82321 ], [ -4.17247, 55.82292 ], [ -4.17387, 55.82309 ], [ -4.17454, 55.8233 ], [ -4.17532, 55.82378 ], [ -4.1758, 55.82428 ], [ -4.17611, 55.82482 ], [ -4.17639, 55.82576 ], [ -4.17696, 55.82691 ], [ -4.17741, 55.82805 ], [ -4.17787, 55.82877 ], [ -4.17815, 55.82901 ], [ -4.1788, 55.83014 ], [ -4.17893, 55.8307 ], [ -4.17896, 55.833 ], [ -4.17917, 55.83419 ], [ -4.17933, 55.83467 ], [ -4.17974, 55.83512 ], [ -4.18065, 55.83563 ], [ -4.17744, 55.83895 ], [ -4.17671, 55.83956 ], [ -4.17621, 55.83998 ], [ -4.17477, 55.84034 ], [ -4.17377, 55.84038 ], [ -4.17481, 55.84091 ], [ -4.17416, 55.84133 ], [ -4.17147, 55.83967 ], [ -4.17063, 55.83952 ] ] ] ] } },
{ "type": "Feature", "properties": { "LSOA11_CD": "S01010096", "Neighborhood_Name": "Garrowhill West - 03", "uk_imd2019_LSOA": "S01010096", "uk_imd2019_Rank": "4050", "uk_imd2019_SOA_pct": "58", "uk_imd2019_SOA_decile": "6" }, "geometry": { "type": "MultiPolygon", "coordinates": [ [ [ [ -4.12105, 55.85655 ], [ -4.12168, 55.85573 ], [ -4.12216, 55.85531 ], [ -4.12264, 55.85511 ], [ -4.12467, 55.85482 ], [ -4.12429, 55.85453 ], [ -4.1251, 55.85436 ], [ -4.1251, 55.85408 ], [ -4.12578, 55.85399 ], [ -4.12589, 55.85369 ], [ -4.1279, 55.85299 ], [ -4.12767, 55.8526 ], [ -4.12753, 55.85234 ], [ -4.12813, 55.85222 ], [ -4.12869, 55.85237 ], [ -4.12844, 55.85288 ], [ -4.12908, 55.85301 ], [ -4.12976, 55.85321 ], [ -4.12949, 55.85379 ], [ -4.13022, 55.85398 ], [ -4.12999, 55.85476 ], [ -4.12974, 55.85503 ], [ -4.12865, 55.85559 ], [ -4.12639, 55.85678 ], [ -4.12491, 55.85745 ], [ -4.12105, 55.85655 ] ] ] ] } },
{ "type": "Feature", "properties": { "LSOA11_CD": "S01010072", "Neighborhood_Name": "Shettleston South - 04", "uk_imd2019_LSOA": "S01010072", "uk_imd2019_Rank": "2074", "uk_imd2019_SOA_pct": "30", "uk_imd2019_SOA_decile": "3" }, "geometry": { "type": "MultiPolygon", "coordinates": [ [ [ [ -4.16263, 55.84798 ], [ -4.16245, 55.84739 ], [ -4.16192, 55.84734 ], [ -4.16192, 55.84697 ], [ -4.16252, 55.84695 ], [ -4.16265, 55.84635 ], [ -4.16327, 55.84633 ], [ -4.16387, 55.84649 ], [ -4.16437, 55.8463 ], [ -4.16433, 55.84593 ], [ -4.16318, 55.84552 ], [ -4.16245, 55.84558 ], [ -4.16176, 55.84587 ], [ -4.16144, 55.84638 ], [ -4.1606, 55.84636 ], [ -4.15987, 55.84668 ], [ -4.15997, 55.84623 ], [ -4.16035, 55.8457 ], [ -4.16173, 55.84479 ], [ -4.16199, 55.84378 ], [ -4.16201, 55.84343 ], [ -4.16176, 55.84213 ], [ -4.162, 55.84187 ], [ -4.16407, 55.84236 ], [ -4.16552, 55.84254 ], [ -4.16565, 55.84279 ], [ -4.16583, 55.84324 ], [ -4.16453, 55.84308 ], [ -4.16383, 55.84317 ], [ -4.16395, 55.84359 ], [ -4.16517, 55.84364 ], [ -4.16549, 55.84395 ], [ -4.16539, 55.84417 ], [ -4.16592, 55.84436 ], [ -4.16515, 55.84475 ], [ -4.16545, 55.84509 ], [ -4.16544, 55.84538 ], [ -4.16627, 55.84544 ], [ -4.16677, 55.84578 ], [ -4.16646, 55.84767 ], [ -4.16555, 55.84768 ], [ -4.16458, 55.84801 ], [ -4.16352, 55.84824 ], [ -4.16263, 55.84798 ] ] ] ] } },
{ "type": "Feature", "properties": { "LSOA11_CD": "S01010073", "Neighborhood_Name": "Shettleston South - 05", "uk_imd2019_LSOA": "S01010073", "uk_imd2019_Rank": "3779", "uk_imd2019_SOA_pct": "54", "uk_imd2019_SOA_decile": "6" }, "geometry": { "type": "MultiPolygon", "coordinates": [ [ [ [ -4.15595, 55.84647 ], [ -4.15541, 55.84524 ], [ -4.15759, 55.84468 ], [ -4.16199, 55.84378 ], [ -4.16173, 55.84479 ], [ -4.16035, 55.8457 ], [ -4.15997, 55.84623 ], [ -4.15987, 55.84668 ], [ -4.1606, 55.84636 ], [ -4.16144, 55.84638 ], [ -4.16176, 55.84587 ], [ -4.16245, 55.84558 ], [ -4.16318, 55.84552 ], [ -4.16433, 55.84593 ], [ -4.16437, 55.8463 ], [ -4.16387, 55.84649 ], [ -4.16327, 55.84633 ], [ -4.16265, 55.84635 ], [ -4.16252, 55.84695 ], [ -4.16192, 55.84697 ], [ -4.16192, 55.84734 ], [ -4.16245, 55.84739 ], [ -4.16263, 55.84798 ], [ -4.16068, 55.84793 ], [ -4.16005, 55.84759 ], [ -4.15935, 55.84794 ], [ -4.15793, 55.848 ], [ -4.15717, 55.84814 ], [ -4.15658, 55.84815 ], [ -4.1566, 55.84769 ], [ -4.15595, 55.84647 ] ] ] ] } },
{ "type": "Feature", "properties": { "LSOA11_CD": "S01010074", "Neighborhood_Name": "Carmyle and Mount Vernon South - 01", "uk_imd2019_LSOA": "S01010074", "uk_imd2019_Rank": "3574", "uk_imd2019_SOA_pct": "51", "uk_imd2019_SOA_decile": "6" }, "geometry": { "type": "MultiPolygon", "coordinates": [ [ [ [ -4.14528, 55.84131 ], [ -4.14556, 55.84112 ], [ -4.146, 55.84021 ], [ -4.14739, 55.84016 ], [ -4.14757, 55.83994 ], [ -4.14951, 55.83989 ], [ -4.14953, 55.83938 ], [ -4.14789, 55.83949 ], [ -4.14754, 55.83865 ], [ -4.14731, 55.83844 ], [ -4.1467, 55.8385 ], [ -4.14635, 55.83879 ], [ -4.14588, 55.83831 ], [ -4.14441, 55.83857 ], [ -4.14488, 55.83913 ], [ -4.14421, 55.83921 ], [ -4.14389, 55.83866 ], [ -4.14126, 55.83911 ], [ -4.141, 55.83926 ], [ -4.13966, 55.83949 ], [ -4.13984, 55.83981 ], [ -4.13661, 55.84027 ], [ -4.13553, 55.84027 ], [ -4.13422, 55.83999 ], [ -4.13793, 55.83911 ], [ -4.13774, 55.83881 ], [ -4.1386, 55.83835 ], [ -4.13902, 55.83885 ], [ -4.15431, 55.83515 ], [ -4.15494, 55.83499 ], [ -4.15444, 55.83569 ], [ -4.15908, 55.8354 ], [ -4.1599, 55.8353 ], [ -4.16032, 55.83614 ], [ -4.16177, 55.83595 ], [ -4.16192, 55.83633 ], [ -4.16124, 55.83645 ], [ -4.16147, 55.83677 ], [ -4.16169, 55.8376 ], [ -4.16084, 55.83764 ], [ -4.16103, 55.83859 ], [ -4.16024, 55.83864 ], [ -4.16041, 55.83994 ], [ -4.16066, 55.841 ], [ -4.16152, 55.84119 ], [ -4.16153, 55.84174 ], [ -4.162, 55.84187 ], [ -4.16176, 55.84213 ], [ -4.16201, 55.84343 ], [ -4.16199, 55.84378 ], [ -4.15759, 55.84468 ], [ -4.15541, 55.84524 ], [ -4.15403, 55.84538 ], [ -4.15262, 55.84215 ], [ -4.14884, 55.84212 ], [ -4.14772, 55.84414 ], [ -4.14883, 55.84516 ], [ -4.14787, 55.84553 ], [ -4.14746, 55.84524 ], [ -4.14685, 55.8452 ], [ -4.14642, 55.84555 ], [ -4.14584, 55.84541 ], [ -4.14549, 55.84552 ], [ -4.14509, 55.84521 ], [ -4.1455, 55.84496 ], [ -4.14492, 55.84442 ], [ -4.14596, 55.84411 ], [ -4.14615, 55.84375 ], [ -4.14663, 55.84374 ], [ -4.14666, 55.84405 ], [ -4.14717, 55.84407 ], [ -4.14742, 55.84338 ], [ -4.14725, 55.84283 ], [ -4.14681, 55.84215 ], [ -4.14632, 55.84223 ], [ -4.14584, 55.84157 ], [ -4.14528, 55.84131 ] ] ] ] } },
{ "type": "Feature", "properties": { "LSOA11_CD": "S01010075", "Neighborhood_Name": "Carmyle and Mount Vernon South - 02", "uk_imd2019_LSOA": "S01010075", "uk_imd2019_Rank": "2056", "uk_imd2019_SOA_pct": "29", "uk_imd2019_SOA_decile": "3" }, "geometry": { "type": "MultiPolygon", "coordinates": [ [ [ [ -4.14785, 55.82816 ], [ -4.14879, 55.82826 ], [ -4.15045, 55.82822 ], [ -4.15142, 55.82813 ], [ -4.15347, 55.82804 ], [ -4.154, 55.82871 ], [ -4.15406, 55.82913 ], [ -4.1523, 55.82959 ], [ -4.15192, 55.82917 ], [ -4.15106, 55.82954 ], [ -4.15157, 55.83002 ], [ -4.15227, 55.83018 ], [ -4.15209, 55.83052 ], [ -4.15303, 55.83138 ], [ -4.15251, 55.83141 ], [ -4.15238, 55.83189 ], [ -4.15189, 55.83208 ], [ -4.15174, 55.83251 ], [ -4.15124, 55.83274 ], [ -4.1511, 55.83312 ], [ -4.1517, 55.83346 ], [ -4.14884, 55.83342 ], [ -4.1488, 55.83186 ], [ -4.1487, 55.83087 ], [ -4.1485, 55.83024 ], [ -4.14694, 55.83086 ], [ -4.14785, 55.82816 ] ] ] ] } },
{ "type": "Feature", "properties": { "LSOA11_CD": "S01010077", "Neighborhood_Name": "Carmyle and Mount Vernon South - 04", "uk_imd2019_LSOA": "S01010077", "uk_imd2019_Rank": "831", "uk_imd2019_SOA_pct": "12", "uk_imd2019_SOA_decile": "2" }, "geometry": { "type": "MultiPolygon", "coordinates": [ [ [ [ -4.15431, 55.83515 ], [ -4.153, 55.83429 ], [ -4.15214, 55.8346 ], [ -4.15123, 55.83439 ], [ -4.1517, 55.83346 ], [ -4.1511, 55.83312 ], [ -4.15124, 55.83274 ], [ -4.15174, 55.83251 ], [ -4.15189, 55.83208 ], [ -4.15238, 55.83189 ], [ -4.15291, 55.832 ], [ -4.15327, 55.83249 ], [ -4.15422, 55.8332 ], [ -4.15577, 55.83272 ], [ -4.15558, 55.83206 ], [ -4.1553, 55.83186 ], [ -4.15576, 55.83164 ], [ -4.15634, 55.8317 ], [ -4.15753, 55.83117 ], [ -4.15821, 55.83177 ], [ -4.1581, 55.83211 ], [ -4.15895, 55.83211 ], [ -4.15904, 55.83174 ], [ -4.16102, 55.83111 ], [ -4.16168, 55.83177 ], [ -4.15947, 55.83252 ], [ -4.15965, 55.83321 ], [ -4.15916, 55.83329 ], [ -4.15942, 55.83444 ], [ -4.1599, 55.8353 ], [ -4.15908, 55.8354 ], [ -4.15444, 55.83569 ], [ -4.15494, 55.83499 ], [ -4.15431, 55.83515 ] ] ] ] } },
{ "type": "Feature", "properties": { "LSOA11_CD": "S01010079", "Neighborhood_Name": "Mount Vernon North and Sandyhills - 02", "uk_imd2019_LSOA": "S01010079", "uk_imd2019_Rank": "5932", "uk_imd2019_SOA_pct": "85", "uk_imd2019_SOA_decile": "9" }, "geometry": { "type": "MultiPolygon", "coordinates": [ [ [ [ -4.13284, 55.8483 ], [ -4.13341, 55.84626 ], [ -4.13399, 55.84436 ], [ -4.13403, 55.84406 ], [ -4.13449, 55.84262 ], [ -4.1345, 55.84162 ], [ -4.1346, 55.84143 ], [ -4.13623, 55.84142 ], [ -4.13853, 55.84134 ], [ -4.13937, 55.84138 ], [ -4.1402, 55.84124 ], [ -4.14092, 55.8419 ], [ -4.14115, 55.84238 ], [ -4.14086, 55.8425 ], [ -4.14288, 55.84452 ], [ -4.14342, 55.84501 ], [ -4.14314, 55.84538 ], [ -4.1441, 55.84629 ], [ -4.14408, 55.84653 ], [ -4.14347, 55.8469 ], [ -4.14074, 55.8467 ], [ -4.14023, 55.84657 ], [ -4.14152, 55.84559 ], [ -4.1407, 55.84523 ], [ -4.14005, 55.84577 ], [ -4.13985, 55.8463 ], [ -4.13929, 55.84634 ], [ -4.13941, 55.84687 ], [ -4.13857, 55.84689 ], [ -4.13876, 55.8495 ], [ -4.13903, 55.84951 ], [ -4.13898, 55.85013 ], [ -4.1382, 55.85012 ], [ -4.13827, 55.85049 ], [ -4.13596, 55.85007 ], [ -4.13645, 55.84859 ], [ -4.13284, 55.8483 ] ] ] ] } },
{ "type": "Feature", "properties": { "LSOA11_CD": "S01010080", "Neighborhood_Name": "Mount Vernon North and Sandyhills - 03", "uk_imd2019_LSOA": "S01010080", "uk_imd2019_Rank": "5779", "uk_imd2019_SOA_pct": "83", "uk_imd2019_SOA_decile": "9" }, "geometry": { "type": "MultiPolygon", "coordinates": [ [ [ [ -4.14342, 55.84501 ], [ -4.14288, 55.84452 ], [ -4.14086, 55.8425 ], [ -4.14115, 55.84238 ], [ -4.14223, 55.84202 ], [ -4.14245, 55.84222 ], [ -4.1426, 55.84284 ], [ -4.14322, 55.84283 ], [ -4.14381, 55.84341 ], [ -4.14467, 55.84303 ], [ -4.14423, 55.84256 ], [ -4.14435, 55.84206 ], [ -4.14413, 55.84186 ], [ -4.14528, 55.84131 ], [ -4.14584, 55.84157 ], [ -4.14632, 55.84223 ], [ -4.14681, 55.84215 ], [ -4.14725, 55.84283 ], [ -4.14742, 55.84338 ], [ -4.14717, 55.84407 ], [ -4.14666, 55.84405 ], [ -4.14663, 55.84374 ], [ -4.14615, 55.84375 ], [ -4.14596, 55.84411 ], [ -4.14492, 55.84442 ], [ -4.1455, 55.84496 ], [ -4.14509, 55.84521 ], [ -4.14549, 55.84552 ], [ -4.14584, 55.84541 ], [ -4.14642, 55.84555 ], [ -4.14685, 55.8452 ], [ -4.14746, 55.84524 ], [ -4.14787, 55.84553 ], [ -4.14883, 55.84516 ], [ -4.14772, 55.84414 ], [ -4.14884, 55.84212 ], [ -4.15262, 55.84215 ], [ -4.15403, 55.84538 ], [ -4.15314, 55.84561 ], [ -4.14989, 55.8461 ], [ -4.14885, 55.84643 ], [ -4.14688, 55.84718 ], [ -4.14684, 55.84735 ], [ -4.14571, 55.84704 ], [ -4.14514, 55.84671 ], [ -4.14342, 55.84501 ] ] ] ] } },
{ "type": "Feature", "properties": { "LSOA11_CD": "S01010081", "Neighborhood_Name": "Mount Vernon North and Sandyhills - 04", "uk_imd2019_LSOA": "S01010081", "uk_imd2019_Rank": "5238", "uk_imd2019_SOA_pct": "75", "uk_imd2019_SOA_decile": "8" }, "geometry": { "type": "MultiPolygon", "coordinates": [ [ [ [ -4.13898, 55.85013 ], [ -4.13903, 55.84951 ], [ -4.13876, 55.8495 ], [ -4.13857, 55.84689 ], [ -4.13941, 55.84687 ], [ -4.13929, 55.84634 ], [ -4.13985, 55.8463 ], [ -4.14005, 55.84577 ], [ -4.1407, 55.84523 ], [ -4.14152, 55.84559 ], [ -4.14023, 55.84657 ], [ -4.14074, 55.8467 ], [ -4.14347, 55.8469 ], [ -4.14408, 55.84653 ], [ -4.1441, 55.84629 ], [ -4.14314, 55.84538 ], [ -4.14342, 55.84501 ], [ -4.14514, 55.84671 ], [ -4.14571, 55.84704 ], [ -4.14684, 55.84735 ], [ -4.14744, 55.84781 ], [ -4.14706, 55.84799 ], [ -4.14725, 55.84884 ], [ -4.14812, 55.84936 ], [ -4.14857, 55.84965 ], [ -4.14709, 55.84953 ], [ -4.14493, 55.84952 ], [ -4.14399, 55.8496 ], [ -4.1416, 55.85017 ], [ -4.13938, 55.85047 ], [ -4.13898, 55.85013 ] ] ] ] } },
{ "type": "Feature", "properties": { "LSOA11_CD": "S01010084", "Neighborhood_Name": "Baillieston West - 02", "uk_imd2019_LSOA": "S01010084", "uk_imd2019_Rank": "745", "uk_imd2019_SOA_pct": "11", "uk_imd2019_SOA_decile": "2" }, "geometry": { "type": "MultiPolygon", "coordinates": [ [ [ [ -4.12083, 55.84729 ], [ -4.12074, 55.84678 ], [ -4.12018, 55.84609 ], [ -4.12059, 55.84604 ], [ -4.12019, 55.84556 ], [ -4.11953, 55.84542 ], [ -4.11881, 55.84659 ], [ -4.11843, 55.84626 ], [ -4.11696, 55.84616 ], [ -4.11691, 55.8455 ], [ -4.11645, 55.84508 ], [ -4.11773, 55.84463 ], [ -4.11709, 55.84377 ], [ -4.1187, 55.84342 ], [ -4.1224, 55.84267 ], [ -4.12295, 55.84366 ], [ -4.12204, 55.84375 ], [ -4.12279, 55.84402 ], [ -4.12282, 55.84419 ], [ -4.12169, 55.84429 ], [ -4.12126, 55.84375 ], [ -4.12064, 55.84398 ], [ -4.12048, 55.84437 ], [ -4.12158, 55.84462 ], [ -4.12245, 55.84452 ], [ -4.12246, 55.84512 ], [ -4.12351, 55.84508 ], [ -4.12359, 55.84575 ], [ -4.12416, 55.84586 ], [ -4.12484, 55.84581 ], [ -4.12497, 55.84556 ], [ -4.12612, 55.8455 ], [ -4.12688, 55.84713 ], [ -4.12577, 55.84713 ], [ -4.12569, 55.84766 ], [ -4.12439, 55.84773 ], [ -4.12443, 55.8483 ], [ -4.12355, 55.84845 ], [ -4.12331, 55.84703 ], [ -4.12128, 55.84693 ], [ -4.12083, 55.84729 ] ] ] ] } },
{ "type": "Feature", "properties": { "LSOA11_CD": "S01010085", "Neighborhood_Name": "Baillieston West - 03", "uk_imd2019_LSOA": "S01010085", "uk_imd2019_Rank": "4063", "uk_imd2019_SOA_pct": "58", "uk_imd2019_SOA_decile": "6" }, "geometry": { "type": "MultiPolygon", "coordinates": [ [ [ [ -4.1181, 55.85023 ], [ -4.11655, 55.85013 ], [ -4.11657, 55.84988 ], [ -4.1167, 55.84889 ], [ -4.11925, 55.84817 ], [ -4.12083, 55.84729 ], [ -4.12128, 55.84693 ], [ -4.12331, 55.84703 ], [ -4.12355, 55.84845 ], [ -4.12443, 55.8483 ], [ -4.12439, 55.84773 ], [ -4.12569, 55.84766 ], [ -4.12577, 55.84713 ], [ -4.12688, 55.84713 ], [ -4.12612, 55.8455 ], [ -4.12735, 55.84553 ], [ -4.12736, 55.84565 ], [ -4.12891, 55.84554 ], [ -4.12936, 55.84644 ], [ -4.12834, 55.84648 ], [ -4.12809, 55.84719 ], [ -4.12947, 55.84717 ], [ -4.1296, 55.84782 ], [ -4.12821, 55.84778 ], [ -4.12787, 55.8483 ], [ -4.12963, 55.8484 ], [ -4.12942, 55.84891 ], [ -4.12659, 55.84884 ], [ -4.12646, 55.84946 ], [ -4.1244, 55.84966 ], [ -4.11909, 55.85029 ], [ -4.1181, 55.85023 ] ] ] ] } },
{ "type": "Feature", "properties": { "LSOA11_CD": "S01010086", "Neighborhood_Name": "Baillieston West - 04", "uk_imd2019_LSOA": "S01010086", "uk_imd2019_Rank": "384", "uk_imd2019_SOA_pct": "6", "uk_imd2019_SOA_decile": "1" }, "geometry": { "type": "MultiPolygon", "coordinates": [ [ [ [ -4.1151, 55.84971 ], [ -4.11582, 55.8492 ], [ -4.11641, 55.84859 ], [ -4.11597, 55.84858 ], [ -4.11592, 55.84825 ], [ -4.11379, 55.84819 ], [ -4.11384, 55.84736 ], [ -4.11333, 55.84706 ], [ -4.11374, 55.84673 ], [ -4.11375, 55.84631 ], [ -4.11305, 55.84541 ], [ -4.11233, 55.84539 ], [ -4.11179, 55.84551 ], [ -4.11185, 55.84485 ], [ -4.11709, 55.84377 ], [ -4.11773, 55.84463 ], [ -4.11645, 55.84508 ], [ -4.11691, 55.8455 ], [ -4.11696, 55.84616 ], [ -4.11843, 55.84626 ], [ -4.11881, 55.84659 ], [ -4.11953, 55.84542 ], [ -4.12019, 55.84556 ], [ -4.12059, 55.84604 ], [ -4.12018, 55.84609 ], [ -4.12074, 55.84678 ], [ -4.12083, 55.84729 ], [ -4.11925, 55.84817 ], [ -4.1167, 55.84889 ], [ -4.11657, 55.84988 ], [ -4.11568, 55.84986 ], [ -4.1151, 55.84971 ] ] ] ] } },
{ "type": "Feature", "properties": { "LSOA11_CD": "S01010087", "Neighborhood_Name": "Baillieston West - 05", "uk_imd2019_LSOA": "S01010087", "uk_imd2019_Rank": "4382", "uk_imd2019_SOA_pct": "63", "uk_imd2019_SOA_decile": "7" }, "geometry": { "type": "MultiPolygon", "coordinates": [ [ [ [ -4.12942, 55.84891 ], [ -4.12963, 55.8484 ], [ -4.12787, 55.8483 ], [ -4.12821, 55.84778 ], [ -4.1296, 55.84782 ], [ -4.12947, 55.84717 ], [ -4.12809, 55.84719 ], [ -4.12834, 55.84648 ], [ -4.12936, 55.84644 ], [ -4.13003, 55.84645 ], [ -4.12974, 55.84596 ], [ -4.13057, 55.84609 ], [ -4.13341, 55.84626 ], [ -4.13284, 55.8483 ], [ -4.13254, 55.84962 ], [ -4.13223, 55.84958 ], [ -4.13178, 55.84953 ], [ -4.1316, 55.84987 ], [ -4.12912, 55.84958 ], [ -4.12942, 55.84891 ] ] ] ] } },
{ "type": "Feature", "properties": { "LSOA11_CD": "S01010114", "Neighborhood_Name": "Garthamlock, Auchinlea and Gartloch - 02", "uk_imd2019_LSOA": "S01010114", "uk_imd2019_Rank": "16", "uk_imd2019_SOA_pct": "0", "uk_imd2019_SOA_decile": "1" }, "geometry": { "type": "MultiPolygon", "coordinates": [ [ [ [ -4.1244, 55.87114 ], [ -4.12467, 55.87027 ], [ -4.12411, 55.87009 ], [ -4.1251, 55.86934 ], [ -4.12352, 55.86877 ], [ -4.12425, 55.86826 ], [ -4.12543, 55.86775 ], [ -4.12688, 55.86726 ], [ -4.12823, 55.86688 ], [ -4.12974, 55.86639 ], [ -4.1322, 55.86751 ], [ -4.13563, 55.86856 ], [ -4.13371, 55.8689 ], [ -4.13291, 55.86951 ], [ -4.13265, 55.87002 ], [ -4.13269, 55.87036 ], [ -4.13178, 55.87074 ], [ -4.13194, 55.87137 ], [ -4.13254, 55.87126 ], [ -4.13344, 55.87124 ], [ -4.13418, 55.87136 ], [ -4.13337, 55.87179 ], [ -4.1334, 55.87196 ], [ -4.13062, 55.87224 ], [ -4.13038, 55.87194 ], [ -4.1297, 55.87247 ], [ -4.12991, 55.87256 ], [ -4.12883, 55.87321 ], [ -4.12782, 55.87351 ], [ -4.12722, 55.87351 ], [ -4.12621, 55.87314 ], [ -4.12552, 55.87279 ], [ -4.12523, 55.87241 ], [ -4.12532, 55.87191 ], [ -4.12469, 55.872 ], [ -4.1244, 55.87114 ] ] ] ] } },
{ "type": "Feature", "properties": { "LSOA11_CD": "S01010088", "Neighborhood_Name": "Baillieston East - 01", "uk_imd2019_LSOA": "S01010088", "uk_imd2019_Rank": "5520", "uk_imd2019_SOA_pct": "79", "uk_imd2019_SOA_decile": "8" }, "geometry": { "type": "MultiPolygon", "coordinates": [ [ [ [ -4.09285, 55.85863 ], [ -4.08593, 55.85864 ], [ -4.08673, 55.85749 ], [ -4.08773, 55.85571 ], [ -4.08822, 55.85473 ], [ -4.08839, 55.85415 ], [ -4.0882, 55.85346 ], [ -4.08777, 55.85299 ], [ -4.0872, 55.85259 ], [ -4.08602, 55.85203 ], [ -4.08415, 55.85122 ], [ -4.08356, 55.85084 ], [ -4.08262, 55.8493 ], [ -4.08306, 55.8488 ], [ -4.08148, 55.84851 ], [ -4.07933, 55.84787 ], [ -4.07816, 55.84736 ], [ -4.07664, 55.84643 ], [ -4.07574, 55.84563 ], [ -4.07508, 55.84485 ], [ -4.07467, 55.84408 ], [ -4.07635, 55.84382 ], [ -4.07681, 55.84385 ], [ -4.07738, 55.84452 ], [ -4.07849, 55.84499 ], [ -4.07939, 55.84468 ], [ -4.08002, 55.84458 ], [ -4.0814, 55.84387 ], [ -4.08209, 55.84389 ], [ -4.08249, 55.84427 ], [ -4.08286, 55.8444 ], [ -4.08381, 55.8444 ], [ -4.08421, 55.84456 ], [ -4.08458, 55.84519 ], [ -4.08519, 55.84514 ], [ -4.08606, 55.84483 ], [ -4.08761, 55.84478 ], [ -4.08984, 55.84418 ], [ -4.09151, 55.84317 ], [ -4.0921, 55.84309 ], [ -4.09292, 55.8435 ], [ -4.09374, 55.84371 ], [ -4.09448, 55.84368 ], [ -4.09465, 55.84319 ], [ -4.09569, 55.84293 ], [ -4.09712, 55.84231 ], [ -4.09847, 55.8424 ], [ -4.10008, 55.84266 ], [ -4.10108, 55.84267 ], [ -4.10194, 55.84252 ], [ -4.10261, 55.84229 ], [ -4.10315, 55.84188 ], [ -4.10378, 55.84073 ], [ -4.10463, 55.84005 ], [ -4.10535, 55.83973 ], [ -4.10567, 55.83943 ], [ -4.10573, 55.83909 ], [ -4.10454, 55.83896 ], [ -4.103, 55.83906 ], [ -4.10267, 55.83895 ], [ -4.10266, 55.83793 ], [ -4.1032, 55.8377 ], [ -4.10423, 55.83776 ], [ -4.10552, 55.8381 ], [ -4.1062, 55.83811 ], [ -4.10795, 55.83755 ], [ -4.10815, 55.83716 ], [ -4.1072, 55.83659 ], [ -4.10985, 55.83611 ], [ -4.1127, 55.83694 ], [ -4.11358, 55.83709 ], [ -4.11315, 55.8373 ], [ -4.11253, 55.83729 ], [ -4.11194, 55.83752 ], [ -4.11183, 55.83774 ], [ -4.11326, 55.83808 ], [ -4.11376, 55.83808 ], [ -4.1139, 55.83846 ], [ -4.11282, 55.83852 ], [ -4.11277, 55.83888 ], [ -4.113, 55.83927 ], [ -4.11241, 55.83956 ], [ -4.11284, 55.84005 ], [ -4.1152, 55.84031 ], [ -4.11558, 55.84085 ], [ -4.11596, 55.8409 ], [ -4.11629, 55.84057 ], [ -4.11689, 55.84041 ], [ -4.11828, 55.84095 ], [ -4.11783, 55.84145 ], [ -4.11736, 55.84135 ], [ -4.11715, 55.84162 ], [ -4.11805, 55.84186 ], [ -4.11777, 55.8423 ], [ -4.1187, 55.84342 ], [ -4.11709, 55.84377 ], [ -4.11185, 55.84485 ], [ -4.10629, 55.84603 ], [ -4.10094, 55.84717 ], [ -4.0994, 55.84746 ], [ -4.10042, 55.84755 ], [ -4.10042, 55.84771 ], [ -4.0995, 55.84771 ], [ -4.09985, 55.84825 ], [ -4.09976, 55.8491 ], [ -4.1003, 55.84985 ], [ -4.10086, 55.8511 ], [ -4.10421, 55.85062 ], [ -4.10405, 55.85264 ], [ -4.10269, 55.85302 ], [ -4.09964, 55.85324 ], [ -4.0976, 55.85342 ], [ -4.09601, 55.85375 ], [ -4.09539, 55.85397 ], [ -4.09556, 55.85561 ], [ -4.09719, 55.8557 ], [ -4.09837, 55.85645 ], [ -4.09974, 55.85822 ], [ -4.10191, 55.85935 ], [ -4.10136, 55.85941 ], [ -4.09814, 55.85891 ], [ -4.09445, 55.85864 ], [ -4.09285, 55.85863 ] ] ] ] } },
{ "type": "Feature", "properties": { "LSOA11_CD": "S01010089", "Neighborhood_Name": "Baillieston East - 02", "uk_imd2019_LSOA": "S01010089", "uk_imd2019_Rank": "1376", "uk_imd2019_SOA_pct": "20", "uk_imd2019_SOA_decile": "2" }, "geometry": { "type": "MultiPolygon", "coordinates": [ [ [ [ -4.10399, 55.85425 ], [ -4.10361, 55.854 ], [ -4.10434, 55.85365 ], [ -4.10498, 55.85365 ], [ -4.10512, 55.85275 ], [ -4.10405, 55.85264 ], [ -4.10421, 55.85062 ], [ -4.10086, 55.8511 ], [ -4.1003, 55.84985 ], [ -4.10252, 55.84952 ], [ -4.10299, 55.84887 ], [ -4.10428, 55.84864 ], [ -4.10518, 55.8491 ], [ -4.10581, 55.84896 ], [ -4.10623, 55.8493 ], [ -4.10706, 55.84928 ], [ -4.10697, 55.84972 ], [ -4.10737, 55.84973 ], [ -4.1072, 55.85065 ], [ -4.10804, 55.85064 ], [ -4.10872, 55.85048 ], [ -4.10883, 55.85012 ], [ -4.10968, 55.85031 ], [ -4.11048, 55.84988 ], [ -4.11127, 55.84985 ], [ -4.11143, 55.84949 ], [ -4.11246, 55.84948 ], [ -4.11233, 55.84978 ], [ -4.11324, 55.84986 ], [ -4.11254, 55.85041 ], [ -4.11214, 55.85049 ], [ -4.11155, 55.85043 ], [ -4.11091, 55.85066 ], [ -4.11026, 55.85112 ], [ -4.10996, 55.85109 ], [ -4.10908, 55.85152 ], [ -4.10905, 55.85181 ], [ -4.10965, 55.85201 ], [ -4.10898, 55.85282 ], [ -4.10877, 55.85349 ], [ -4.1076, 55.85309 ], [ -4.10628, 55.85284 ], [ -4.10557, 55.85279 ], [ -4.10544, 55.85421 ], [ -4.10487, 55.85426 ], [ -4.10453, 55.85397 ], [ -4.10399, 55.85425 ] ] ] ] } },
{ "type": "Feature", "properties": { "LSOA11_CD": "S01010187", "Neighborhood_Name": "Robroyston and Millerston - 02", "uk_imd2019_LSOA": "S01010187", "uk_imd2019_Rank": "3215", "uk_imd2019_SOA_pct": "46", "uk_imd2019_SOA_decile": "5" }, "geometry": { "type": "MultiPolygon", "coordinates": [ [ [ [ -4.16158, 55.88763 ], [ -4.1696, 55.88618 ], [ -4.172, 55.88706 ], [ -4.17075, 55.8873 ], [ -4.17009, 55.88752 ], [ -4.17026, 55.88801 ], [ -4.16637, 55.88875 ], [ -4.16489, 55.88892 ], [ -4.16281, 55.88909 ], [ -4.16158, 55.88763 ] ] ] ] } },
{ "type": "Feature", "properties": { "LSOA11_CD": "S01010095", "Neighborhood_Name": "Garrowhill West - 02", "uk_imd2019_LSOA": "S01010095", "uk_imd2019_Rank": "4993", "uk_imd2019_SOA_pct": "72", "uk_imd2019_SOA_decile": "8" }, "geometry": { "type": "MultiPolygon", "coordinates": [ [ [ [ -4.11726, 55.85566 ], [ -4.11736, 55.8554 ], [ -4.11712, 55.85504 ], [ -4.11786, 55.85491 ], [ -4.11456, 55.85407 ], [ -4.11504, 55.85388 ], [ -4.11455, 55.85342 ], [ -4.11845, 55.85436 ], [ -4.1193, 55.85388 ], [ -4.1189, 55.85341 ], [ -4.11831, 55.85346 ], [ -4.11915, 55.85283 ], [ -4.11893, 55.85226 ], [ -4.11833, 55.85216 ], [ -4.11828, 55.85182 ], [ -4.11886, 55.85147 ], [ -4.11967, 55.85168 ], [ -4.12028, 55.8516 ], [ -4.1204, 55.85231 ], [ -4.12065, 55.85295 ], [ -4.12146, 55.85273 ], [ -4.12201, 55.85304 ], [ -4.12297, 55.8531 ], [ -4.12345, 55.85287 ], [ -4.12383, 55.85306 ], [ -4.12383, 55.85358 ], [ -4.12403, 55.85374 ], [ -4.12323, 55.85405 ], [ -4.12345, 55.85429 ], [ -4.1251, 55.85408 ], [ -4.1251, 55.85436 ], [ -4.12429, 55.85453 ], [ -4.12467, 55.85482 ], [ -4.12264, 55.85511 ], [ -4.12216, 55.85531 ], [ -4.12168, 55.85573 ], [ -4.12105, 55.85655 ], [ -4.11726, 55.85566 ] ] ] ] } },
{ "type": "Feature", "properties": { "LSOA11_CD": "S01010097", "Neighborhood_Name": "Garrowhill West - 04", "uk_imd2019_LSOA": "S01010097", "uk_imd2019_Rank": "3974", "uk_imd2019_SOA_pct": "57", "uk_imd2019_SOA_decile": "6" }, "geometry": { "type": "MultiPolygon", "coordinates": [ [ [ [ -4.12865, 55.85559 ], [ -4.12974, 55.85503 ], [ -4.12999, 55.85476 ], [ -4.13022, 55.85398 ], [ -4.12949, 55.85379 ], [ -4.12976, 55.85321 ], [ -4.12908, 55.85301 ], [ -4.12944, 55.85258 ], [ -4.13116, 55.85131 ], [ -4.13137, 55.85075 ], [ -4.13114, 55.85031 ], [ -4.13139, 55.85017 ], [ -4.13202, 55.85027 ], [ -4.13223, 55.84958 ], [ -4.13254, 55.84962 ], [ -4.13284, 55.8483 ], [ -4.13645, 55.84859 ], [ -4.13596, 55.85007 ], [ -4.13827, 55.85049 ], [ -4.1382, 55.85012 ], [ -4.13898, 55.85013 ], [ -4.13938, 55.85047 ], [ -4.1416, 55.85017 ], [ -4.14399, 55.8496 ], [ -4.14493, 55.84952 ], [ -4.14485, 55.85061 ], [ -4.14265, 55.85069 ], [ -4.14263, 55.85004 ], [ -4.14215, 55.85011 ], [ -4.14074, 55.8512 ], [ -4.14228, 55.85128 ], [ -4.14236, 55.85154 ], [ -4.1444, 55.85171 ], [ -4.14385, 55.85336 ], [ -4.14209, 55.85331 ], [ -4.13982, 55.85321 ], [ -4.13766, 55.85322 ], [ -4.13449, 55.8535 ], [ -4.13221, 55.85404 ], [ -4.13081, 55.85447 ], [ -4.13011, 55.85535 ], [ -4.12915, 55.85598 ], [ -4.12865, 55.85559 ] ] ] ] } },
{ "type": "Feature", "properties": { "LSOA11_CD": "S01010188", "Neighborhood_Name": "Robroyston and Millerston - 03", "uk_imd2019_LSOA": "S01010188", "uk_imd2019_Rank": "3218", "uk_imd2019_SOA_pct": "46", "uk_imd2019_SOA_decile": "5" }, "geometry": { "type": "MultiPolygon", "coordinates": [ [ [ [ -4.16281, 55.88909 ], [ -4.16489, 55.88892 ], [ -4.16637, 55.88875 ], [ -4.17026, 55.88801 ], [ -4.17009, 55.88752 ], [ -4.17075, 55.8873 ], [ -4.172, 55.88706 ], [ -4.1696, 55.88618 ], [ -4.16895, 55.88592 ], [ -4.16634, 55.88474 ], [ -4.16434, 55.88353 ], [ -4.16216, 55.88431 ], [ -4.16152, 55.88347 ], [ -4.16346, 55.88308 ], [ -4.16374, 55.88294 ], [ -4.1643, 55.88339 ], [ -4.16476, 55.88255 ], [ -4.16566, 55.88205 ], [ -4.16752, 55.88142 ], [ -4.16756, 55.88113 ], [ -4.16803, 55.88097 ], [ -4.1692, 55.88113 ], [ -4.16975, 55.88237 ], [ -4.16817, 55.88268 ], [ -4.16825, 55.88289 ], [ -4.16885, 55.88298 ], [ -4.172, 55.8825 ], [ -4.17317, 55.88236 ], [ -4.17312, 55.88194 ], [ -4.1746, 55.88183 ], [ -4.17491, 55.88278 ], [ -4.17569, 55.88279 ], [ -4.18048, 55.88267 ], [ -4.18044, 55.88237 ], [ -4.1836, 55.88217 ], [ -4.18515, 55.88204 ], [ -4.18626, 55.88139 ], [ -4.18626, 55.88027 ], [ -4.18585, 55.88025 ], [ -4.18748, 55.87981 ], [ -4.18746, 55.87998 ], [ -4.18812, 55.8807 ], [ -4.18879, 55.88147 ], [ -4.18939, 55.88134 ], [ -4.1901, 55.8823 ], [ -4.19021, 55.88312 ], [ -4.19139, 55.88385 ], [ -4.19163, 55.88478 ], [ -4.19218, 55.88444 ], [ -4.1921, 55.88339 ], [ -4.19507, 55.88335 ], [ -4.19592, 55.88327 ], [ -4.19586, 55.8836 ], [ -4.19946, 55.88356 ], [ -4.19959, 55.88421 ], [ -4.19956, 55.88474 ], [ -4.19976, 55.8854 ], [ -4.20003, 55.88574 ], [ -4.20073, 55.88595 ], [ -4.20078, 55.88672 ], [ -4.20013, 55.88662 ], [ -4.19964, 55.88668 ], [ -4.19946, 55.88719 ], [ -4.19995, 55.88737 ], [ -4.2001, 55.88806 ], [ -4.1999, 55.88827 ], [ -4.19987, 55.88939 ], [ -4.19868, 55.88952 ], [ -4.19394, 55.88959 ], [ -4.18956, 55.88963 ], [ -4.18803, 55.88922 ], [ -4.18909, 55.88856 ], [ -4.18949, 55.8882 ], [ -4.18818, 55.88756 ], [ -4.18603, 55.88711 ], [ -4.18355, 55.88635 ], [ -4.1817, 55.88808 ], [ -4.18473, 55.88867 ], [ -4.18445, 55.88978 ], [ -4.18455, 55.89158 ], [ -4.17986, 55.89151 ], [ -4.1799, 55.89246 ], [ -4.18027, 55.89233 ], [ -4.18148, 55.89233 ], [ -4.18151, 55.89349 ], [ -4.18114, 55.89357 ], [ -4.18007, 55.89356 ], [ -4.17967, 55.89339 ], [ -4.17915, 55.89356 ], [ -4.17956, 55.89387 ], [ -4.17944, 55.8943 ], [ -4.17982, 55.89449 ], [ -4.18054, 55.89427 ], [ -4.18156, 55.89445 ], [ -4.18266, 55.89437 ], [ -4.18293, 55.89412 ], [ -4.18316, 55.8936 ], [ -4.1841, 55.89351 ], [ -4.18433, 55.89309 ], [ -4.1854, 55.8931 ], [ -4.18296, 55.89462 ], [ -4.18333, 55.89479 ], [ -4.18317, 55.89494 ], [ -4.18182, 55.89564 ], [ -4.18168, 55.89618 ], [ -4.18346, 55.89732 ], [ -4.18394, 55.89708 ], [ -4.18563, 55.89704 ], [ -4.18584, 55.89779 ], [ -4.18671, 55.89765 ], [ -4.18747, 55.89742 ], [ -4.18824, 55.89693 ], [ -4.18957, 55.89666 ], [ -4.19137, 55.89658 ], [ -4.19191, 55.89692 ], [ -4.19154, 55.89798 ], [ -4.19078, 55.89881 ], [ -4.19087, 55.89953 ], [ -4.19124, 55.90043 ], [ -4.19051, 55.90107 ], [ -4.18469, 55.90227 ], [ -4.18349, 55.90256 ], [ -4.18241, 55.90292 ], [ -4.18132, 55.90377 ], [ -4.18038, 55.90486 ], [ -4.17971, 55.90424 ], [ -4.17929, 55.90348 ], [ -4.17936, 55.90331 ], [ -4.18003, 55.90308 ], [ -4.17942, 55.90199 ], [ -4.17764, 55.9026 ], [ -4.17746, 55.90032 ], [ -4.17546, 55.89849 ], [ -4.17476, 55.89797 ], [ -4.17362, 55.89791 ], [ -4.1733, 55.89697 ], [ -4.17076, 55.89699 ], [ -4.16912, 55.89654 ], [ -4.16815, 55.89653 ], [ -4.16658, 55.89675 ], [ -4.16263, 55.89769 ], [ -4.16148, 55.89792 ], [ -4.16123, 55.89655 ], [ -4.16307, 55.89619 ], [ -4.16244, 55.89478 ], [ -4.16023, 55.89003 ], [ -4.16209, 55.88995 ], [ -4.16321, 55.88957 ], [ -4.16281, 55.88909 ] ] ] ] } },
{ "type": "Feature", "properties": { "LSOA11_CD": "S01010090", "Neighborhood_Name": "Baillieston East - 03", "uk_imd2019_LSOA": "S01010090", "uk_imd2019_Rank": "3329", "uk_imd2019_SOA_pct": "48", "uk_imd2019_SOA_decile": "5" }, "geometry": { "type": "MultiPolygon", "coordinates": [ [ [ [ -4.1003, 55.84985 ], [ -4.09976, 55.8491 ], [ -4.09985, 55.84825 ], [ -4.0995, 55.84771 ], [ -4.10042, 55.84771 ], [ -4.10042, 55.84755 ], [ -4.0994, 55.84746 ], [ -4.10094, 55.84717 ], [ -4.10629, 55.84603 ], [ -4.10681, 55.84673 ], [ -4.10727, 55.84767 ], [ -4.10715, 55.84846 ], [ -4.10769, 55.84863 ], [ -4.10935, 55.84756 ], [ -4.10969, 55.84836 ], [ -4.10989, 55.84968 ], [ -4.11061, 55.84964 ], [ -4.11052, 55.84914 ], [ -4.11135, 55.84915 ], [ -4.11143, 55.84949 ], [ -4.11127, 55.84985 ], [ -4.11048, 55.84988 ], [ -4.10968, 55.85031 ], [ -4.10883, 55.85012 ], [ -4.10872, 55.85048 ], [ -4.10804, 55.85064 ], [ -4.1072, 55.85065 ], [ -4.10737, 55.84973 ], [ -4.10697, 55.84972 ], [ -4.10706, 55.84928 ], [ -4.10623, 55.8493 ], [ -4.10581, 55.84896 ], [ -4.10518, 55.8491 ], [ -4.10428, 55.84864 ], [ -4.10299, 55.84887 ], [ -4.10252, 55.84952 ], [ -4.1003, 55.84985 ] ] ] ] } },
{ "type": "Feature", "properties": { "LSOA11_CD": "S01010112", "Neighborhood_Name": "Central Easterhouse - 03", "uk_imd2019_LSOA": "S01010112", "uk_imd2019_Rank": "139", "uk_imd2019_SOA_pct": "2", "uk_imd2019_SOA_decile": "1" }, "geometry": { "type": "MultiPolygon", "coordinates": [ [ [ [ -4.11437, 55.86794 ], [ -4.11463, 55.86743 ], [ -4.1127, 55.86718 ], [ -4.11138, 55.86682 ], [ -4.11087, 55.86651 ], [ -4.10974, 55.86653 ], [ -4.10916, 55.86702 ], [ -4.10987, 55.86721 ], [ -4.10945, 55.86787 ], [ -4.10843, 55.86758 ], [ -4.10799, 55.8673 ], [ -4.10744, 55.86646 ], [ -4.10715, 55.86578 ], [ -4.10716, 55.86481 ], [ -4.10814, 55.86488 ], [ -4.10823, 55.86464 ], [ -4.10925, 55.86462 ], [ -4.10964, 55.86424 ], [ -4.10911, 55.86409 ], [ -4.10747, 55.86392 ], [ -4.10759, 55.86351 ], [ -4.10786, 55.86282 ], [ -4.10921, 55.86311 ], [ -4.10969, 55.86302 ], [ -4.11143, 55.863 ], [ -4.11195, 55.86313 ], [ -4.11406, 55.86335 ], [ -4.114, 55.86374 ], [ -4.11448, 55.86411 ], [ -4.11449, 55.86433 ], [ -4.11537, 55.86443 ], [ -4.11591, 55.8646 ], [ -4.11432, 55.86559 ], [ -4.11485, 55.86587 ], [ -4.11443, 55.86612 ], [ -4.11505, 55.86643 ], [ -4.11553, 55.86721 ], [ -4.11495, 55.86745 ], [ -4.1148, 55.868 ], [ -4.11437, 55.86794 ] ] ] ] } },
{ "type": "Feature", "properties": { "LSOA11_CD": "S01010113", "Neighborhood_Name": "Garthamlock, Auchinlea and Gartloch - 01", "uk_imd2019_LSOA": "S01010113", "uk_imd2019_Rank": "230", "uk_imd2019_SOA_pct": "3", "uk_imd2019_SOA_decile": "1" }, "geometry": { "type": "MultiPolygon", "coordinates": [ [ [ [ -4.1244, 55.87114 ], [ -4.12469, 55.872 ], [ -4.12532, 55.87191 ], [ -4.12523, 55.87241 ], [ -4.12552, 55.87279 ], [ -4.12621, 55.87314 ], [ -4.12722, 55.87351 ], [ -4.12782, 55.87351 ], [ -4.12883, 55.87321 ], [ -4.12991, 55.87256 ], [ -4.13024, 55.87269 ], [ -4.12917, 55.87347 ], [ -4.12807, 55.87387 ], [ -4.12724, 55.87389 ], [ -4.12623, 55.87448 ], [ -4.12455, 55.87383 ], [ -4.12378, 55.87403 ], [ -4.12268, 55.87234 ], [ -4.12247, 55.87236 ], [ -4.12153, 55.87146 ], [ -4.1244, 55.87114 ] ] ] ] } },
{ "type": "Feature", "properties": { "LSOA11_CD": "S01010124", "Neighborhood_Name": "Barlanark - 02", "uk_imd2019_LSOA": "S01010124", "uk_imd2019_Rank": "2432", "uk_imd2019_SOA_pct": "35", "uk_imd2019_SOA_decile": "4" }, "geometry": { "type": "MultiPolygon", "coordinates": [ [ [ [ -4.13982, 55.85321 ], [ -4.13986, 55.85497 ], [ -4.14011, 55.85537 ], [ -4.13817, 55.85549 ], [ -4.13493, 55.8556 ], [ -4.13489, 55.85509 ], [ -4.1353, 55.85479 ], [ -4.13519, 55.85422 ], [ -4.13463, 55.85426 ], [ -4.13455, 55.85383 ], [ -4.13345, 55.85447 ], [ -4.13233, 55.85489 ], [ -4.13088, 55.85546 ], [ -4.13096, 55.85582 ], [ -4.13032, 55.85595 ], [ -4.12915, 55.85598 ], [ -4.13011, 55.85535 ], [ -4.13081, 55.85447 ], [ -4.13221, 55.85404 ], [ -4.13449, 55.8535 ], [ -4.13766, 55.85322 ], [ -4.13982, 55.85321 ] ] ] ] } },
{ "type": "Feature", "properties": { "LSOA11_CD": "S01010091", "Neighborhood_Name": "Baillieston East - 04", "uk_imd2019_LSOA": "S01010091", "uk_imd2019_Rank": "3917", "uk_imd2019_SOA_pct": "56", "uk_imd2019_SOA_decile": "6" }, "geometry": { "type": "MultiPolygon", "coordinates": [ [ [ [ -4.1072, 55.83659 ], [ -4.10664, 55.83599 ], [ -4.10661, 55.83564 ], [ -4.107, 55.83461 ], [ -4.10784, 55.83354 ], [ -4.1088, 55.83319 ], [ -4.10959, 55.83253 ], [ -4.10982, 55.83169 ], [ -4.10945, 55.83127 ], [ -4.11079, 55.83057 ], [ -4.11146, 55.83 ], [ -4.11192, 55.82936 ], [ -4.11209, 55.82838 ], [ -4.11178, 55.82774 ], [ -4.11057, 55.82678 ], [ -4.11039, 55.82629 ], [ -4.11061, 55.82598 ], [ -4.11142, 55.82581 ], [ -4.11245, 55.82588 ], [ -4.11352, 55.82619 ], [ -4.11476, 55.82679 ], [ -4.11548, 55.82703 ], [ -4.11673, 55.82759 ], [ -4.11828, 55.82823 ], [ -4.11894, 55.82862 ], [ -4.12011, 55.82906 ], [ -4.12171, 55.82949 ], [ -4.12267, 55.82994 ], [ -4.12432, 55.83088 ], [ -4.1266, 55.83172 ], [ -4.12781, 55.8325 ], [ -4.12928, 55.83305 ], [ -4.13007, 55.83323 ], [ -4.13094, 55.83318 ], [ -4.13297, 55.83266 ], [ -4.13376, 55.83241 ], [ -4.135, 55.8319 ], [ -4.13644, 55.83124 ], [ -4.1375, 55.83091 ], [ -4.13896, 55.83066 ], [ -4.14059, 55.83027 ], [ -4.14147, 55.82997 ], [ -4.14314, 55.82918 ], [ -4.1443, 55.82869 ], [ -4.14533, 55.82833 ], [ -4.14686, 55.82809 ], [ -4.14779, 55.82815 ], [ -4.14785, 55.82816 ], [ -4.14694, 55.83086 ], [ -4.1485, 55.83024 ], [ -4.1487, 55.83087 ], [ -4.1488, 55.83186 ], [ -4.14884, 55.83342 ], [ -4.1517, 55.83346 ], [ -4.15123, 55.83439 ], [ -4.15214, 55.8346 ], [ -4.153, 55.83429 ], [ -4.15431, 55.83515 ], [ -4.13902, 55.83885 ], [ -4.1386, 55.83835 ], [ -4.13774, 55.83881 ], [ -4.13793, 55.83911 ], [ -4.13422, 55.83999 ], [ -4.13227, 55.84051 ], [ -4.13337, 55.84054 ], [ -4.13395, 55.841 ], [ -4.13412, 55.84148 ], [ -4.1345, 55.84162 ], [ -4.13449, 55.84262 ], [ -4.12847, 55.84205 ], [ -4.127, 55.84185 ], [ -4.12549, 55.842 ], [ -4.1224, 55.84267 ], [ -4.1187, 55.84342 ], [ -4.11777, 55.8423 ], [ -4.11805, 55.84186 ], [ -4.11715, 55.84162 ], [ -4.11736, 55.84135 ], [ -4.11783, 55.84145 ], [ -4.11828, 55.84095 ], [ -4.11689, 55.84041 ], [ -4.11629, 55.84057 ], [ -4.11596, 55.8409 ], [ -4.11558, 55.84085 ], [ -4.1152, 55.84031 ], [ -4.11284, 55.84005 ], [ -4.11241, 55.83956 ], [ -4.113, 55.83927 ], [ -4.11277, 55.83888 ], [ -4.11282, 55.83852 ], [ -4.1139, 55.83846 ], [ -4.11376, 55.83808 ], [ -4.11326, 55.83808 ], [ -4.11183, 55.83774 ], [ -4.11194, 55.83752 ], [ -4.11253, 55.83729 ], [ -4.11315, 55.8373 ], [ -4.11358, 55.83709 ], [ -4.1127, 55.83694 ], [ -4.10985, 55.83611 ], [ -4.1072, 55.83659 ] ] ] ] } },
{ "type": "Feature", "properties": { "LSOA11_CD": "S01010092", "Neighborhood_Name": "Baillieston East - 05", "uk_imd2019_LSOA": "S01010092", "uk_imd2019_Rank": "543", "uk_imd2019_SOA_pct": "8", "uk_imd2019_SOA_decile": "1" }, "geometry": { "type": "MultiPolygon", "coordinates": [ [ [ [ -4.11324, 55.84986 ], [ -4.11233, 55.84978 ], [ -4.11246, 55.84948 ], [ -4.11143, 55.84949 ], [ -4.11135, 55.84915 ], [ -4.11052, 55.84914 ], [ -4.11061, 55.84964 ], [ -4.10989, 55.84968 ], [ -4.10969, 55.84836 ], [ -4.10935, 55.84756 ], [ -4.10769, 55.84863 ], [ -4.10715, 55.84846 ], [ -4.10727, 55.84767 ], [ -4.10681, 55.84673 ], [ -4.10629, 55.84603 ], [ -4.11185, 55.84485 ], [ -4.11179, 55.84551 ], [ -4.11233, 55.84539 ], [ -4.11305, 55.84541 ], [ -4.11375, 55.84631 ], [ -4.11374, 55.84673 ], [ -4.11333, 55.84706 ], [ -4.11384, 55.84736 ], [ -4.11379, 55.84819 ], [ -4.11592, 55.84825 ], [ -4.11597, 55.84858 ], [ -4.11641, 55.84859 ], [ -4.11582, 55.8492 ], [ -4.1151, 55.84971 ], [ -4.11421, 55.84956 ], [ -4.11386, 55.84991 ], [ -4.11324, 55.84986 ] ] ] ] } },
{ "type": "Feature", "properties": { "LSOA11_CD": "S01010093", "Neighborhood_Name": "Baillieston East - 06", "uk_imd2019_LSOA": "S01010093", "uk_imd2019_Rank": "3027", "uk_imd2019_SOA_pct": "43", "uk_imd2019_SOA_decile": "5" }, "geometry": { "type": "MultiPolygon", "coordinates": [ [ [ [ -4.11554, 55.85523 ], [ -4.11269, 55.85456 ], [ -4.10877, 55.85349 ], [ -4.10898, 55.85282 ], [ -4.10965, 55.85201 ], [ -4.10905, 55.85181 ], [ -4.10908, 55.85152 ], [ -4.10996, 55.85109 ], [ -4.11026, 55.85112 ], [ -4.11091, 55.85066 ], [ -4.11155, 55.85043 ], [ -4.11214, 55.85049 ], [ -4.11141, 55.85118 ], [ -4.11107, 55.85168 ], [ -4.11301, 55.85214 ], [ -4.11402, 55.85244 ], [ -4.11424, 55.85267 ], [ -4.11485, 55.8525 ], [ -4.11679, 55.85286 ], [ -4.11719, 55.85321 ], [ -4.11785, 55.85304 ], [ -4.11831, 55.85346 ], [ -4.1189, 55.85341 ], [ -4.1193, 55.85388 ], [ -4.11845, 55.85436 ], [ -4.11455, 55.85342 ], [ -4.11504, 55.85388 ], [ -4.11456, 55.85407 ], [ -4.11786, 55.85491 ], [ -4.11712, 55.85504 ], [ -4.11736, 55.8554 ], [ -4.11726, 55.85566 ], [ -4.11554, 55.85523 ] ] ] ] } },
{ "type": "Feature", "properties": { "LSOA11_CD": "S01010099", "Neighborhood_Name": "Garrowhill West - 06", "uk_imd2019_LSOA": "S01010099", "uk_imd2019_Rank": "5603", "uk_imd2019_SOA_pct": "80", "uk_imd2019_SOA_decile": "9" }, "geometry": { "type": "MultiPolygon", "coordinates": [ [ [ [ -4.11828, 55.85182 ], [ -4.11755, 55.85145 ], [ -4.11818, 55.85114 ], [ -4.11757, 55.85075 ], [ -4.1181, 55.85023 ], [ -4.11909, 55.85029 ], [ -4.1244, 55.84966 ], [ -4.12484, 55.8501 ], [ -4.12546, 55.85008 ], [ -4.12554, 55.85044 ], [ -4.12622, 55.85062 ], [ -4.12632, 55.85098 ], [ -4.12585, 55.85142 ], [ -4.12603, 55.85174 ], [ -4.1266, 55.85162 ], [ -4.12709, 55.85247 ], [ -4.12767, 55.8526 ], [ -4.1279, 55.85299 ], [ -4.12589, 55.85369 ], [ -4.12578, 55.85399 ], [ -4.1251, 55.85408 ], [ -4.12345, 55.85429 ], [ -4.12323, 55.85405 ], [ -4.12403, 55.85374 ], [ -4.12383, 55.85358 ], [ -4.12383, 55.85306 ], [ -4.12345, 55.85287 ], [ -4.12297, 55.8531 ], [ -4.12201, 55.85304 ], [ -4.12146, 55.85273 ], [ -4.12065, 55.85295 ], [ -4.1204, 55.85231 ], [ -4.12028, 55.8516 ], [ -4.11967, 55.85168 ], [ -4.11886, 55.85147 ], [ -4.11828, 55.85182 ] ] ] ] } },
{ "type": "Feature", "properties": { "LSOA11_CD": "S01010100", "Neighborhood_Name": "Garrowhill East and Swinton - 01", "uk_imd2019_LSOA": "S01010100", "uk_imd2019_Rank": "3672", "uk_imd2019_SOA_pct": "53", "uk_imd2019_SOA_decile": "6" }, "geometry": { "type": "MultiPolygon", "coordinates": [ [ [ [ -4.09837, 55.85645 ], [ -4.09719, 55.8557 ], [ -4.09556, 55.85561 ], [ -4.09539, 55.85397 ], [ -4.09601, 55.85375 ], [ -4.0976, 55.85342 ], [ -4.09964, 55.85324 ], [ -4.10269, 55.85302 ], [ -4.10405, 55.85264 ], [ -4.10512, 55.85275 ], [ -4.10498, 55.85365 ], [ -4.10434, 55.85365 ], [ -4.10361, 55.854 ], [ -4.10399, 55.85425 ], [ -4.10384, 55.85527 ], [ -4.10279, 55.85667 ], [ -4.10352, 55.85658 ], [ -4.10361, 55.85641 ], [ -4.10583, 55.85633 ], [ -4.10605, 55.85701 ], [ -4.1064, 55.85746 ], [ -4.10567, 55.85742 ], [ -4.1057, 55.85786 ], [ -4.10447, 55.85789 ], [ -4.103, 55.85747 ], [ -4.10284, 55.85776 ], [ -4.10093, 55.85712 ], [ -4.10022, 55.85709 ], [ -4.09883, 55.85679 ], [ -4.09871, 55.8559 ], [ -4.09836, 55.85588 ], [ -4.09837, 55.85645 ] ] ] ] } },
{ "type": "Feature", "properties": { "LSOA11_CD": "S01010101", "Neighborhood_Name": "Garrowhill East and Swinton - 02", "uk_imd2019_LSOA": "S01010101", "uk_imd2019_Rank": "4261", "uk_imd2019_SOA_pct": "61", "uk_imd2019_SOA_decile": "7" }, "geometry": { "type": "MultiPolygon", "coordinates": [ [ [ [ -4.1064, 55.85746 ], [ -4.10605, 55.85701 ], [ -4.10583, 55.85633 ], [ -4.10361, 55.85641 ], [ -4.10352, 55.85658 ], [ -4.10279, 55.85667 ], [ -4.10384, 55.85527 ], [ -4.10399, 55.85425 ], [ -4.10453, 55.85397 ], [ -4.10487, 55.85426 ], [ -4.10544, 55.85421 ], [ -4.10557, 55.85279 ], [ -4.10628, 55.85284 ], [ -4.1076, 55.85309 ], [ -4.10877, 55.85349 ], [ -4.11269, 55.85456 ], [ -4.11221, 55.85509 ], [ -4.11179, 55.85498 ], [ -4.11142, 55.85555 ], [ -4.11086, 55.85531 ], [ -4.11033, 55.85553 ], [ -4.11022, 55.85579 ], [ -4.1097, 55.85591 ], [ -4.10928, 55.85552 ], [ -4.10831, 55.85613 ], [ -4.10767, 55.85673 ], [ -4.10729, 55.85741 ], [ -4.1064, 55.85746 ] ] ] ] } },
{ "type": "Feature", "properties": { "LSOA11_CD": "S01010108", "Neighborhood_Name": "Easterhouse East - 04", "uk_imd2019_LSOA": "S01010108", "uk_imd2019_Rank": "599", "uk_imd2019_SOA_pct": "9", "uk_imd2019_SOA_decile": "1" }, "geometry": { "type": "MultiPolygon", "coordinates": [ [ [ [ -4.10141, 55.86438 ], [ -4.10171, 55.86441 ], [ -4.10154, 55.86501 ], [ -4.10019, 55.86581 ], [ -4.09968, 55.86559 ], [ -4.09887, 55.8663 ], [ -4.09866, 55.8662 ], [ -4.09772, 55.86712 ], [ -4.09726, 55.86786 ], [ -4.09574, 55.86775 ], [ -4.0948, 55.86809 ], [ -4.09465, 55.86889 ], [ -4.09383, 55.86976 ], [ -4.09173, 55.86931 ], [ -4.0936, 55.86544 ], [ -4.09628, 55.86606 ], [ -4.09707, 55.8641 ], [ -4.09843, 55.86422 ], [ -4.09863, 55.86416 ], [ -4.10037, 55.86433 ], [ -4.10094, 55.86418 ], [ -4.10087, 55.86445 ], [ -4.10141, 55.86438 ] ] ] ] } },
{ "type": "Feature", "properties": { "LSOA11_CD": "S01010109", "Neighborhood_Name": "Easterhouse East - 05", "uk_imd2019_LSOA": "S01010109", "uk_imd2019_Rank": "980", "uk_imd2019_SOA_pct": "14", "uk_imd2019_SOA_decile": "2" }, "geometry": { "type": "MultiPolygon", "coordinates": [ [ [ [ -4.07169, 55.86123 ], [ -4.07371, 55.86052 ], [ -4.07675, 55.85954 ], [ -4.07734, 55.8594 ], [ -4.08011, 55.85889 ], [ -4.08295, 55.85866 ], [ -4.08593, 55.85864 ], [ -4.09285, 55.85863 ], [ -4.0933, 55.85963 ], [ -4.0945, 55.85968 ], [ -4.09587, 55.8595 ], [ -4.09788, 55.85984 ], [ -4.09862, 55.86021 ], [ -4.10042, 55.86058 ], [ -4.10407, 55.86077 ], [ -4.10803, 55.8616 ], [ -4.1082, 55.8621 ], [ -4.10786, 55.86282 ], [ -4.10759, 55.86351 ], [ -4.10662, 55.86335 ], [ -4.10552, 55.86339 ], [ -4.1026, 55.86308 ], [ -4.10215, 55.86391 ], [ -4.10115, 55.86395 ], [ -4.10102, 55.86433 ], [ -4.10141, 55.86438 ], [ -4.10087, 55.86445 ], [ -4.10094, 55.86418 ], [ -4.10037, 55.86433 ], [ -4.09863, 55.86416 ], [ -4.09843, 55.86422 ], [ -4.09707, 55.8641 ], [ -4.09628, 55.86606 ], [ -4.0936, 55.86544 ], [ -4.09173, 55.86931 ], [ -4.09383, 55.86976 ], [ -4.09465, 55.86889 ], [ -4.0948, 55.86809 ], [ -4.09574, 55.86775 ], [ -4.09726, 55.86786 ], [ -4.09773, 55.86801 ], [ -4.09725, 55.86917 ], [ -4.09527, 55.86893 ], [ -4.09556, 55.8692 ], [ -4.09536, 55.86941 ], [ -4.09597, 55.86975 ], [ -4.09526, 55.87018 ], [ -4.09463, 55.8704 ], [ -4.09549, 55.8708 ], [ -4.09633, 55.87095 ], [ -4.09622, 55.87044 ], [ -4.09715, 55.87031 ], [ -4.09726, 55.87013 ], [ -4.09796, 55.8701 ], [ -4.09895, 55.87031 ], [ -4.1, 55.87079 ], [ -4.09927, 55.87112 ], [ -4.09893, 55.87087 ], [ -4.09839, 55.87114 ], [ -4.09834, 55.87152 ], [ -4.09955, 55.87238 ], [ -4.09804, 55.87282 ], [ -4.0986, 55.87333 ], [ -4.09934, 55.87447 ], [ -4.1008, 55.87442 ], [ -4.10219, 55.87451 ], [ -4.10306, 55.87484 ], [ -4.10447, 55.87474 ], [ -4.10546, 55.87434 ], [ -4.10653, 55.87429 ], [ -4.10696, 55.87437 ], [ -4.10753, 55.87454 ], [ -4.10779, 55.87481 ], [ -4.10785, 55.87533 ], [ -4.11137, 55.8761 ], [ -4.11461, 55.87676 ], [ -4.11365, 55.87793 ], [ -4.11303, 55.87917 ], [ -4.11159, 55.87943 ], [ -4.10992, 55.87985 ], [ -4.11049, 55.88016 ], [ -4.10977, 55.88058 ], [ -4.10939, 55.88052 ], [ -4.10834, 55.88079 ], [ -4.10753, 55.88071 ], [ -4.10592, 55.88039 ], [ -4.10519, 55.88033 ], [ -4.10497, 55.87912 ], [ -4.10536, 55.87861 ], [ -4.10439, 55.87836 ], [ -4.10438, 55.87865 ], [ -4.10402, 55.87913 ], [ -4.10309, 55.87887 ], [ -4.10236, 55.87951 ], [ -4.10124, 55.87931 ], [ -4.10013, 55.8782 ], [ -4.09899, 55.87854 ], [ -4.0965, 55.87895 ], [ -4.09581, 55.87921 ], [ -4.0951, 55.87931 ], [ -4.09413, 55.87911 ], [ -4.09365, 55.87912 ], [ -4.09127, 55.88093 ], [ -4.09047, 55.88124 ], [ -4.08931, 55.88148 ], [ -4.08831, 55.88165 ], [ -4.08701, 55.8822 ], [ -4.08189, 55.88411 ], [ -4.08014, 55.88139 ], [ -4.07877, 55.88155 ], [ -4.07839, 55.88049 ], [ -4.07943, 55.8783 ], [ -4.08009, 55.87713 ], [ -4.07927, 55.87405 ], [ -4.07939, 55.87066 ], [ -4.07979, 55.8686 ], [ -4.07973, 55.86822 ], [ -4.07929, 55.86766 ], [ -4.07859, 55.86715 ], [ -4.0774, 55.86589 ], [ -4.07718, 55.86496 ], [ -4.0771, 55.86399 ], [ -4.07621, 55.86307 ], [ -4.07495, 55.86237 ], [ -4.07432, 55.86215 ], [ -4.07345, 55.86206 ], [ -4.07169, 55.86123 ] ] ] ] } },
{ "type": "Feature", "properties": { "LSOA11_CD": "S01010102", "Neighborhood_Name": "Garrowhill East and Swinton - 03", "uk_imd2019_LSOA": "S01010102", "uk_imd2019_Rank": "4981", "uk_imd2019_SOA_pct": "71", "uk_imd2019_SOA_decile": "8" }, "geometry": { "type": "MultiPolygon", "coordinates": [ [ [ [ -4.1097, 55.85591 ], [ -4.11022, 55.85579 ], [ -4.11033, 55.85553 ], [ -4.11086, 55.85531 ], [ -4.11142, 55.85555 ], [ -4.11179, 55.85498 ], [ -4.11221, 55.85509 ], [ -4.11269, 55.85456 ], [ -4.11554, 55.85523 ], [ -4.11531, 55.85568 ], [ -4.11443, 55.85675 ], [ -4.11579, 55.85708 ], [ -4.11571, 55.85677 ], [ -4.11615, 55.856 ], [ -4.11781, 55.85635 ], [ -4.1167, 55.85691 ], [ -4.11638, 55.85689 ], [ -4.11556, 55.85786 ], [ -4.11676, 55.85802 ], [ -4.11847, 55.85816 ], [ -4.11907, 55.85828 ], [ -4.11925, 55.85876 ], [ -4.11769, 55.8589 ], [ -4.11755, 55.85845 ], [ -4.11622, 55.85844 ], [ -4.11541, 55.85837 ], [ -4.11458, 55.85819 ], [ -4.11433, 55.85843 ], [ -4.11312, 55.85858 ], [ -4.11202, 55.85812 ], [ -4.11164, 55.85735 ], [ -4.11062, 55.85765 ], [ -4.11005, 55.85715 ], [ -4.10923, 55.85702 ], [ -4.10923, 55.85667 ], [ -4.10889, 55.85637 ], [ -4.1097, 55.85591 ] ] ] ] } },
{ "type": "Feature", "properties": { "LSOA11_CD": "S01010103", "Neighborhood_Name": "Garrowhill East and Swinton - 04", "uk_imd2019_LSOA": "S01010103", "uk_imd2019_Rank": "4896", "uk_imd2019_SOA_pct": "70", "uk_imd2019_SOA_decile": "8" }, "geometry": { "type": "MultiPolygon", "coordinates": [ [ [ [ -4.10903, 55.86185 ], [ -4.1094, 55.86086 ], [ -4.10769, 55.86026 ], [ -4.10758, 55.85983 ], [ -4.11, 55.85966 ], [ -4.11077, 55.85953 ], [ -4.11053, 55.85863 ], [ -4.11026, 55.85859 ], [ -4.10732, 55.85873 ], [ -4.10719, 55.85814 ], [ -4.10729, 55.85741 ], [ -4.10767, 55.85673 ], [ -4.10831, 55.85613 ], [ -4.10928, 55.85552 ], [ -4.1097, 55.85591 ], [ -4.10889, 55.85637 ], [ -4.10923, 55.85667 ], [ -4.10923, 55.85702 ], [ -4.11005, 55.85715 ], [ -4.11062, 55.85765 ], [ -4.11164, 55.85735 ], [ -4.11202, 55.85812 ], [ -4.11312, 55.85858 ], [ -4.11433, 55.85843 ], [ -4.11458, 55.85819 ], [ -4.11541, 55.85837 ], [ -4.11622, 55.85844 ], [ -4.11755, 55.85845 ], [ -4.11769, 55.8589 ], [ -4.11925, 55.85876 ], [ -4.11907, 55.85828 ], [ -4.11847, 55.85816 ], [ -4.11676, 55.85802 ], [ -4.11556, 55.85786 ], [ -4.11638, 55.85689 ], [ -4.1167, 55.85691 ], [ -4.11781, 55.85635 ], [ -4.11615, 55.856 ], [ -4.11571, 55.85677 ], [ -4.11579, 55.85708 ], [ -4.11443, 55.85675 ], [ -4.11531, 55.85568 ], [ -4.11554, 55.85523 ], [ -4.11726, 55.85566 ], [ -4.12105, 55.85655 ], [ -4.12491, 55.85745 ], [ -4.12553, 55.85761 ], [ -4.1241, 55.85834 ], [ -4.12367, 55.85866 ], [ -4.1237, 55.85996 ], [ -4.12385, 55.86073 ], [ -4.12351, 55.86091 ], [ -4.12362, 55.86118 ], [ -4.12283, 55.86142 ], [ -4.12252, 55.86171 ], [ -4.12177, 55.86278 ], [ -4.12125, 55.86353 ], [ -4.11927, 55.86316 ], [ -4.11521, 55.86252 ], [ -4.1106, 55.86191 ], [ -4.10903, 55.86185 ] ] ] ] } },
{ "type": "Feature", "properties": { "LSOA11_CD": "S01010104", "Neighborhood_Name": "Garrowhill East and Swinton - 05", "uk_imd2019_LSOA": "S01010104", "uk_imd2019_Rank": "4863", "uk_imd2019_SOA_pct": "70", "uk_imd2019_SOA_decile": "7" }, "geometry": { "type": "MultiPolygon", "coordinates": [ [ [ [ -4.10803, 55.8616 ], [ -4.10407, 55.86077 ], [ -4.10042, 55.86058 ], [ -4.09862, 55.86021 ], [ -4.09788, 55.85984 ], [ -4.09587, 55.8595 ], [ -4.0945, 55.85968 ], [ -4.0933, 55.85963 ], [ -4.09285, 55.85863 ], [ -4.09445, 55.85864 ], [ -4.09814, 55.85891 ], [ -4.10136, 55.85941 ], [ -4.10191, 55.85935 ], [ -4.09974, 55.85822 ], [ -4.09837, 55.85645 ], [ -4.09836, 55.85588 ], [ -4.09871, 55.8559 ], [ -4.09883, 55.85679 ], [ -4.10022, 55.85709 ], [ -4.10093, 55.85712 ], [ -4.10284, 55.85776 ], [ -4.103, 55.85747 ], [ -4.10447, 55.85789 ], [ -4.1057, 55.85786 ], [ -4.10567, 55.85742 ], [ -4.1064, 55.85746 ], [ -4.10729, 55.85741 ], [ -4.10719, 55.85814 ], [ -4.10732, 55.85873 ], [ -4.11026, 55.85859 ], [ -4.11053, 55.85863 ], [ -4.11077, 55.85953 ], [ -4.11, 55.85966 ], [ -4.10758, 55.85983 ], [ -4.10769, 55.86026 ], [ -4.1094, 55.86086 ], [ -4.10903, 55.86185 ], [ -4.10803, 55.8616 ] ] ] ] } },
{ "type": "Feature", "properties": { "LSOA11_CD": "S01010186", "Neighborhood_Name": "Robroyston and Millerston - 01", "uk_imd2019_LSOA": "S01010186", "uk_imd2019_Rank": "4556", "uk_imd2019_SOA_pct": "65", "uk_imd2019_SOA_decile": "7" }, "geometry": { "type": "MultiPolygon", "coordinates": [ [ [ [ -4.1746, 55.88183 ], [ -4.1775, 55.88145 ], [ -4.18024, 55.88121 ], [ -4.18394, 55.88082 ], [ -4.18585, 55.88025 ], [ -4.18626, 55.88027 ], [ -4.18626, 55.88139 ], [ -4.18515, 55.88204 ], [ -4.1836, 55.88217 ], [ -4.18044, 55.88237 ], [ -4.18048, 55.88267 ], [ -4.17569, 55.88279 ], [ -4.17491, 55.88278 ], [ -4.1746, 55.88183 ] ] ] ] } },
{ "type": "Feature", "properties": { "LSOA11_CD": "S01010105", "Neighborhood_Name": "Easterhouse East - 01", "uk_imd2019_LSOA": "S01010105", "uk_imd2019_Rank": "287", "uk_imd2019_SOA_pct": "4", "uk_imd2019_SOA_decile": "1" }, "geometry": { "type": "MultiPolygon", "coordinates": [ [ [ [ -4.09773, 55.86801 ], [ -4.09953, 55.86813 ], [ -4.09904, 55.86881 ], [ -4.09857, 55.86904 ], [ -4.09923, 55.86959 ], [ -4.09881, 55.86992 ], [ -4.09928, 55.87006 ], [ -4.10132, 55.87151 ], [ -4.10059, 55.87157 ], [ -4.09962, 55.872 ], [ -4.09955, 55.87238 ], [ -4.09834, 55.87152 ], [ -4.09839, 55.87114 ], [ -4.09893, 55.87087 ], [ -4.09927, 55.87112 ], [ -4.1, 55.87079 ], [ -4.09895, 55.87031 ], [ -4.09796, 55.8701 ], [ -4.09726, 55.87013 ], [ -4.09715, 55.87031 ], [ -4.09622, 55.87044 ], [ -4.09633, 55.87095 ], [ -4.09549, 55.8708 ], [ -4.09463, 55.8704 ], [ -4.09526, 55.87018 ], [ -4.09597, 55.86975 ], [ -4.09536, 55.86941 ], [ -4.09556, 55.8692 ], [ -4.09527, 55.86893 ], [ -4.09725, 55.86917 ], [ -4.09773, 55.86801 ] ] ] ] } },
{ "type": "Feature", "properties": { "LSOA11_CD": "S01010110", "Neighborhood_Name": "Central Easterhouse - 01", "uk_imd2019_LSOA": "S01010110", "uk_imd2019_Rank": "255", "uk_imd2019_SOA_pct": "4", "uk_imd2019_SOA_decile": "1" }, "geometry": { "type": "MultiPolygon", "coordinates": [ [ [ [ -4.11326, 55.87104 ], [ -4.11227, 55.87079 ], [ -4.11222, 55.87108 ], [ -4.10992, 55.87087 ], [ -4.10997, 55.87063 ], [ -4.10907, 55.87056 ], [ -4.10915, 55.87025 ], [ -4.108, 55.87019 ], [ -4.10849, 55.86932 ], [ -4.10554, 55.86881 ], [ -4.10453, 55.86867 ], [ -4.10362, 55.86866 ], [ -4.10248, 55.86842 ], [ -4.10296, 55.8677 ], [ -4.10524, 55.8665 ], [ -4.10533, 55.86632 ], [ -4.10686, 55.86629 ], [ -4.10744, 55.86646 ], [ -4.10799, 55.8673 ], [ -4.10843, 55.86758 ], [ -4.10945, 55.86787 ], [ -4.10987, 55.86721 ], [ -4.10916, 55.86702 ], [ -4.10974, 55.86653 ], [ -4.11087, 55.86651 ], [ -4.11138, 55.86682 ], [ -4.1127, 55.86718 ], [ -4.11463, 55.86743 ], [ -4.11437, 55.86794 ], [ -4.11399, 55.86841 ], [ -4.11753, 55.86887 ], [ -4.11704, 55.86894 ], [ -4.11659, 55.86978 ], [ -4.1159, 55.87039 ], [ -4.11535, 55.87061 ], [ -4.11385, 55.87074 ], [ -4.11374, 55.87106 ], [ -4.11326, 55.87104 ] ] ] ] } },
{ "type": "Feature", "properties": { "LSOA11_CD": "S01010111", "Neighborhood_Name": "Central Easterhouse - 02", "uk_imd2019_LSOA": "S01010111", "uk_imd2019_Rank": "52", "uk_imd2019_SOA_pct": "1", "uk_imd2019_SOA_decile": "1" }, "geometry": { "type": "MultiPolygon", "coordinates": [ [ [ [ -4.09955, 55.87238 ], [ -4.09962, 55.872 ], [ -4.10059, 55.87157 ], [ -4.10132, 55.87151 ], [ -4.09928, 55.87006 ], [ -4.09881, 55.86992 ], [ -4.09923, 55.86959 ], [ -4.09857, 55.86904 ], [ -4.09904, 55.86881 ], [ -4.09953, 55.86813 ], [ -4.10032, 55.86728 ], [ -4.10296, 55.8677 ], [ -4.10248, 55.86842 ], [ -4.10362, 55.86866 ], [ -4.10453, 55.86867 ], [ -4.10554, 55.86881 ], [ -4.10849, 55.86932 ], [ -4.108, 55.87019 ], [ -4.10915, 55.87025 ], [ -4.10907, 55.87056 ], [ -4.10997, 55.87063 ], [ -4.10992, 55.87087 ], [ -4.11222, 55.87108 ], [ -4.11227, 55.87079 ], [ -4.11326, 55.87104 ], [ -4.11315, 55.87169 ], [ -4.11267, 55.87168 ], [ -4.11259, 55.87197 ], [ -4.11114, 55.87182 ], [ -4.1092, 55.8717 ], [ -4.10785, 55.87129 ], [ -4.10798, 55.87195 ], [ -4.10821, 55.87411 ], [ -4.10696, 55.87437 ], [ -4.10653, 55.87429 ], [ -4.10546, 55.87434 ], [ -4.10447, 55.87474 ], [ -4.10306, 55.87484 ], [ -4.10219, 55.87451 ], [ -4.1008, 55.87442 ], [ -4.09934, 55.87447 ], [ -4.0986, 55.87333 ], [ -4.09804, 55.87282 ], [ -4.09955, 55.87238 ] ] ] ] } },
{ "type": "Feature", "properties": { "LSOA11_CD": "S01010116", "Neighborhood_Name": "Garthamlock, Auchinlea and Gartloch - 04", "uk_imd2019_LSOA": "S01010116", "uk_imd2019_Rank": "3371", "uk_imd2019_SOA_pct": "48", "uk_imd2019_SOA_decile": "5" }, "geometry": { "type": "MultiPolygon", "coordinates": [ [ [ [ -4.14897, 55.87637 ], [ -4.14888, 55.87575 ], [ -4.14848, 55.87574 ], [ -4.14838, 55.87508 ], [ -4.1463, 55.87539 ], [ -4.1445, 55.876 ], [ -4.14146, 55.87586 ], [ -4.14099, 55.87544 ], [ -4.14011, 55.8735 ], [ -4.1406, 55.87322 ], [ -4.14227, 55.873 ], [ -4.14245, 55.87328 ], [ -4.14444, 55.87306 ], [ -4.14482, 55.87399 ], [ -4.14435, 55.87404 ], [ -4.14465, 55.87473 ], [ -4.1456, 55.87438 ], [ -4.14546, 55.87411 ], [ -4.14603, 55.87405 ], [ -4.14559, 55.87308 ], [ -4.14616, 55.873 ], [ -4.14629, 55.87325 ], [ -4.14687, 55.87318 ], [ -4.14699, 55.87345 ], [ -4.1464, 55.87353 ], [ -4.14665, 55.87396 ], [ -4.14866, 55.87365 ], [ -4.14815, 55.87252 ], [ -4.14905, 55.8724 ], [ -4.14968, 55.87381 ], [ -4.1516, 55.87352 ], [ -4.15158, 55.8739 ], [ -4.1518, 55.87428 ], [ -4.15226, 55.87455 ], [ -4.15239, 55.87519 ], [ -4.15105, 55.87519 ], [ -4.15105, 55.87582 ], [ -4.1506, 55.87585 ], [ -4.15064, 55.87642 ], [ -4.14897, 55.87637 ] ] ] ] } },
{ "type": "Feature", "properties": { "LSOA11_CD": "S01010117", "Neighborhood_Name": "Garthamlock, Auchinlea and Gartloch - 05", "uk_imd2019_LSOA": "S01010117", "uk_imd2019_Rank": "5019", "uk_imd2019_SOA_pct": "72", "uk_imd2019_SOA_decile": "8" }, "geometry": { "type": "MultiPolygon", "coordinates": [ [ [ [ -4.08931, 55.88148 ], [ -4.09047, 55.88124 ], [ -4.09127, 55.88093 ], [ -4.09365, 55.87912 ], [ -4.09413, 55.87911 ], [ -4.0951, 55.87931 ], [ -4.09581, 55.87921 ], [ -4.0965, 55.87895 ], [ -4.09899, 55.87854 ], [ -4.10013, 55.8782 ], [ -4.10124, 55.87931 ], [ -4.10236, 55.87951 ], [ -4.10309, 55.87887 ], [ -4.10402, 55.87913 ], [ -4.10438, 55.87865 ], [ -4.10439, 55.87836 ], [ -4.10536, 55.87861 ], [ -4.10497, 55.87912 ], [ -4.10519, 55.88033 ], [ -4.10592, 55.88039 ], [ -4.10753, 55.88071 ], [ -4.10834, 55.88079 ], [ -4.10939, 55.88052 ], [ -4.10977, 55.88058 ], [ -4.11049, 55.88016 ], [ -4.10992, 55.87985 ], [ -4.11159, 55.87943 ], [ -4.11303, 55.87917 ], [ -4.11365, 55.87793 ], [ -4.11461, 55.87676 ], [ -4.11137, 55.8761 ], [ -4.10785, 55.87533 ], [ -4.10779, 55.87481 ], [ -4.10753, 55.87454 ], [ -4.10696, 55.87437 ], [ -4.10821, 55.87411 ], [ -4.10798, 55.87195 ], [ -4.10785, 55.87129 ], [ -4.1092, 55.8717 ], [ -4.11114, 55.87182 ], [ -4.11259, 55.87197 ], [ -4.11267, 55.87168 ], [ -4.11315, 55.87169 ], [ -4.11326, 55.87104 ], [ -4.11374, 55.87106 ], [ -4.11385, 55.87074 ], [ -4.11535, 55.87061 ], [ -4.1159, 55.87039 ], [ -4.11659, 55.86978 ], [ -4.11704, 55.86894 ], [ -4.11753, 55.86887 ], [ -4.11399, 55.86841 ], [ -4.11437, 55.86794 ], [ -4.1148, 55.868 ], [ -4.11495, 55.86745 ], [ -4.11553, 55.86721 ], [ -4.11505, 55.86643 ], [ -4.11443, 55.86612 ], [ -4.11485, 55.86587 ], [ -4.11432, 55.86559 ], [ -4.11591, 55.8646 ], [ -4.11537, 55.86443 ], [ -4.11449, 55.86433 ], [ -4.11448, 55.86411 ], [ -4.11664, 55.86403 ], [ -4.11735, 55.86439 ], [ -4.11691, 55.86467 ], [ -4.11681, 55.86503 ], [ -4.11809, 55.86562 ], [ -4.11918, 55.86593 ], [ -4.11867, 55.86655 ], [ -4.11886, 55.86718 ], [ -4.11954, 55.86758 ], [ -4.12075, 55.86806 ], [ -4.12051, 55.8685 ], [ -4.11992, 55.86829 ], [ -4.11953, 55.86858 ], [ -4.11936, 55.86909 ], [ -4.12112, 55.86932 ], [ -4.12201, 55.86932 ], [ -4.12289, 55.86911 ], [ -4.12352, 55.86877 ], [ -4.1251, 55.86934 ], [ -4.12411, 55.87009 ], [ -4.12467, 55.87027 ], [ -4.1244, 55.87114 ], [ -4.12153, 55.87146 ], [ -4.12247, 55.87236 ], [ -4.12268, 55.87234 ], [ -4.12378, 55.87403 ], [ -4.12455, 55.87383 ], [ -4.12623, 55.87448 ], [ -4.12724, 55.87389 ], [ -4.12807, 55.87387 ], [ -4.12917, 55.87347 ], [ -4.13024, 55.87269 ], [ -4.12991, 55.87256 ], [ -4.1297, 55.87247 ], [ -4.13038, 55.87194 ], [ -4.13062, 55.87224 ], [ -4.1334, 55.87196 ], [ -4.13337, 55.87179 ], [ -4.13418, 55.87136 ], [ -4.13344, 55.87124 ], [ -4.13254, 55.87126 ], [ -4.13194, 55.87137 ], [ -4.13178, 55.87074 ], [ -4.13269, 55.87036 ], [ -4.13265, 55.87002 ], [ -4.13291, 55.86951 ], [ -4.13371, 55.8689 ], [ -4.13563, 55.86856 ], [ -4.1372, 55.86896 ], [ -4.13997, 55.86938 ], [ -4.13987, 55.87021 ], [ -4.14042, 55.87044 ], [ -4.14052, 55.87083 ], [ -4.14038, 55.87147 ], [ -4.14093, 55.87202 ], [ -4.14021, 55.87233 ], [ -4.1406, 55.87322 ], [ -4.14011, 55.8735 ], [ -4.14099, 55.87544 ], [ -4.14146, 55.87586 ], [ -4.13689, 55.87561 ], [ -4.136, 55.87525 ], [ -4.13567, 55.8761 ], [ -4.13702, 55.87619 ], [ -4.13706, 55.87603 ], [ -4.13984, 55.87618 ], [ -4.1418, 55.87625 ], [ -4.14208, 55.8772 ], [ -4.14489, 55.87741 ], [ -4.14552, 55.87661 ], [ -4.14731, 55.87664 ], [ -4.14897, 55.87637 ], [ -4.15064, 55.87642 ], [ -4.15246, 55.87651 ], [ -4.15254, 55.87668 ], [ -4.15341, 55.87692 ], [ -4.15314, 55.87724 ], [ -4.1522, 55.87747 ], [ -4.15274, 55.87799 ], [ -4.15365, 55.87923 ], [ -4.15632, 55.8795 ], [ -4.16018, 55.87979 ], [ -4.16244, 55.87973 ], [ -4.16254, 55.87898 ], [ -4.16383, 55.87879 ], [ -4.16461, 55.87852 ], [ -4.16508, 55.87817 ], [ -4.16464, 55.87718 ], [ -4.16639, 55.87543 ], [ -4.16649, 55.87486 ], [ -4.16964, 55.87435 ], [ -4.17024, 55.87572 ], [ -4.17048, 55.87676 ], [ -4.17016, 55.8773 ], [ -4.16974, 55.87756 ], [ -4.16856, 55.87784 ], [ -4.16765, 55.87819 ], [ -4.16662, 55.8801 ], [ -4.16698, 55.88111 ], [ -4.16752, 55.88142 ], [ -4.16566, 55.88205 ], [ -4.16476, 55.88255 ], [ -4.1643, 55.88339 ], [ -4.16374, 55.88294 ], [ -4.16346, 55.88308 ], [ -4.16152, 55.88347 ], [ -4.16216, 55.88431 ], [ -4.15838, 55.88582 ], [ -4.15832, 55.88576 ], [ -4.15651, 55.88375 ], [ -4.15549, 55.88424 ], [ -4.15487, 55.88444 ], [ -4.15405, 55.88429 ], [ -4.15286, 55.88457 ], [ -4.15294, 55.88494 ], [ -4.15261, 55.88536 ], [ -4.15242, 55.88646 ], [ -4.15188, 55.88702 ], [ -4.15101, 55.88722 ], [ -4.15041, 55.88669 ], [ -4.14991, 55.88651 ], [ -4.14956, 55.88569 ], [ -4.14918, 55.88551 ], [ -4.14891, 55.88497 ], [ -4.14899, 55.88467 ], [ -4.1485, 55.88405 ], [ -4.14774, 55.88358 ], [ -4.1466, 55.88382 ], [ -4.14545, 55.88372 ], [ -4.14404, 55.88372 ], [ -4.14144, 55.88284 ], [ -4.13822, 55.8832 ], [ -4.13263, 55.88385 ], [ -4.13231, 55.88385 ], [ -4.13098, 55.8834 ], [ -4.13061, 55.88344 ], [ -4.12867, 55.8833 ], [ -4.12949, 55.8854 ], [ -4.12865, 55.88518 ], [ -4.1271, 55.88526 ], [ -4.12678, 55.88563 ], [ -4.12547, 55.88535 ], [ -4.12528, 55.88576 ], [ -4.12492, 55.88579 ], [ -4.12476, 55.88614 ], [ -4.12511, 55.8865 ], [ -4.12524, 55.88702 ], [ -4.1252, 55.888 ], [ -4.11905, 55.88723 ], [ -4.1182, 55.88665 ], [ -4.11784, 55.88654 ], [ -4.11603, 55.88638 ], [ -4.11447, 55.8863 ], [ -4.11384, 55.88638 ], [ -4.11283, 55.88669 ], [ -4.10726, 55.8874 ], [ -4.10708, 55.8872 ], [ -4.1061, 55.88444 ], [ -4.10281, 55.88504 ], [ -4.09751, 55.88514 ], [ -4.09712, 55.88535 ], [ -4.09658, 55.88514 ], [ -4.09491, 55.88519 ], [ -4.09501, 55.88443 ], [ -4.09485, 55.8841 ], [ -4.09293, 55.88231 ], [ -4.09247, 55.8825 ], [ -4.08931, 55.88148 ] ] ] ] } },
{ "type": "Feature", "properties": { "LSOA11_CD": "S01010118", "Neighborhood_Name": "North Barlanark and Easterhouse South - 01", "uk_imd2019_LSOA": "S01010118", "uk_imd2019_Rank": "46", "uk_imd2019_SOA_pct": "1", "uk_imd2019_SOA_decile": "1" }, "geometry": { "type": "MultiPolygon", "coordinates": [ [ [ [ -4.12937, 55.86035 ], [ -4.12942, 55.8601 ], [ -4.13024, 55.85881 ], [ -4.13202, 55.85922 ], [ -4.1346, 55.85989 ], [ -4.13776, 55.86065 ], [ -4.1404, 55.86126 ], [ -4.14009, 55.86167 ], [ -4.14079, 55.86307 ], [ -4.14035, 55.86315 ], [ -4.14005, 55.86251 ], [ -4.1397, 55.86217 ], [ -4.13715, 55.86263 ], [ -4.13724, 55.86281 ], [ -4.13344, 55.86341 ], [ -4.13287, 55.86371 ], [ -4.13385, 55.86427 ], [ -4.13335, 55.86441 ], [ -4.13273, 55.86406 ], [ -4.13196, 55.86379 ], [ -4.13168, 55.86329 ], [ -4.13104, 55.86329 ], [ -4.13074, 55.86275 ], [ -4.13176, 55.86262 ], [ -4.13137, 55.86171 ], [ -4.13162, 55.8611 ], [ -4.13224, 55.86066 ], [ -4.1318, 55.86031 ], [ -4.13088, 55.86048 ], [ -4.12937, 55.86035 ] ] ] ] } },
{ "type": "Feature", "properties": { "LSOA11_CD": "S01010119", "Neighborhood_Name": "North Barlanark and Easterhouse South - 02", "uk_imd2019_LSOA": "S01010119", "uk_imd2019_Rank": "465", "uk_imd2019_SOA_pct": "7", "uk_imd2019_SOA_decile": "1" }, "geometry": { "type": "MultiPolygon", "coordinates": [ [ [ [ -4.12125, 55.86353 ], [ -4.12177, 55.86278 ], [ -4.12316, 55.86277 ], [ -4.12527, 55.86316 ], [ -4.12535, 55.86292 ], [ -4.12602, 55.8629 ], [ -4.12596, 55.86235 ], [ -4.12697, 55.86226 ], [ -4.12966, 55.86215 ], [ -4.12994, 55.8633 ], [ -4.13013, 55.8645 ], [ -4.1303, 55.86619 ], [ -4.12974, 55.86639 ], [ -4.12906, 55.86607 ], [ -4.12784, 55.86648 ], [ -4.1276, 55.86625 ], [ -4.12683, 55.86644 ], [ -4.12544, 55.86591 ], [ -4.12565, 55.86534 ], [ -4.12656, 55.86565 ], [ -4.12755, 55.86522 ], [ -4.12616, 55.86471 ], [ -4.12429, 55.86414 ], [ -4.12125, 55.86353 ] ] ] ] } },
{ "type": "Feature", "properties": { "LSOA11_CD": "S01010120", "Neighborhood_Name": "North Barlanark and Easterhouse South - 03", "uk_imd2019_LSOA": "S01010120", "uk_imd2019_Rank": "92", "uk_imd2019_SOA_pct": "1", "uk_imd2019_SOA_decile": "1" }, "geometry": { "type": "MultiPolygon", "coordinates": [ [ [ [ -4.12974, 55.86639 ], [ -4.1303, 55.86619 ], [ -4.13013, 55.8645 ], [ -4.12994, 55.8633 ], [ -4.12966, 55.86215 ], [ -4.12697, 55.86226 ], [ -4.12692, 55.86194 ], [ -4.12801, 55.86181 ], [ -4.12857, 55.86188 ], [ -4.12906, 55.86175 ], [ -4.12903, 55.86144 ], [ -4.12945, 55.86116 ], [ -4.12942, 55.8609 ], [ -4.12937, 55.86035 ], [ -4.13088, 55.86048 ], [ -4.1318, 55.86031 ], [ -4.13224, 55.86066 ], [ -4.13162, 55.8611 ], [ -4.13137, 55.86171 ], [ -4.13176, 55.86262 ], [ -4.13074, 55.86275 ], [ -4.13104, 55.86329 ], [ -4.13168, 55.86329 ], [ -4.13196, 55.86379 ], [ -4.13273, 55.86406 ], [ -4.13335, 55.86441 ], [ -4.13385, 55.86427 ], [ -4.13287, 55.86371 ], [ -4.13344, 55.86341 ], [ -4.13724, 55.86281 ], [ -4.13765, 55.86361 ], [ -4.13512, 55.86408 ], [ -4.13411, 55.86445 ], [ -4.13328, 55.86486 ], [ -4.1322, 55.86751 ], [ -4.12974, 55.86639 ] ] ] ] } },
{ "type": "Feature", "properties": { "LSOA11_CD": "S01010122", "Neighborhood_Name": "North Barlanark and Easterhouse South - 05", "uk_imd2019_LSOA": "S01010122", "uk_imd2019_Rank": "5", "uk_imd2019_SOA_pct": "0", "uk_imd2019_SOA_decile": "1" }, "geometry": { "type": "MultiPolygon", "coordinates": [ [ [ [ -4.11448, 55.86411 ], [ -4.114, 55.86374 ], [ -4.11406, 55.86335 ], [ -4.11195, 55.86313 ], [ -4.11143, 55.863 ], [ -4.10969, 55.86302 ], [ -4.10921, 55.86311 ], [ -4.10786, 55.86282 ], [ -4.1082, 55.8621 ], [ -4.10803, 55.8616 ], [ -4.10903, 55.86185 ], [ -4.1106, 55.86191 ], [ -4.11521, 55.86252 ], [ -4.11927, 55.86316 ], [ -4.12125, 55.86353 ], [ -4.12429, 55.86414 ], [ -4.12616, 55.86471 ], [ -4.12755, 55.86522 ], [ -4.12656, 55.86565 ], [ -4.12565, 55.86534 ], [ -4.12544, 55.86591 ], [ -4.12683, 55.86644 ], [ -4.1276, 55.86625 ], [ -4.12784, 55.86648 ], [ -4.12906, 55.86607 ], [ -4.12974, 55.86639 ], [ -4.12823, 55.86688 ], [ -4.12688, 55.86726 ], [ -4.12543, 55.86775 ], [ -4.12425, 55.86826 ], [ -4.12352, 55.86877 ], [ -4.12289, 55.86911 ], [ -4.12201, 55.86932 ], [ -4.12112, 55.86932 ], [ -4.11936, 55.86909 ], [ -4.11953, 55.86858 ], [ -4.11992, 55.86829 ], [ -4.12051, 55.8685 ], [ -4.12075, 55.86806 ], [ -4.11954, 55.86758 ], [ -4.11886, 55.86718 ], [ -4.11867, 55.86655 ], [ -4.11918, 55.86593 ], [ -4.11809, 55.86562 ], [ -4.11681, 55.86503 ], [ -4.11691, 55.86467 ], [ -4.11735, 55.86439 ], [ -4.11664, 55.86403 ], [ -4.11448, 55.86411 ] ] ] ] } },
{ "type": "Feature", "properties": { "LSOA11_CD": "S01010123", "Neighborhood_Name": "Barlanark - 01", "uk_imd2019_LSOA": "S01010123", "uk_imd2019_Rank": "310", "uk_imd2019_SOA_pct": "4", "uk_imd2019_SOA_decile": "1" }, "geometry": { "type": "MultiPolygon", "coordinates": [ [ [ [ -4.12553, 55.85761 ], [ -4.12491, 55.85745 ], [ -4.12639, 55.85678 ], [ -4.12865, 55.85559 ], [ -4.12915, 55.85598 ], [ -4.13032, 55.85595 ], [ -4.13096, 55.85582 ], [ -4.13088, 55.85546 ], [ -4.13233, 55.85489 ], [ -4.13278, 55.85757 ], [ -4.13061, 55.85769 ], [ -4.1301, 55.85833 ], [ -4.13044, 55.85851 ], [ -4.13028, 55.85877 ], [ -4.1262, 55.85783 ], [ -4.12553, 55.85761 ] ] ] ] } },
{ "type": "Feature", "properties": { "LSOA11_CD": "S01010126", "Neighborhood_Name": "Barlanark - 04", "uk_imd2019_LSOA": "S01010126", "uk_imd2019_Rank": "1405", "uk_imd2019_SOA_pct": "20", "uk_imd2019_SOA_decile": "3" }, "geometry": { "type": "MultiPolygon", "coordinates": [ [ [ [ -4.14474, 55.86191 ], [ -4.14487, 55.86144 ], [ -4.14536, 55.86145 ], [ -4.14548, 55.86008 ], [ -4.14514, 55.85988 ], [ -4.14406, 55.85971 ], [ -4.14446, 55.85942 ], [ -4.14331, 55.85923 ], [ -4.14348, 55.85909 ], [ -4.14312, 55.85836 ], [ -4.14369, 55.85803 ], [ -4.14418, 55.85822 ], [ -4.14524, 55.85791 ], [ -4.14444, 55.85624 ], [ -4.14539, 55.85616 ], [ -4.14948, 55.85635 ], [ -4.14968, 55.85643 ], [ -4.1507, 55.85639 ], [ -4.15093, 55.85699 ], [ -4.15164, 55.85708 ], [ -4.15154, 55.85752 ], [ -4.15244, 55.85764 ], [ -4.15252, 55.85794 ], [ -4.15179, 55.85822 ], [ -4.15249, 55.85892 ], [ -4.15497, 55.85858 ], [ -4.15456, 55.85889 ], [ -4.15462, 55.85948 ], [ -4.15302, 55.85946 ], [ -4.15202, 55.85953 ], [ -4.15072, 55.85858 ], [ -4.1482, 55.85882 ], [ -4.14825, 55.85928 ], [ -4.1473, 55.85932 ], [ -4.14688, 55.85988 ], [ -4.14807, 55.85997 ], [ -4.14839, 55.86015 ], [ -4.14907, 55.86001 ], [ -4.15032, 55.85995 ], [ -4.15048, 55.86038 ], [ -4.15055, 55.86219 ], [ -4.14743, 55.86214 ], [ -4.1452, 55.86191 ], [ -4.14474, 55.86191 ] ] ] ] } },
{ "type": "Feature", "properties": { "LSOA11_CD": "S01010128", "Neighborhood_Name": "Barlanark - 06", "uk_imd2019_LSOA": "S01010128", "uk_imd2019_Rank": "85", "uk_imd2019_SOA_pct": "1", "uk_imd2019_SOA_decile": "1" }, "geometry": { "type": "MultiPolygon", "coordinates": [ [ [ [ -4.14342, 55.85965 ], [ -4.14406, 55.85971 ], [ -4.14514, 55.85988 ], [ -4.14548, 55.86008 ], [ -4.14536, 55.86145 ], [ -4.14487, 55.86144 ], [ -4.14474, 55.86191 ], [ -4.14184, 55.86154 ], [ -4.1418, 55.86123 ], [ -4.14212, 55.86107 ], [ -4.14275, 55.85973 ], [ -4.14342, 55.85965 ] ] ] ] } },
{ "type": "Feature", "properties": { "LSOA11_CD": "S01010129", "Neighborhood_Name": "Barlanark - 07", "uk_imd2019_LSOA": "S01010129", "uk_imd2019_Rank": "34", "uk_imd2019_SOA_pct": "0", "uk_imd2019_SOA_decile": "1" }, "geometry": { "type": "MultiPolygon", "coordinates": [ [ [ [ -4.13997, 55.86938 ], [ -4.1372, 55.86896 ], [ -4.13563, 55.86856 ], [ -4.1322, 55.86751 ], [ -4.13328, 55.86486 ], [ -4.13411, 55.86445 ], [ -4.13512, 55.86408 ], [ -4.13765, 55.86361 ], [ -4.13724, 55.86281 ], [ -4.13715, 55.86263 ], [ -4.1397, 55.86217 ], [ -4.14005, 55.86251 ], [ -4.14035, 55.86315 ], [ -4.14079, 55.86307 ], [ -4.14009, 55.86167 ], [ -4.1404, 55.86126 ], [ -4.13776, 55.86065 ], [ -4.13791, 55.86031 ], [ -4.13858, 55.85945 ], [ -4.1392, 55.85931 ], [ -4.13951, 55.85966 ], [ -4.14216, 55.85973 ], [ -4.14227, 55.85952 ], [ -4.14342, 55.85965 ], [ -4.14275, 55.85973 ], [ -4.14212, 55.86107 ], [ -4.1418, 55.86123 ], [ -4.14184, 55.86154 ], [ -4.14474, 55.86191 ], [ -4.1452, 55.86191 ], [ -4.14743, 55.86214 ], [ -4.15055, 55.86219 ], [ -4.15501, 55.86219 ], [ -4.15507, 55.86375 ], [ -4.156, 55.86373 ], [ -4.15596, 55.86443 ], [ -4.15509, 55.86446 ], [ -4.15517, 55.8657 ], [ -4.15532, 55.86664 ], [ -4.15553, 55.86727 ], [ -4.15631, 55.86858 ], [ -4.15595, 55.86875 ], [ -4.1524, 55.86953 ], [ -4.1502, 55.86966 ], [ -4.14638, 55.86974 ], [ -4.14376, 55.8697 ], [ -4.14185, 55.86958 ], [ -4.13997, 55.86938 ] ] ] ] } },
{ "type": "Feature", "properties": { "LSOA11_CD": "S01010130", "Neighborhood_Name": "Barlanark - 08", "uk_imd2019_LSOA": "S01010130", "uk_imd2019_Rank": "546", "uk_imd2019_SOA_pct": "8", "uk_imd2019_SOA_decile": "1" }, "geometry": { "type": "MultiPolygon", "coordinates": [ [ [ [ -4.12385, 55.86073 ], [ -4.1237, 55.85996 ], [ -4.12367, 55.85866 ], [ -4.1241, 55.85834 ], [ -4.12553, 55.85761 ], [ -4.1262, 55.85783 ], [ -4.13028, 55.85877 ], [ -4.13044, 55.85851 ], [ -4.1301, 55.85833 ], [ -4.13061, 55.85769 ], [ -4.13278, 55.85757 ], [ -4.13233, 55.85489 ], [ -4.13345, 55.85447 ], [ -4.13455, 55.85383 ], [ -4.13463, 55.85426 ], [ -4.13519, 55.85422 ], [ -4.1353, 55.85479 ], [ -4.13489, 55.85509 ], [ -4.13493, 55.8556 ], [ -4.13817, 55.85549 ], [ -4.14011, 55.85537 ], [ -4.13986, 55.85497 ], [ -4.13982, 55.85321 ], [ -4.14209, 55.85331 ], [ -4.14385, 55.85336 ], [ -4.14372, 55.85385 ], [ -4.1495, 55.85392 ], [ -4.15034, 55.85397 ], [ -4.15055, 55.85429 ], [ -4.15056, 55.85575 ], [ -4.1497, 55.85609 ], [ -4.14948, 55.85635 ], [ -4.14539, 55.85616 ], [ -4.14444, 55.85624 ], [ -4.14274, 55.85654 ], [ -4.14227, 55.85654 ], [ -4.13972, 55.85675 ], [ -4.13922, 55.85726 ], [ -4.13857, 55.85737 ], [ -4.13775, 55.85712 ], [ -4.13608, 55.85743 ], [ -4.13622, 55.85759 ], [ -4.1346, 55.85989 ], [ -4.13202, 55.85922 ], [ -4.13024, 55.85881 ], [ -4.12942, 55.8601 ], [ -4.12937, 55.86035 ], [ -4.12942, 55.8609 ], [ -4.12492, 55.86109 ], [ -4.12424, 55.86109 ], [ -4.12385, 55.86073 ] ] ] ] } },
{ "type": "Feature", "properties": { "LSOA11_CD": "S01010131", "Neighborhood_Name": "Greenfield - 01", "uk_imd2019_LSOA": "S01010131", "uk_imd2019_Rank": "4950", "uk_imd2019_SOA_pct": "71", "uk_imd2019_SOA_decile": "8" }, "geometry": { "type": "MultiPolygon", "coordinates": [ [ [ [ -4.15034, 55.85397 ], [ -4.1495, 55.85392 ], [ -4.14372, 55.85385 ], [ -4.14385, 55.85336 ], [ -4.1444, 55.85171 ], [ -4.14236, 55.85154 ], [ -4.14228, 55.85128 ], [ -4.14074, 55.8512 ], [ -4.14215, 55.85011 ], [ -4.14263, 55.85004 ], [ -4.14265, 55.85069 ], [ -4.14485, 55.85061 ], [ -4.14493, 55.84952 ], [ -4.14709, 55.84953 ], [ -4.14857, 55.84965 ], [ -4.15108, 55.84997 ], [ -4.15478, 55.85055 ], [ -4.15473, 55.85081 ], [ -4.15507, 55.85105 ], [ -4.15478, 55.85124 ], [ -4.15461, 55.85223 ], [ -4.15592, 55.85242 ], [ -4.1558, 55.85255 ], [ -4.157, 55.8529 ], [ -4.15689, 55.85302 ], [ -4.15508, 55.85269 ], [ -4.15459, 55.85292 ], [ -4.15464, 55.85358 ], [ -4.15292, 55.85366 ], [ -4.15293, 55.85397 ], [ -4.1511, 55.85392 ], [ -4.15034, 55.85397 ] ] ] ] } },
{ "type": "Feature", "properties": { "LSOA11_CD": "S01010132", "Neighborhood_Name": "Greenfield - 02", "uk_imd2019_LSOA": "S01010132", "uk_imd2019_Rank": "611", "uk_imd2019_SOA_pct": "9", "uk_imd2019_SOA_decile": "1" }, "geometry": { "type": "MultiPolygon", "coordinates": [ [ [ [ -4.17482, 55.85832 ], [ -4.17431, 55.85802 ], [ -4.17368, 55.85797 ], [ -4.17076, 55.85804 ], [ -4.17067, 55.85579 ], [ -4.16996, 55.85582 ], [ -4.16992, 55.85613 ], [ -4.16883, 55.85616 ], [ -4.16883, 55.85648 ], [ -4.16808, 55.8565 ], [ -4.16801, 55.8559 ], [ -4.16593, 55.856 ], [ -4.16589, 55.85551 ], [ -4.16543, 55.85521 ], [ -4.16545, 55.85483 ], [ -4.1645, 55.85527 ], [ -4.16385, 55.85528 ], [ -4.16387, 55.85596 ], [ -4.16289, 55.85597 ], [ -4.16276, 55.85485 ], [ -4.16436, 55.8548 ], [ -4.16501, 55.85448 ], [ -4.16502, 55.85385 ], [ -4.16461, 55.8537 ], [ -4.16816, 55.85376 ], [ -4.16865, 55.85381 ], [ -4.17164, 55.85412 ], [ -4.17464, 55.85459 ], [ -4.17804, 55.85481 ], [ -4.17805, 55.85505 ], [ -4.1792, 55.85527 ], [ -4.17979, 55.85642 ], [ -4.17982, 55.85669 ], [ -4.1776, 55.85756 ], [ -4.17554, 55.85843 ], [ -4.17482, 55.85832 ] ] ] ] } },
{ "type": "Feature", "properties": { "LSOA11_CD": "S01010133", "Neighborhood_Name": "Greenfield - 03", "uk_imd2019_LSOA": "S01010133", "uk_imd2019_Rank": "105", "uk_imd2019_SOA_pct": "2", "uk_imd2019_SOA_decile": "1" }, "geometry": { "type": "MultiPolygon", "coordinates": [ [ [ [ -4.16571, 55.85954 ], [ -4.16592, 55.85889 ], [ -4.16437, 55.85891 ], [ -4.16439, 55.85864 ], [ -4.16646, 55.85831 ], [ -4.1662, 55.85792 ], [ -4.16233, 55.85852 ], [ -4.16151, 55.8566 ], [ -4.16381, 55.8563 ], [ -4.16401, 55.85671 ], [ -4.16586, 55.85645 ], [ -4.16593, 55.856 ], [ -4.16801, 55.8559 ], [ -4.16808, 55.8565 ], [ -4.16883, 55.85648 ], [ -4.16883, 55.85616 ], [ -4.16992, 55.85613 ], [ -4.16996, 55.85582 ], [ -4.17067, 55.85579 ], [ -4.17076, 55.85804 ], [ -4.17368, 55.85797 ], [ -4.17431, 55.85802 ], [ -4.17482, 55.85832 ], [ -4.17278, 55.85927 ], [ -4.17232, 55.85971 ], [ -4.17167, 55.85983 ], [ -4.17096, 55.85968 ], [ -4.16783, 55.85991 ], [ -4.16781, 55.85959 ], [ -4.16571, 55.85954 ] ] ] ] } },
{ "type": "Feature", "properties": { "LSOA11_CD": "S01010134", "Neighborhood_Name": "Greenfield - 04", "uk_imd2019_LSOA": "S01010134", "uk_imd2019_Rank": "817", "uk_imd2019_SOA_pct": "12", "uk_imd2019_SOA_decile": "2" }, "geometry": { "type": "MultiPolygon", "coordinates": [ [ [ [ -4.15872, 55.85711 ], [ -4.1579, 55.85751 ], [ -4.15747, 55.85757 ], [ -4.15689, 55.85807 ], [ -4.15611, 55.85772 ], [ -4.15565, 55.857 ], [ -4.15609, 55.85679 ], [ -4.15646, 55.85628 ], [ -4.15823, 55.85605 ], [ -4.15901, 55.85514 ], [ -4.15981, 55.85491 ], [ -4.15997, 55.85459 ], [ -4.16353, 55.85445 ], [ -4.16501, 55.85448 ], [ -4.16436, 55.8548 ], [ -4.16276, 55.85485 ], [ -4.16289, 55.85597 ], [ -4.16387, 55.85596 ], [ -4.16385, 55.85528 ], [ -4.1645, 55.85527 ], [ -4.16545, 55.85483 ], [ -4.16543, 55.85521 ], [ -4.16589, 55.85551 ], [ -4.16593, 55.856 ], [ -4.16586, 55.85645 ], [ -4.16401, 55.85671 ], [ -4.16381, 55.8563 ], [ -4.16151, 55.8566 ], [ -4.16233, 55.85852 ], [ -4.1662, 55.85792 ], [ -4.16646, 55.85831 ], [ -4.16439, 55.85864 ], [ -4.1616, 55.85903 ], [ -4.16093, 55.85891 ], [ -4.16067, 55.85818 ], [ -4.16111, 55.85773 ], [ -4.16022, 55.85752 ], [ -4.16, 55.8568 ], [ -4.15964, 55.85635 ], [ -4.15878, 55.85643 ], [ -4.15845, 55.85683 ], [ -4.15872, 55.85711 ] ] ] ] } },
{ "type": "Feature", "properties": { "LSOA11_CD": "S01010135", "Neighborhood_Name": "Greenfield - 05", "uk_imd2019_LSOA": "S01010135", "uk_imd2019_Rank": "750", "uk_imd2019_SOA_pct": "11", "uk_imd2019_SOA_decile": "2" }, "geometry": { "type": "MultiPolygon", "coordinates": [ [ [ [ -4.15872, 55.85711 ], [ -4.15845, 55.85683 ], [ -4.15878, 55.85643 ], [ -4.15964, 55.85635 ], [ -4.16, 55.8568 ], [ -4.16022, 55.85752 ], [ -4.16111, 55.85773 ], [ -4.16067, 55.85818 ], [ -4.16093, 55.85891 ], [ -4.1616, 55.85903 ], [ -4.16439, 55.85864 ], [ -4.16437, 55.85891 ], [ -4.16592, 55.85889 ], [ -4.16571, 55.85954 ], [ -4.16493, 55.85983 ], [ -4.16445, 55.85981 ], [ -4.16452, 55.86023 ], [ -4.16425, 55.86049 ], [ -4.16322, 55.86052 ], [ -4.16209, 55.86046 ], [ -4.16199, 55.86017 ], [ -4.16099, 55.86015 ], [ -4.16057, 55.86045 ], [ -4.16101, 55.86093 ], [ -4.1621, 55.86115 ], [ -4.16166, 55.86134 ], [ -4.16037, 55.86111 ], [ -4.16038, 55.86079 ], [ -4.1583, 55.86037 ], [ -4.15821, 55.85995 ], [ -4.15862, 55.85986 ], [ -4.15892, 55.85954 ], [ -4.15885, 55.8593 ], [ -4.15799, 55.85921 ], [ -4.15776, 55.85844 ], [ -4.15809, 55.85831 ], [ -4.15888, 55.85762 ], [ -4.15872, 55.85711 ] ] ] ] } },
{ "type": "Feature", "properties": { "LSOA11_CD": "S01010136", "Neighborhood_Name": "Greenfield - 06", "uk_imd2019_LSOA": "S01010136", "uk_imd2019_Rank": "2495", "uk_imd2019_SOA_pct": "36", "uk_imd2019_SOA_decile": "4" }, "geometry": { "type": "MultiPolygon", "coordinates": [ [ [ [ -4.14948, 55.85635 ], [ -4.1497, 55.85609 ], [ -4.15056, 55.85575 ], [ -4.15055, 55.85429 ], [ -4.15034, 55.85397 ], [ -4.1511, 55.85392 ], [ -4.15293, 55.85397 ], [ -4.15292, 55.85366 ], [ -4.15464, 55.85358 ], [ -4.15465, 55.8537 ], [ -4.15808, 55.85357 ], [ -4.15842, 55.8539 ], [ -4.15817, 55.85466 ], [ -4.15997, 55.85459 ], [ -4.15981, 55.85491 ], [ -4.15901, 55.85514 ], [ -4.15823, 55.85605 ], [ -4.15646, 55.85628 ], [ -4.15609, 55.85679 ], [ -4.15565, 55.857 ], [ -4.15538, 55.85641 ], [ -4.15459, 55.8563 ], [ -4.15523, 55.85742 ], [ -4.15472, 55.85751 ], [ -4.15506, 55.85808 ], [ -4.15497, 55.85858 ], [ -4.15249, 55.85892 ], [ -4.15179, 55.85822 ], [ -4.15252, 55.85794 ], [ -4.15244, 55.85764 ], [ -4.15154, 55.85752 ], [ -4.15164, 55.85708 ], [ -4.15093, 55.85699 ], [ -4.1507, 55.85639 ], [ -4.14968, 55.85643 ], [ -4.14948, 55.85635 ] ] ] ] } },
{ "type": "Feature", "properties": { "LSOA11_CD": "S01010139", "Neighborhood_Name": "Shettleston North - 03", "uk_imd2019_LSOA": "S01010139", "uk_imd2019_Rank": "647", "uk_imd2019_SOA_pct": "9", "uk_imd2019_SOA_decile": "1" }, "geometry": { "type": "MultiPolygon", "coordinates": [ [ [ [ -4.15507, 55.85105 ], [ -4.15473, 55.85081 ], [ -4.15478, 55.85055 ], [ -4.15654, 55.85083 ], [ -4.15664, 55.85008 ], [ -4.15729, 55.84966 ], [ -4.15669, 55.84931 ], [ -4.15722, 55.84902 ], [ -4.15717, 55.84814 ], [ -4.15793, 55.848 ], [ -4.15935, 55.84794 ], [ -4.16005, 55.84759 ], [ -4.16068, 55.84793 ], [ -4.16263, 55.84798 ], [ -4.16352, 55.84824 ], [ -4.16337, 55.8492 ], [ -4.16417, 55.84918 ], [ -4.16422, 55.84957 ], [ -4.16445, 55.85008 ], [ -4.16519, 55.85064 ], [ -4.16516, 55.85096 ], [ -4.1657, 55.8512 ], [ -4.16519, 55.85151 ], [ -4.1644, 55.85151 ], [ -4.16434, 55.85177 ], [ -4.16384, 55.85185 ], [ -4.16287, 55.85171 ], [ -4.16243, 55.85161 ], [ -4.16201, 55.85218 ], [ -4.16036, 55.85188 ], [ -4.15507, 55.85105 ] ] ] ] } },
{ "type": "Feature", "properties": { "LSOA11_CD": "S01010140", "Neighborhood_Name": "Shettleston North - 04", "uk_imd2019_LSOA": "S01010140", "uk_imd2019_Rank": "1885", "uk_imd2019_SOA_pct": "27", "uk_imd2019_SOA_decile": "3" }, "geometry": { "type": "MultiPolygon", "coordinates": [ [ [ [ -4.15464, 55.85358 ], [ -4.15459, 55.85292 ], [ -4.15508, 55.85269 ], [ -4.15689, 55.85302 ], [ -4.157, 55.8529 ], [ -4.1558, 55.85255 ], [ -4.15592, 55.85242 ], [ -4.15461, 55.85223 ], [ -4.15478, 55.85124 ], [ -4.15507, 55.85105 ], [ -4.16036, 55.85188 ], [ -4.16201, 55.85218 ], [ -4.16243, 55.85161 ], [ -4.16287, 55.85171 ], [ -4.16272, 55.85188 ], [ -4.16421, 55.85233 ], [ -4.16505, 55.85244 ], [ -4.16897, 55.85271 ], [ -4.16865, 55.85381 ], [ -4.16816, 55.85376 ], [ -4.16461, 55.8537 ], [ -4.16502, 55.85385 ], [ -4.16501, 55.85448 ], [ -4.16353, 55.85445 ], [ -4.15997, 55.85459 ], [ -4.15817, 55.85466 ], [ -4.15842, 55.8539 ], [ -4.15808, 55.85357 ], [ -4.15465, 55.8537 ], [ -4.15464, 55.85358 ] ] ] ] } },
{ "type": "Feature", "properties": { "LSOA11_CD": "S01010141", "Neighborhood_Name": "Shettleston North - 05", "uk_imd2019_LSOA": "S01010141", "uk_imd2019_Rank": "120", "uk_imd2019_SOA_pct": "2", "uk_imd2019_SOA_decile": "1" }, "geometry": { "type": "MultiPolygon", "coordinates": [ [ [ [ -4.16897, 55.85271 ], [ -4.16505, 55.85244 ], [ -4.16421, 55.85233 ], [ -4.16272, 55.85188 ], [ -4.16287, 55.85171 ], [ -4.16384, 55.85185 ], [ -4.16434, 55.85177 ], [ -4.1644, 55.85151 ], [ -4.16519, 55.85151 ], [ -4.1657, 55.8512 ], [ -4.16516, 55.85096 ], [ -4.16519, 55.85064 ], [ -4.16445, 55.85008 ], [ -4.16422, 55.84957 ], [ -4.16482, 55.84955 ], [ -4.1649, 55.8498 ], [ -4.16636, 55.84982 ], [ -4.16699, 55.84968 ], [ -4.16751, 55.84988 ], [ -4.16956, 55.84991 ], [ -4.16935, 55.85027 ], [ -4.16958, 55.85062 ], [ -4.17053, 55.85069 ], [ -4.17048, 55.85101 ], [ -4.1695, 55.85098 ], [ -4.16933, 55.85184 ], [ -4.16923, 55.85274 ], [ -4.16897, 55.85271 ] ] ] ] } },
{ "type": "Feature", "properties": { "LSOA11_CD": "S01010142", "Neighborhood_Name": "Tollcross - 01", "uk_imd2019_LSOA": "S01010142", "uk_imd2019_Rank": "333", "uk_imd2019_SOA_pct": "5", "uk_imd2019_SOA_decile": "1" }, "geometry": { "type": "MultiPolygon", "coordinates": [ [ [ [ -4.16933, 55.85184 ], [ -4.1695, 55.85098 ], [ -4.17048, 55.85101 ], [ -4.17053, 55.85069 ], [ -4.16958, 55.85062 ], [ -4.16935, 55.85027 ], [ -4.16956, 55.84991 ], [ -4.16988, 55.84951 ], [ -4.17007, 55.8489 ], [ -4.17156, 55.84869 ], [ -4.17401, 55.84927 ], [ -4.17372, 55.84952 ], [ -4.17352, 55.85021 ], [ -4.17406, 55.85026 ], [ -4.1736, 55.85064 ], [ -4.1741, 55.85121 ], [ -4.17406, 55.85152 ], [ -4.17343, 55.85154 ], [ -4.17337, 55.85182 ], [ -4.17048, 55.8517 ], [ -4.17047, 55.85188 ], [ -4.16933, 55.85184 ] ] ] ] } },
{ "type": "Feature", "properties": { "LSOA11_CD": "S01010143", "Neighborhood_Name": "Tollcross - 02", "uk_imd2019_LSOA": "S01010143", "uk_imd2019_Rank": "1443", "uk_imd2019_SOA_pct": "21", "uk_imd2019_SOA_decile": "3" }, "geometry": { "type": "MultiPolygon", "coordinates": [ [ [ [ -4.16422, 55.84957 ], [ -4.16417, 55.84918 ], [ -4.16337, 55.8492 ], [ -4.16352, 55.84824 ], [ -4.16458, 55.84801 ], [ -4.16555, 55.84768 ], [ -4.16646, 55.84767 ], [ -4.16677, 55.84578 ], [ -4.16739, 55.84573 ], [ -4.16786, 55.84586 ], [ -4.16732, 55.84616 ], [ -4.16788, 55.84686 ], [ -4.16982, 55.84684 ], [ -4.17062, 55.8473 ], [ -4.17028, 55.84759 ], [ -4.1705, 55.84785 ], [ -4.17104, 55.84782 ], [ -4.17135, 55.84823 ], [ -4.17093, 55.84813 ], [ -4.17063, 55.84855 ], [ -4.17012, 55.84854 ], [ -4.17007, 55.8489 ], [ -4.16988, 55.84951 ], [ -4.16956, 55.84991 ], [ -4.16751, 55.84988 ], [ -4.16699, 55.84968 ], [ -4.16636, 55.84982 ], [ -4.1649, 55.8498 ], [ -4.16482, 55.84955 ], [ -4.16422, 55.84957 ] ] ] ] } },
{ "type": "Feature", "properties": { "LSOA11_CD": "S01010144", "Neighborhood_Name": "Tollcross - 03", "uk_imd2019_LSOA": "S01010144", "uk_imd2019_Rank": "767", "uk_imd2019_SOA_pct": "11", "uk_imd2019_SOA_decile": "2" }, "geometry": { "type": "MultiPolygon", "coordinates": [ [ [ [ -4.17007, 55.8489 ], [ -4.17012, 55.84854 ], [ -4.17063, 55.84855 ], [ -4.17093, 55.84813 ], [ -4.17135, 55.84823 ], [ -4.17195, 55.84809 ], [ -4.17239, 55.84745 ], [ -4.17195, 55.84733 ], [ -4.17223, 55.84688 ], [ -4.17313, 55.84702 ], [ -4.17324, 55.84631 ], [ -4.17411, 55.84626 ], [ -4.17416, 55.84603 ], [ -4.17499, 55.84618 ], [ -4.17531, 55.84603 ], [ -4.17508, 55.84546 ], [ -4.17576, 55.84551 ], [ -4.17554, 55.8466 ], [ -4.17671, 55.84657 ], [ -4.17674, 55.8469 ], [ -4.17631, 55.8472 ], [ -4.17532, 55.84712 ], [ -4.175, 55.84803 ], [ -4.17574, 55.84814 ], [ -4.1756, 55.84847 ], [ -4.17649, 55.84858 ], [ -4.17612, 55.8493 ], [ -4.17458, 55.84912 ], [ -4.17498, 55.84945 ], [ -4.1747, 55.84986 ], [ -4.17417, 55.84991 ], [ -4.17406, 55.85026 ], [ -4.17352, 55.85021 ], [ -4.17372, 55.84952 ], [ -4.17401, 55.84927 ], [ -4.17156, 55.84869 ], [ -4.17007, 55.8489 ] ] ] ] } },
{ "type": "Feature", "properties": { "LSOA11_CD": "S01010145", "Neighborhood_Name": "Tollcross - 04", "uk_imd2019_LSOA": "S01010145", "uk_imd2019_Rank": "1600", "uk_imd2019_SOA_pct": "23", "uk_imd2019_SOA_decile": "3" }, "geometry": { "type": "MultiPolygon", "coordinates": [ [ [ [ -4.17711, 55.85216 ], [ -4.17337, 55.85182 ], [ -4.17343, 55.85154 ], [ -4.17406, 55.85152 ], [ -4.1741, 55.85121 ], [ -4.1736, 55.85064 ], [ -4.17406, 55.85026 ], [ -4.17417, 55.84991 ], [ -4.1747, 55.84986 ], [ -4.17498, 55.84945 ], [ -4.17458, 55.84912 ], [ -4.17612, 55.8493 ], [ -4.17815, 55.84957 ], [ -4.17801, 55.8505 ], [ -4.17764, 55.85133 ], [ -4.1785, 55.85131 ], [ -4.17991, 55.85144 ], [ -4.17948, 55.85198 ], [ -4.17879, 55.85195 ], [ -4.1787, 55.85228 ], [ -4.17711, 55.85216 ] ] ] ] } },
{ "type": "Feature", "properties": { "LSOA11_CD": "S01010146", "Neighborhood_Name": "Tollcross - 05", "uk_imd2019_LSOA": "S01010146", "uk_imd2019_Rank": "398", "uk_imd2019_SOA_pct": "6", "uk_imd2019_SOA_decile": "1" }, "geometry": { "type": "MultiPolygon", "coordinates": [ [ [ [ -4.17711, 55.85216 ], [ -4.1787, 55.85228 ], [ -4.17879, 55.85195 ], [ -4.17948, 55.85198 ], [ -4.17991, 55.85144 ], [ -4.18065, 55.85141 ], [ -4.18217, 55.85152 ], [ -4.1823, 55.85098 ], [ -4.1829, 55.85105 ], [ -4.18263, 55.85183 ], [ -4.18235, 55.8518 ], [ -4.18201, 55.8526 ], [ -4.18345, 55.85276 ], [ -4.17841, 55.85336 ], [ -4.17783, 55.8525 ], [ -4.17711, 55.85216 ] ] ] ] } },
{ "type": "Feature", "properties": { "LSOA11_CD": "S01010147", "Neighborhood_Name": "Old Shettleston and Parkhead North - 01", "uk_imd2019_LSOA": "S01010147", "uk_imd2019_Rank": "125", "uk_imd2019_SOA_pct": "2", "uk_imd2019_SOA_decile": "1" }, "geometry": { "type": "MultiPolygon", "coordinates": [ [ [ [ -4.17787, 55.85403 ], [ -4.17695, 55.85396 ], [ -4.17471, 55.85411 ], [ -4.17408, 55.85396 ], [ -4.17186, 55.85368 ], [ -4.17164, 55.85412 ], [ -4.16865, 55.85381 ], [ -4.16897, 55.85271 ], [ -4.16923, 55.85274 ], [ -4.16933, 55.85184 ], [ -4.17047, 55.85188 ], [ -4.17048, 55.8517 ], [ -4.17337, 55.85182 ], [ -4.17711, 55.85216 ], [ -4.17783, 55.8525 ], [ -4.17841, 55.85336 ], [ -4.18345, 55.85276 ], [ -4.18349, 55.85314 ], [ -4.18315, 55.85327 ], [ -4.18354, 55.8547 ], [ -4.18199, 55.85476 ], [ -4.1819, 55.85447 ], [ -4.18105, 55.85433 ], [ -4.18097, 55.85411 ], [ -4.17948, 55.85424 ], [ -4.17911, 55.85359 ], [ -4.1784, 55.85367 ], [ -4.17787, 55.85403 ] ] ] ] } },
{ "type": "Feature", "properties": { "LSOA11_CD": "S01010148", "Neighborhood_Name": "Old Shettleston and Parkhead North - 02", "uk_imd2019_LSOA": "S01010148", "uk_imd2019_Rank": "258", "uk_imd2019_SOA_pct": "4", "uk_imd2019_SOA_decile": "1" }, "geometry": { "type": "MultiPolygon", "coordinates": [ [ [ [ -4.18612, 55.85895 ], [ -4.18637, 55.8586 ], [ -4.1871, 55.85875 ], [ -4.18692, 55.85835 ], [ -4.18941, 55.85676 ], [ -4.1896, 55.85679 ], [ -4.19104, 55.85761 ], [ -4.19177, 55.8571 ], [ -4.19208, 55.85655 ], [ -4.19187, 55.85648 ], [ -4.19241, 55.85494 ], [ -4.19038, 55.85474 ], [ -4.18799, 55.8546 ], [ -4.18784, 55.85411 ], [ -4.18813, 55.85316 ], [ -4.18652, 55.85301 ], [ -4.18641, 55.85276 ], [ -4.18587, 55.85279 ], [ -4.18626, 55.85211 ], [ -4.18741, 55.85197 ], [ -4.18766, 55.85231 ], [ -4.18883, 55.85212 ], [ -4.18916, 55.85209 ], [ -4.18933, 55.85269 ], [ -4.19228, 55.85281 ], [ -4.19306, 55.85281 ], [ -4.19745, 55.85313 ], [ -4.19755, 55.85453 ], [ -4.19803, 55.85491 ], [ -4.19888, 55.85524 ], [ -4.19935, 55.85563 ], [ -4.20036, 55.85622 ], [ -4.20172, 55.85631 ], [ -4.20261, 55.85654 ], [ -4.20259, 55.85744 ], [ -4.203, 55.85779 ], [ -4.19977, 55.85749 ], [ -4.19892, 55.85765 ], [ -4.19714, 55.85809 ], [ -4.1961, 55.85851 ], [ -4.19381, 55.85912 ], [ -4.18988, 55.85983 ], [ -4.18829, 55.85942 ], [ -4.18612, 55.85895 ] ] ] ] } },
{ "type": "Feature", "properties": { "LSOA11_CD": "S01010149", "Neighborhood_Name": "Old Shettleston and Parkhead North - 03", "uk_imd2019_LSOA": "S01010149", "uk_imd2019_Rank": "1709", "uk_imd2019_SOA_pct": "24", "uk_imd2019_SOA_decile": "3" }, "geometry": { "type": "MultiPolygon", "coordinates": [ [ [ [ -4.17787, 55.85403 ], [ -4.1784, 55.85367 ], [ -4.17911, 55.85359 ], [ -4.17948, 55.85424 ], [ -4.18097, 55.85411 ], [ -4.18105, 55.85433 ], [ -4.1819, 55.85447 ], [ -4.18199, 55.85476 ], [ -4.18354, 55.8547 ], [ -4.18799, 55.8546 ], [ -4.19038, 55.85474 ], [ -4.19241, 55.85494 ], [ -4.19187, 55.85648 ], [ -4.19208, 55.85655 ], [ -4.19177, 55.8571 ], [ -4.19104, 55.85761 ], [ -4.1896, 55.85679 ], [ -4.18941, 55.85676 ], [ -4.18692, 55.85835 ], [ -4.18444, 55.85784 ], [ -4.18129, 55.85726 ], [ -4.18193, 55.85699 ], [ -4.18265, 55.85692 ], [ -4.18221, 55.85549 ], [ -4.18005, 55.85572 ], [ -4.17984, 55.85508 ], [ -4.17959, 55.85471 ], [ -4.17802, 55.8547 ], [ -4.17787, 55.85403 ] ] ] ] } },
{ "type": "Feature", "properties": { "LSOA11_CD": "S01010150", "Neighborhood_Name": "Old Shettleston and Parkhead North - 04", "uk_imd2019_LSOA": "S01010150", "uk_imd2019_Rank": "116", "uk_imd2019_SOA_pct": "2", "uk_imd2019_SOA_decile": "1" }, "geometry": { "type": "MultiPolygon", "coordinates": [ [ [ [ -4.1776, 55.85756 ], [ -4.17982, 55.85669 ], [ -4.17979, 55.85642 ], [ -4.1792, 55.85527 ], [ -4.17805, 55.85505 ], [ -4.17804, 55.85481 ], [ -4.17464, 55.85459 ], [ -4.17164, 55.85412 ], [ -4.17186, 55.85368 ], [ -4.17408, 55.85396 ], [ -4.17471, 55.85411 ], [ -4.17695, 55.85396 ], [ -4.17787, 55.85403 ], [ -4.17802, 55.8547 ], [ -4.17959, 55.85471 ], [ -4.17984, 55.85508 ], [ -4.18005, 55.85572 ], [ -4.18221, 55.85549 ], [ -4.18265, 55.85692 ], [ -4.18193, 55.85699 ], [ -4.18129, 55.85726 ], [ -4.18444, 55.85784 ], [ -4.18692, 55.85835 ], [ -4.1871, 55.85875 ], [ -4.18637, 55.8586 ], [ -4.18612, 55.85895 ], [ -4.18489, 55.85869 ], [ -4.18461, 55.85908 ], [ -4.18406, 55.85934 ], [ -4.18541, 55.85977 ], [ -4.18572, 55.86005 ], [ -4.18635, 55.85996 ], [ -4.18639, 55.86033 ], [ -4.18311, 55.86082 ], [ -4.1813, 55.86109 ], [ -4.18176, 55.86065 ], [ -4.18186, 55.8603 ], [ -4.18271, 55.86022 ], [ -4.18255, 55.85964 ], [ -4.18192, 55.85925 ], [ -4.18142, 55.85952 ], [ -4.18075, 55.8592 ], [ -4.18, 55.85924 ], [ -4.17972, 55.85822 ], [ -4.17905, 55.85832 ], [ -4.179, 55.85772 ], [ -4.17776, 55.8577 ], [ -4.1776, 55.85756 ] ] ] ] } },
{ "type": "Feature", "properties": { "LSOA11_CD": "S01010154", "Neighborhood_Name": "Carntyne - 03", "uk_imd2019_LSOA": "S01010154", "uk_imd2019_Rank": "494", "uk_imd2019_SOA_pct": "7", "uk_imd2019_SOA_decile": "1" }, "geometry": { "type": "MultiPolygon", "coordinates": [ [ [ [ -4.18311, 55.86082 ], [ -4.18639, 55.86033 ], [ -4.18766, 55.86015 ], [ -4.18768, 55.86049 ], [ -4.19061, 55.86014 ], [ -4.19085, 55.86156 ], [ -4.19132, 55.86145 ], [ -4.1914, 55.8622 ], [ -4.19194, 55.86252 ], [ -4.19201, 55.86304 ], [ -4.19251, 55.86312 ], [ -4.1942, 55.86314 ], [ -4.19417, 55.86342 ], [ -4.19314, 55.8634 ], [ -4.19313, 55.86378 ], [ -4.19086, 55.86377 ], [ -4.19033, 55.86416 ], [ -4.18693, 55.86426 ], [ -4.18673, 55.86387 ], [ -4.18622, 55.86389 ], [ -4.18612, 55.86356 ], [ -4.18485, 55.86361 ], [ -4.18571, 55.86327 ], [ -4.18513, 55.86277 ], [ -4.18367, 55.8628 ], [ -4.18309, 55.86332 ], [ -4.18215, 55.86285 ], [ -4.18256, 55.86267 ], [ -4.18249, 55.86232 ], [ -4.18369, 55.86229 ], [ -4.18479, 55.86236 ], [ -4.18493, 55.8622 ], [ -4.18603, 55.86217 ], [ -4.186, 55.8619 ], [ -4.18362, 55.86195 ], [ -4.184, 55.86164 ], [ -4.18376, 55.86107 ], [ -4.18325, 55.86111 ], [ -4.18311, 55.86082 ] ] ] ] } },
{ "type": "Feature", "properties": { "LSOA11_CD": "S01010155", "Neighborhood_Name": "Carntyne - 04", "uk_imd2019_LSOA": "S01010155", "uk_imd2019_Rank": "1394", "uk_imd2019_SOA_pct": "20", "uk_imd2019_SOA_decile": "2" }, "geometry": { "type": "MultiPolygon", "coordinates": [ [ [ [ -4.18042, 55.86447 ], [ -4.17967, 55.86443 ], [ -4.17907, 55.86411 ], [ -4.17968, 55.86376 ], [ -4.17892, 55.86336 ], [ -4.17769, 55.86342 ], [ -4.17709, 55.86286 ], [ -4.17807, 55.86224 ], [ -4.17803, 55.86206 ], [ -4.17728, 55.86168 ], [ -4.17796, 55.86156 ], [ -4.1813, 55.86109 ], [ -4.18311, 55.86082 ], [ -4.18325, 55.86111 ], [ -4.18376, 55.86107 ], [ -4.184, 55.86164 ], [ -4.18362, 55.86195 ], [ -4.186, 55.8619 ], [ -4.18603, 55.86217 ], [ -4.18493, 55.8622 ], [ -4.18479, 55.86236 ], [ -4.18369, 55.86229 ], [ -4.18249, 55.86232 ], [ -4.18256, 55.86267 ], [ -4.18215, 55.86285 ], [ -4.18309, 55.86332 ], [ -4.18367, 55.8628 ], [ -4.18513, 55.86277 ], [ -4.18571, 55.86327 ], [ -4.18485, 55.86361 ], [ -4.18612, 55.86356 ], [ -4.18622, 55.86389 ], [ -4.18673, 55.86387 ], [ -4.18693, 55.86426 ], [ -4.1879, 55.86475 ], [ -4.18806, 55.86517 ], [ -4.18712, 55.86542 ], [ -4.18698, 55.8649 ], [ -4.18528, 55.86456 ], [ -4.1846, 55.86429 ], [ -4.18042, 55.86447 ] ] ] ] } },
{ "type": "Feature", "properties": { "LSOA11_CD": "S01010156", "Neighborhood_Name": "Cranhill, Lightburn and Queenslie South - 01", "uk_imd2019_LSOA": "S01010156", "uk_imd2019_Rank": "590", "uk_imd2019_SOA_pct": "8", "uk_imd2019_SOA_decile": "1" }, "geometry": { "type": "MultiPolygon", "coordinates": [ [ [ [ -4.17531, 55.86634 ], [ -4.17502, 55.86613 ], [ -4.17566, 55.86567 ], [ -4.17471, 55.86532 ], [ -4.17517, 55.86518 ], [ -4.1762, 55.86531 ], [ -4.17627, 55.86477 ], [ -4.17689, 55.86476 ], [ -4.17699, 55.86373 ], [ -4.17769, 55.86342 ], [ -4.17892, 55.86336 ], [ -4.17968, 55.86376 ], [ -4.17907, 55.86411 ], [ -4.17967, 55.86443 ], [ -4.18042, 55.86447 ], [ -4.18045, 55.86526 ], [ -4.17987, 55.86556 ], [ -4.18002, 55.86595 ], [ -4.17792, 55.86599 ], [ -4.17821, 55.86643 ], [ -4.18003, 55.86631 ], [ -4.18059, 55.86665 ], [ -4.17946, 55.86677 ], [ -4.17783, 55.86703 ], [ -4.17707, 55.86746 ], [ -4.17563, 55.86764 ], [ -4.17604, 55.86683 ], [ -4.17538, 55.86676 ], [ -4.17531, 55.86634 ] ] ] ] } },
{ "type": "Feature", "properties": { "LSOA11_CD": "S01010157", "Neighborhood_Name": "Cranhill, Lightburn and Queenslie South - 02", "uk_imd2019_LSOA": "S01010157", "uk_imd2019_Rank": "179", "uk_imd2019_SOA_pct": "3", "uk_imd2019_SOA_decile": "1" }, "geometry": { "type": "MultiPolygon", "coordinates": [ [ [ [ -4.17531, 55.86634 ], [ -4.17341, 55.86575 ], [ -4.17132, 55.86548 ], [ -4.16977, 55.86549 ], [ -4.16846, 55.86563 ], [ -4.16867, 55.86524 ], [ -4.16911, 55.86497 ], [ -4.17003, 55.86475 ], [ -4.17125, 55.86477 ], [ -4.17261, 55.8649 ], [ -4.17264, 55.86467 ], [ -4.17347, 55.8648 ], [ -4.17359, 55.86421 ], [ -4.1738, 55.86395 ], [ -4.17352, 55.86355 ], [ -4.17424, 55.86319 ], [ -4.17324, 55.86315 ], [ -4.1733, 55.86269 ], [ -4.17709, 55.86286 ], [ -4.17769, 55.86342 ], [ -4.17699, 55.86373 ], [ -4.17689, 55.86476 ], [ -4.17627, 55.86477 ], [ -4.1762, 55.86531 ], [ -4.17517, 55.86518 ], [ -4.17471, 55.86532 ], [ -4.17566, 55.86567 ], [ -4.17502, 55.86613 ], [ -4.17531, 55.86634 ] ] ] ] } },
{ "type": "Feature", "properties": { "LSOA11_CD": "S01010158", "Neighborhood_Name": "Cranhill, Lightburn and Queenslie South - 03", "uk_imd2019_LSOA": "S01010158", "uk_imd2019_Rank": "1186", "uk_imd2019_SOA_pct": "17", "uk_imd2019_SOA_decile": "2" }, "geometry": { "type": "MultiPolygon", "coordinates": [ [ [ [ -4.1733, 55.86269 ], [ -4.16449, 55.86227 ], [ -4.16403, 55.86226 ], [ -4.16418, 55.86168 ], [ -4.16689, 55.86171 ], [ -4.16883, 55.86182 ], [ -4.16981, 55.86171 ], [ -4.17019, 55.86137 ], [ -4.1709, 55.86139 ], [ -4.17096, 55.86099 ], [ -4.17138, 55.86064 ], [ -4.17203, 55.86048 ], [ -4.17209, 55.86013 ], [ -4.17167, 55.85983 ], [ -4.17232, 55.85971 ], [ -4.17278, 55.85927 ], [ -4.17482, 55.85832 ], [ -4.17554, 55.85843 ], [ -4.17583, 55.85866 ], [ -4.1757, 55.85961 ], [ -4.17508, 55.85956 ], [ -4.17502, 55.85991 ], [ -4.17565, 55.85997 ], [ -4.17555, 55.86061 ], [ -4.17678, 55.86063 ], [ -4.17671, 55.86095 ], [ -4.1779, 55.86088 ], [ -4.17796, 55.86156 ], [ -4.17728, 55.86168 ], [ -4.17803, 55.86206 ], [ -4.17807, 55.86224 ], [ -4.17709, 55.86286 ], [ -4.1733, 55.86269 ] ] ] ] } },
{ "type": "Feature", "properties": { "LSOA11_CD": "S01010165", "Neighborhood_Name": "Craigend and Ruchazie - 01", "uk_imd2019_LSOA": "S01010165", "uk_imd2019_Rank": "151", "uk_imd2019_SOA_pct": "2", "uk_imd2019_SOA_decile": "1" }, "geometry": { "type": "MultiPolygon", "coordinates": [ [ [ [ -4.156, 55.86373 ], [ -4.15603, 55.86321 ], [ -4.15689, 55.86308 ], [ -4.15689, 55.86331 ], [ -4.15763, 55.86331 ], [ -4.15763, 55.86352 ], [ -4.15846, 55.86353 ], [ -4.15821, 55.86418 ], [ -4.15716, 55.86412 ], [ -4.15687, 55.86443 ], [ -4.158, 55.86448 ], [ -4.1584, 55.86532 ], [ -4.15952, 55.86502 ], [ -4.16098, 55.86481 ], [ -4.16107, 55.86514 ], [ -4.16199, 55.8651 ], [ -4.16191, 55.86595 ], [ -4.16201, 55.86627 ], [ -4.16188, 55.86672 ], [ -4.16124, 55.86656 ], [ -4.16021, 55.86653 ], [ -4.16061, 55.86684 ], [ -4.1606, 55.86729 ], [ -4.16031, 55.86749 ], [ -4.16028, 55.86779 ], [ -4.15812, 55.86814 ], [ -4.15631, 55.86858 ], [ -4.15553, 55.86727 ], [ -4.15532, 55.86664 ], [ -4.15517, 55.8657 ], [ -4.15509, 55.86446 ], [ -4.15596, 55.86443 ], [ -4.156, 55.86373 ] ] ] ] } },
{ "type": "Feature", "properties": { "LSOA11_CD": "S01010159", "Neighborhood_Name": "Cranhill, Lightburn and Queenslie South - 04", "uk_imd2019_LSOA": "S01010159", "uk_imd2019_Rank": "739", "uk_imd2019_SOA_pct": "11", "uk_imd2019_SOA_decile": "2" }, "geometry": { "type": "MultiPolygon", "coordinates": [ [ [ [ -4.15629, 55.86217 ], [ -4.15638, 55.86042 ], [ -4.15622, 55.85973 ], [ -4.15676, 55.85938 ], [ -4.15643, 55.85842 ], [ -4.15689, 55.85807 ], [ -4.15747, 55.85757 ], [ -4.1579, 55.85751 ], [ -4.15872, 55.85711 ], [ -4.15888, 55.85762 ], [ -4.15809, 55.85831 ], [ -4.15776, 55.85844 ], [ -4.15799, 55.85921 ], [ -4.15885, 55.8593 ], [ -4.15892, 55.85954 ], [ -4.15862, 55.85986 ], [ -4.15821, 55.85995 ], [ -4.1583, 55.86037 ], [ -4.16038, 55.86079 ], [ -4.16037, 55.86111 ], [ -4.16166, 55.86134 ], [ -4.1621, 55.86115 ], [ -4.16101, 55.86093 ], [ -4.16057, 55.86045 ], [ -4.16099, 55.86015 ], [ -4.16199, 55.86017 ], [ -4.16209, 55.86046 ], [ -4.16322, 55.86052 ], [ -4.16425, 55.86049 ], [ -4.16452, 55.86023 ], [ -4.16445, 55.85981 ], [ -4.16493, 55.85983 ], [ -4.16571, 55.85954 ], [ -4.16781, 55.85959 ], [ -4.16783, 55.85991 ], [ -4.17096, 55.85968 ], [ -4.17167, 55.85983 ], [ -4.17209, 55.86013 ], [ -4.17203, 55.86048 ], [ -4.17138, 55.86064 ], [ -4.17096, 55.86099 ], [ -4.1709, 55.86139 ], [ -4.17019, 55.86137 ], [ -4.16981, 55.86171 ], [ -4.16883, 55.86182 ], [ -4.16689, 55.86171 ], [ -4.16418, 55.86168 ], [ -4.16403, 55.86226 ], [ -4.16214, 55.86218 ], [ -4.15856, 55.86214 ], [ -4.15629, 55.86217 ] ] ] ] } },
{ "type": "Feature", "properties": { "LSOA11_CD": "S01010160", "Neighborhood_Name": "Cranhill, Lightburn and Queenslie South - 05", "uk_imd2019_LSOA": "S01010160", "uk_imd2019_Rank": "83", "uk_imd2019_SOA_pct": "1", "uk_imd2019_SOA_decile": "1" }, "geometry": { "type": "MultiPolygon", "coordinates": [ [ [ [ -4.16028, 55.86779 ], [ -4.16031, 55.86749 ], [ -4.16364, 55.86768 ], [ -4.16368, 55.86669 ], [ -4.16488, 55.86661 ], [ -4.16532, 55.86681 ], [ -4.16531, 55.86608 ], [ -4.16617, 55.86602 ], [ -4.16783, 55.8658 ], [ -4.16836, 55.86619 ], [ -4.16886, 55.8664 ], [ -4.16991, 55.86661 ], [ -4.16961, 55.86718 ], [ -4.1696, 55.86767 ], [ -4.16833, 55.86778 ], [ -4.16686, 55.86784 ], [ -4.16402, 55.86826 ], [ -4.16295, 55.86806 ], [ -4.16028, 55.86779 ] ] ] ] } },
{ "type": "Feature", "properties": { "LSOA11_CD": "S01010161", "Neighborhood_Name": "Cranhill, Lightburn and Queenslie South - 06", "uk_imd2019_LSOA": "S01010161", "uk_imd2019_Rank": "1520", "uk_imd2019_SOA_pct": "22", "uk_imd2019_SOA_decile": "3" }, "geometry": { "type": "MultiPolygon", "coordinates": [ [ [ [ -4.16031, 55.86749 ], [ -4.1606, 55.86729 ], [ -4.16061, 55.86684 ], [ -4.16021, 55.86653 ], [ -4.16124, 55.86656 ], [ -4.16188, 55.86672 ], [ -4.16201, 55.86627 ], [ -4.16191, 55.86595 ], [ -4.16199, 55.8651 ], [ -4.16202, 55.86481 ], [ -4.16385, 55.86501 ], [ -4.16389, 55.86446 ], [ -4.16469, 55.86448 ], [ -4.16424, 55.86377 ], [ -4.16478, 55.86369 ], [ -4.16487, 55.86328 ], [ -4.16449, 55.86227 ], [ -4.1733, 55.86269 ], [ -4.17324, 55.86315 ], [ -4.17424, 55.86319 ], [ -4.17352, 55.86355 ], [ -4.1738, 55.86395 ], [ -4.17359, 55.86421 ], [ -4.17347, 55.8648 ], [ -4.17264, 55.86467 ], [ -4.17261, 55.8649 ], [ -4.17125, 55.86477 ], [ -4.17003, 55.86475 ], [ -4.16911, 55.86497 ], [ -4.16867, 55.86524 ], [ -4.16846, 55.86563 ], [ -4.16783, 55.8658 ], [ -4.16617, 55.86602 ], [ -4.16531, 55.86608 ], [ -4.16532, 55.86681 ], [ -4.16488, 55.86661 ], [ -4.16368, 55.86669 ], [ -4.16364, 55.86768 ], [ -4.16031, 55.86749 ] ] ] ] } },
{ "type": "Feature", "properties": { "LSOA11_CD": "S01010163", "Neighborhood_Name": "Cranhill, Lightburn and Queenslie South - 08", "uk_imd2019_LSOA": "S01010163", "uk_imd2019_Rank": "54", "uk_imd2019_SOA_pct": "1", "uk_imd2019_SOA_decile": "1" }, "geometry": { "type": "MultiPolygon", "coordinates": [ [ [ [ -4.1696, 55.86767 ], [ -4.16961, 55.86718 ], [ -4.16991, 55.86661 ], [ -4.16886, 55.8664 ], [ -4.16836, 55.86619 ], [ -4.16783, 55.8658 ], [ -4.16846, 55.86563 ], [ -4.16977, 55.86549 ], [ -4.17132, 55.86548 ], [ -4.17341, 55.86575 ], [ -4.17531, 55.86634 ], [ -4.17538, 55.86676 ], [ -4.17604, 55.86683 ], [ -4.17563, 55.86764 ], [ -4.17381, 55.86778 ], [ -4.17324, 55.8679 ], [ -4.17295, 55.86815 ], [ -4.17369, 55.86842 ], [ -4.17326, 55.86877 ], [ -4.17326, 55.86906 ], [ -4.16931, 55.8687 ], [ -4.1696, 55.86767 ] ] ] ] } },
{ "type": "Feature", "properties": { "LSOA11_CD": "S01010164", "Neighborhood_Name": "Cranhill, Lightburn and Queenslie South - 09", "uk_imd2019_LSOA": "S01010164", "uk_imd2019_Rank": "699", "uk_imd2019_SOA_pct": "10", "uk_imd2019_SOA_decile": "2" }, "geometry": { "type": "MultiPolygon", "coordinates": [ [ [ [ -4.15501, 55.86219 ], [ -4.15055, 55.86219 ], [ -4.15048, 55.86038 ], [ -4.15032, 55.85995 ], [ -4.14907, 55.86001 ], [ -4.14839, 55.86015 ], [ -4.14807, 55.85997 ], [ -4.14688, 55.85988 ], [ -4.1473, 55.85932 ], [ -4.14825, 55.85928 ], [ -4.1482, 55.85882 ], [ -4.15072, 55.85858 ], [ -4.15202, 55.85953 ], [ -4.15302, 55.85946 ], [ -4.15462, 55.85948 ], [ -4.15456, 55.85889 ], [ -4.15497, 55.85858 ], [ -4.15506, 55.85808 ], [ -4.15472, 55.85751 ], [ -4.15523, 55.85742 ], [ -4.15459, 55.8563 ], [ -4.15538, 55.85641 ], [ -4.15565, 55.857 ], [ -4.15611, 55.85772 ], [ -4.15689, 55.85807 ], [ -4.15643, 55.85842 ], [ -4.15676, 55.85938 ], [ -4.15622, 55.85973 ], [ -4.15638, 55.86042 ], [ -4.15629, 55.86217 ], [ -4.15501, 55.86219 ] ] ] ] } },
{ "type": "Feature", "properties": { "LSOA11_CD": "S01010169", "Neighborhood_Name": "Craigend and Ruchazie - 05", "uk_imd2019_LSOA": "S01010169", "uk_imd2019_Rank": "364", "uk_imd2019_SOA_pct": "5", "uk_imd2019_SOA_decile": "1" }, "geometry": { "type": "MultiPolygon", "coordinates": [ [ [ [ -4.15246, 55.87651 ], [ -4.15295, 55.876 ], [ -4.15354, 55.87606 ], [ -4.15533, 55.87576 ], [ -4.15663, 55.87524 ], [ -4.15725, 55.87512 ], [ -4.15813, 55.87425 ], [ -4.15869, 55.87314 ], [ -4.15845, 55.87254 ], [ -4.15767, 55.87181 ], [ -4.15716, 55.87152 ], [ -4.156, 55.87131 ], [ -4.15601, 55.87106 ], [ -4.15681, 55.87126 ], [ -4.15782, 55.87138 ], [ -4.15895, 55.8713 ], [ -4.15774, 55.87028 ], [ -4.15671, 55.86913 ], [ -4.15631, 55.86858 ], [ -4.15812, 55.86814 ], [ -4.16028, 55.86779 ], [ -4.16295, 55.86806 ], [ -4.16402, 55.86826 ], [ -4.16513, 55.86969 ], [ -4.16515, 55.87 ], [ -4.16492, 55.87029 ], [ -4.16343, 55.87072 ], [ -4.16383, 55.87141 ], [ -4.16424, 55.87233 ], [ -4.16461, 55.87271 ], [ -4.16235, 55.87285 ], [ -4.16244, 55.87312 ], [ -4.16058, 55.87326 ], [ -4.16156, 55.87509 ], [ -4.16189, 55.87579 ], [ -4.16028, 55.8762 ], [ -4.1597, 55.87618 ], [ -4.15954, 55.87644 ], [ -4.15897, 55.87645 ], [ -4.15738, 55.87645 ], [ -4.15711, 55.87588 ], [ -4.15633, 55.87569 ], [ -4.1558, 55.87607 ], [ -4.15361, 55.87645 ], [ -4.15246, 55.87651 ] ] ] ] } },
{ "type": "Feature", "properties": { "LSOA11_CD": "S01010171", "Neighborhood_Name": "Craigend and Ruchazie - 07", "uk_imd2019_LSOA": "S01010171", "uk_imd2019_Rank": "142", "uk_imd2019_SOA_pct": "2", "uk_imd2019_SOA_decile": "1" }, "geometry": { "type": "MultiPolygon", "coordinates": [ [ [ [ -4.1406, 55.87322 ], [ -4.14021, 55.87233 ], [ -4.14093, 55.87202 ], [ -4.14038, 55.87147 ], [ -4.14052, 55.87083 ], [ -4.14042, 55.87044 ], [ -4.13987, 55.87021 ], [ -4.13997, 55.86938 ], [ -4.14185, 55.86958 ], [ -4.14376, 55.8697 ], [ -4.14638, 55.86974 ], [ -4.1502, 55.86966 ], [ -4.1524, 55.86953 ], [ -4.15595, 55.86875 ], [ -4.15631, 55.86858 ], [ -4.15671, 55.86913 ], [ -4.15774, 55.87028 ], [ -4.15895, 55.8713 ], [ -4.15782, 55.87138 ], [ -4.15681, 55.87126 ], [ -4.15601, 55.87106 ], [ -4.15149, 55.8708 ], [ -4.14653, 55.87125 ], [ -4.14691, 55.87198 ], [ -4.14871, 55.87169 ], [ -4.14905, 55.8724 ], [ -4.14815, 55.87252 ], [ -4.14866, 55.87365 ], [ -4.14665, 55.87396 ], [ -4.1464, 55.87353 ], [ -4.14699, 55.87345 ], [ -4.14687, 55.87318 ], [ -4.14629, 55.87325 ], [ -4.14616, 55.873 ], [ -4.14559, 55.87308 ], [ -4.14603, 55.87405 ], [ -4.14546, 55.87411 ], [ -4.1456, 55.87438 ], [ -4.14465, 55.87473 ], [ -4.14435, 55.87404 ], [ -4.14482, 55.87399 ], [ -4.14444, 55.87306 ], [ -4.14245, 55.87328 ], [ -4.14227, 55.873 ], [ -4.1406, 55.87322 ] ] ] ] } },
{ "type": "Feature", "properties": { "LSOA11_CD": "S01010172", "Neighborhood_Name": "Riddrie and Hogganfield - 01", "uk_imd2019_LSOA": "S01010172", "uk_imd2019_Rank": "495", "uk_imd2019_SOA_pct": "7", "uk_imd2019_SOA_decile": "1" }, "geometry": { "type": "MultiPolygon", "coordinates": [ [ [ [ -4.19287, 55.86708 ], [ -4.19392, 55.86635 ], [ -4.19468, 55.86572 ], [ -4.19576, 55.86502 ], [ -4.19622, 55.86522 ], [ -4.1968, 55.8648 ], [ -4.19713, 55.86496 ], [ -4.19771, 55.86588 ], [ -4.19783, 55.86622 ], [ -4.19855, 55.86745 ], [ -4.19904, 55.86813 ], [ -4.19679, 55.86828 ], [ -4.19666, 55.86801 ], [ -4.19617, 55.86802 ], [ -4.19604, 55.86774 ], [ -4.19554, 55.86736 ], [ -4.19599, 55.86718 ], [ -4.1956, 55.86696 ], [ -4.19446, 55.86725 ], [ -4.19387, 55.86706 ], [ -4.1932, 55.86755 ], [ -4.19257, 55.86787 ], [ -4.19212, 55.8677 ], [ -4.19287, 55.86708 ] ] ] ] } },
{ "type": "Feature", "properties": { "LSOA11_CD": "S01010173", "Neighborhood_Name": "Riddrie and Hogganfield - 02", "uk_imd2019_LSOA": "S01010173", "uk_imd2019_Rank": "1951", "uk_imd2019_SOA_pct": "28", "uk_imd2019_SOA_decile": "3" }, "geometry": { "type": "MultiPolygon", "coordinates": [ [ [ [ -4.1862, 55.87116 ], [ -4.18651, 55.87078 ], [ -4.18759, 55.87122 ], [ -4.18775, 55.87109 ], [ -4.18957, 55.86965 ], [ -4.19055, 55.87003 ], [ -4.19067, 55.87058 ], [ -4.19111, 55.87151 ], [ -4.19254, 55.87116 ], [ -4.19277, 55.87087 ], [ -4.19201, 55.87048 ], [ -4.19161, 55.87051 ], [ -4.19096, 55.87 ], [ -4.19162, 55.86953 ], [ -4.19195, 55.86917 ], [ -4.19369, 55.86927 ], [ -4.19488, 55.86957 ], [ -4.19624, 55.87033 ], [ -4.1976, 55.86989 ], [ -4.20031, 55.86923 ], [ -4.20068, 55.8701 ], [ -4.20057, 55.87032 ], [ -4.19902, 55.87085 ], [ -4.19842, 55.87106 ], [ -4.19401, 55.87221 ], [ -4.19316, 55.87247 ], [ -4.19087, 55.87319 ], [ -4.18898, 55.87372 ], [ -4.18866, 55.87314 ], [ -4.18786, 55.8732 ], [ -4.18775, 55.87238 ], [ -4.18697, 55.87231 ], [ -4.18644, 55.87213 ], [ -4.18512, 55.8731 ], [ -4.1862, 55.87116 ] ] ] ] } },
{ "type": "Feature", "properties": { "LSOA11_CD": "S01010174", "Neighborhood_Name": "Riddrie and Hogganfield - 03", "uk_imd2019_LSOA": "S01010174", "uk_imd2019_Rank": "2206", "uk_imd2019_SOA_pct": "32", "uk_imd2019_SOA_decile": "4" }, "geometry": { "type": "MultiPolygon", "coordinates": [ [ [ [ -4.18438, 55.87373 ], [ -4.18332, 55.87345 ], [ -4.18064, 55.87208 ], [ -4.17726, 55.87062 ], [ -4.17654, 55.87026 ], [ -4.17493, 55.86919 ], [ -4.17369, 55.86842 ], [ -4.17295, 55.86815 ], [ -4.17324, 55.8679 ], [ -4.17381, 55.86778 ], [ -4.17563, 55.86764 ], [ -4.17707, 55.86746 ], [ -4.17783, 55.86703 ], [ -4.17946, 55.86677 ], [ -4.18088, 55.86729 ], [ -4.18225, 55.868 ], [ -4.18361, 55.86815 ], [ -4.18346, 55.86852 ], [ -4.18604, 55.86885 ], [ -4.18704, 55.86918 ], [ -4.18635, 55.86998 ], [ -4.18654, 55.87026 ], [ -4.18615, 55.87073 ], [ -4.1858, 55.87085 ], [ -4.1862, 55.87116 ], [ -4.18512, 55.8731 ], [ -4.18644, 55.87213 ], [ -4.18697, 55.87231 ], [ -4.18775, 55.87238 ], [ -4.18786, 55.8732 ], [ -4.18866, 55.87314 ], [ -4.18898, 55.87372 ], [ -4.18684, 55.87399 ], [ -4.18438, 55.87373 ] ] ] ] } },
{ "type": "Feature", "properties": { "LSOA11_CD": "S01010346", "Neighborhood_Name": "Summerston North - 01", "uk_imd2019_LSOA": "S01010346", "uk_imd2019_Rank": "4069", "uk_imd2019_SOA_pct": "58", "uk_imd2019_SOA_decile": "6" }, "geometry": { "type": "MultiPolygon", "coordinates": [ [ [ [ -4.29629, 55.90191 ], [ -4.29436, 55.90138 ], [ -4.29376, 55.90163 ], [ -4.29318, 55.90116 ], [ -4.293, 55.90082 ], [ -4.29297, 55.90022 ], [ -4.2933, 55.9002 ], [ -4.29323, 55.89881 ], [ -4.2954, 55.89873 ], [ -4.29678, 55.89857 ], [ -4.29808, 55.89833 ], [ -4.29768, 55.89764 ], [ -4.29799, 55.89732 ], [ -4.29765, 55.89706 ], [ -4.2993, 55.89655 ], [ -4.29971, 55.89693 ], [ -4.29991, 55.89712 ], [ -4.30137, 55.89854 ], [ -4.30217, 55.89901 ], [ -4.30172, 55.89936 ], [ -4.30176, 55.9002 ], [ -4.30395, 55.90045 ], [ -4.304, 55.90085 ], [ -4.30363, 55.90129 ], [ -4.30264, 55.90107 ], [ -4.2997, 55.90078 ], [ -4.29976, 55.90051 ], [ -4.29775, 55.90039 ], [ -4.29812, 55.90193 ], [ -4.29629, 55.90191 ] ] ] ] } },
{ "type": "Feature", "properties": { "LSOA11_CD": "S01010175", "Neighborhood_Name": "Riddrie and Hogganfield - 04", "uk_imd2019_LSOA": "S01010175", "uk_imd2019_Rank": "1051", "uk_imd2019_SOA_pct": "15", "uk_imd2019_SOA_decile": "2" }, "geometry": { "type": "MultiPolygon", "coordinates": [ [ [ [ -4.1862, 55.87116 ], [ -4.1858, 55.87085 ], [ -4.18615, 55.87073 ], [ -4.18654, 55.87026 ], [ -4.18635, 55.86998 ], [ -4.18704, 55.86918 ], [ -4.18604, 55.86885 ], [ -4.18346, 55.86852 ], [ -4.18361, 55.86815 ], [ -4.18225, 55.868 ], [ -4.18088, 55.86729 ], [ -4.17946, 55.86677 ], [ -4.18059, 55.86665 ], [ -4.18258, 55.86658 ], [ -4.18264, 55.86693 ], [ -4.18367, 55.86687 ], [ -4.18369, 55.86716 ], [ -4.18518, 55.86733 ], [ -4.18584, 55.86762 ], [ -4.18775, 55.8675 ], [ -4.18828, 55.86752 ], [ -4.18909, 55.86738 ], [ -4.19059, 55.86739 ], [ -4.1908, 55.86714 ], [ -4.19132, 55.86728 ], [ -4.19156, 55.86758 ], [ -4.19052, 55.86812 ], [ -4.18988, 55.86863 ], [ -4.18928, 55.86832 ], [ -4.18901, 55.86856 ], [ -4.18846, 55.86843 ], [ -4.18819, 55.86874 ], [ -4.18876, 55.86894 ], [ -4.1886, 55.86919 ], [ -4.18912, 55.86935 ], [ -4.18714, 55.87086 ], [ -4.18775, 55.87109 ], [ -4.18759, 55.87122 ], [ -4.18651, 55.87078 ], [ -4.1862, 55.87116 ] ] ] ] } },
{ "type": "Feature", "properties": { "LSOA11_CD": "S01010199", "Neighborhood_Name": "Barmulloch - 01", "uk_imd2019_LSOA": "S01010199", "uk_imd2019_Rank": "635", "uk_imd2019_SOA_pct": "9", "uk_imd2019_SOA_decile": "1" }, "geometry": { "type": "MultiPolygon", "coordinates": [ [ [ [ -4.20134, 55.88573 ], [ -4.20131, 55.88538 ], [ -4.20064, 55.88524 ], [ -4.20118, 55.88476 ], [ -4.20117, 55.88429 ], [ -4.20229, 55.88422 ], [ -4.20218, 55.88332 ], [ -4.2029, 55.88328 ], [ -4.20286, 55.88299 ], [ -4.20533, 55.88294 ], [ -4.20541, 55.88354 ], [ -4.20611, 55.88354 ], [ -4.20611, 55.88315 ], [ -4.20698, 55.88299 ], [ -4.20809, 55.88294 ], [ -4.2081, 55.88269 ], [ -4.2088, 55.88266 ], [ -4.21067, 55.88462 ], [ -4.2098, 55.88482 ], [ -4.20923, 55.88523 ], [ -4.20876, 55.88573 ], [ -4.20824, 55.88535 ], [ -4.20764, 55.88507 ], [ -4.20675, 55.88482 ], [ -4.20622, 55.88485 ], [ -4.2064, 55.88552 ], [ -4.20529, 55.88619 ], [ -4.20498, 55.88615 ], [ -4.20547, 55.88693 ], [ -4.20601, 55.88739 ], [ -4.20493, 55.88754 ], [ -4.20438, 55.88706 ], [ -4.2038, 55.88707 ], [ -4.20333, 55.88667 ], [ -4.20245, 55.8867 ], [ -4.20246, 55.88701 ], [ -4.20144, 55.88698 ], [ -4.20134, 55.88573 ] ] ] ] } },
{ "type": "Feature", "properties": { "LSOA11_CD": "S01010176", "Neighborhood_Name": "Riddrie and Hogganfield - 05", "uk_imd2019_LSOA": "S01010176", "uk_imd2019_Rank": "1903", "uk_imd2019_SOA_pct": "27", "uk_imd2019_SOA_decile": "3" }, "geometry": { "type": "MultiPolygon", "coordinates": [ [ [ [ -4.18775, 55.87109 ], [ -4.18714, 55.87086 ], [ -4.18912, 55.86935 ], [ -4.1886, 55.86919 ], [ -4.18876, 55.86894 ], [ -4.18819, 55.86874 ], [ -4.18846, 55.86843 ], [ -4.18901, 55.86856 ], [ -4.18928, 55.86832 ], [ -4.18988, 55.86863 ], [ -4.19052, 55.86812 ], [ -4.19156, 55.86758 ], [ -4.19132, 55.86728 ], [ -4.19287, 55.86708 ], [ -4.19212, 55.8677 ], [ -4.19257, 55.86787 ], [ -4.1932, 55.86755 ], [ -4.19387, 55.86706 ], [ -4.19446, 55.86725 ], [ -4.1956, 55.86696 ], [ -4.19599, 55.86718 ], [ -4.19554, 55.86736 ], [ -4.19604, 55.86774 ], [ -4.19617, 55.86802 ], [ -4.19666, 55.86801 ], [ -4.19679, 55.86828 ], [ -4.19904, 55.86813 ], [ -4.20011, 55.86815 ], [ -4.20042, 55.86876 ], [ -4.20031, 55.86923 ], [ -4.1976, 55.86989 ], [ -4.19624, 55.87033 ], [ -4.19488, 55.86957 ], [ -4.19369, 55.86927 ], [ -4.19195, 55.86917 ], [ -4.19162, 55.86953 ], [ -4.19096, 55.87 ], [ -4.19161, 55.87051 ], [ -4.19201, 55.87048 ], [ -4.19277, 55.87087 ], [ -4.19254, 55.87116 ], [ -4.19111, 55.87151 ], [ -4.19067, 55.87058 ], [ -4.19055, 55.87003 ], [ -4.18957, 55.86965 ], [ -4.18775, 55.87109 ] ] ] ] } },
{ "type": "Feature", "properties": { "LSOA11_CD": "S01010177", "Neighborhood_Name": "Riddrie and Hogganfield - 06", "uk_imd2019_LSOA": "S01010177", "uk_imd2019_Rank": "108", "uk_imd2019_SOA_pct": "2", "uk_imd2019_SOA_decile": "1" }, "geometry": { "type": "MultiPolygon", "coordinates": [ [ [ [ -4.16156, 55.87509 ], [ -4.16058, 55.87326 ], [ -4.16244, 55.87312 ], [ -4.16235, 55.87285 ], [ -4.16461, 55.87271 ], [ -4.16424, 55.87233 ], [ -4.16383, 55.87141 ], [ -4.16343, 55.87072 ], [ -4.16492, 55.87029 ], [ -4.16515, 55.87 ], [ -4.16602, 55.87136 ], [ -4.1665, 55.87083 ], [ -4.1673, 55.87051 ], [ -4.16772, 55.87053 ], [ -4.16768, 55.87103 ], [ -4.16818, 55.87175 ], [ -4.16821, 55.87241 ], [ -4.16689, 55.87269 ], [ -4.16724, 55.87292 ], [ -4.1685, 55.87335 ], [ -4.16932, 55.87397 ], [ -4.16964, 55.87435 ], [ -4.16649, 55.87486 ], [ -4.16639, 55.87543 ], [ -4.16404, 55.8756 ], [ -4.16394, 55.87496 ], [ -4.16296, 55.87501 ], [ -4.16268, 55.8739 ], [ -4.16207, 55.87393 ], [ -4.16226, 55.8748 ], [ -4.16153, 55.8749 ], [ -4.16156, 55.87509 ] ] ] ] } },
{ "type": "Feature", "properties": { "LSOA11_CD": "S01010178", "Neighborhood_Name": "Riddrie and Hogganfield - 07", "uk_imd2019_LSOA": "S01010178", "uk_imd2019_Rank": "242", "uk_imd2019_SOA_pct": "3", "uk_imd2019_SOA_decile": "1" }, "geometry": { "type": "MultiPolygon", "coordinates": [ [ [ [ -4.16752, 55.88142 ], [ -4.16698, 55.88111 ], [ -4.16662, 55.8801 ], [ -4.16765, 55.87819 ], [ -4.16856, 55.87784 ], [ -4.16974, 55.87756 ], [ -4.17016, 55.8773 ], [ -4.17048, 55.87676 ], [ -4.17024, 55.87572 ], [ -4.16964, 55.87435 ], [ -4.16932, 55.87397 ], [ -4.1685, 55.87335 ], [ -4.16724, 55.87292 ], [ -4.16689, 55.87269 ], [ -4.16821, 55.87241 ], [ -4.16818, 55.87175 ], [ -4.16768, 55.87103 ], [ -4.16772, 55.87053 ], [ -4.1673, 55.87051 ], [ -4.1665, 55.87083 ], [ -4.16602, 55.87136 ], [ -4.16515, 55.87 ], [ -4.16513, 55.86969 ], [ -4.16402, 55.86826 ], [ -4.16686, 55.86784 ], [ -4.16833, 55.86778 ], [ -4.1696, 55.86767 ], [ -4.16931, 55.8687 ], [ -4.17326, 55.86906 ], [ -4.17326, 55.86877 ], [ -4.17369, 55.86842 ], [ -4.17493, 55.86919 ], [ -4.17654, 55.87026 ], [ -4.17726, 55.87062 ], [ -4.18064, 55.87208 ], [ -4.18332, 55.87345 ], [ -4.18438, 55.87373 ], [ -4.18389, 55.87412 ], [ -4.18309, 55.87467 ], [ -4.18101, 55.8758 ], [ -4.17962, 55.87758 ], [ -4.18028, 55.87763 ], [ -4.1809, 55.87752 ], [ -4.181, 55.87709 ], [ -4.18208, 55.87724 ], [ -4.18173, 55.87821 ], [ -4.17987, 55.87828 ], [ -4.1789, 55.87846 ], [ -4.17823, 55.87909 ], [ -4.17644, 55.88015 ], [ -4.17687, 55.88042 ], [ -4.17618, 55.88079 ], [ -4.17574, 55.88055 ], [ -4.17312, 55.88194 ], [ -4.17317, 55.88236 ], [ -4.172, 55.8825 ], [ -4.16885, 55.88298 ], [ -4.16825, 55.88289 ], [ -4.16817, 55.88268 ], [ -4.16975, 55.88237 ], [ -4.1692, 55.88113 ], [ -4.16803, 55.88097 ], [ -4.16756, 55.88113 ], [ -4.16752, 55.88142 ] ] ] ] } },
{ "type": "Feature", "properties": { "LSOA11_CD": "S01010179", "Neighborhood_Name": "Blackhill and Barmulloch East - 01", "uk_imd2019_LSOA": "S01010179", "uk_imd2019_Rank": "121", "uk_imd2019_SOA_pct": "2", "uk_imd2019_SOA_decile": "1" }, "geometry": { "type": "MultiPolygon", "coordinates": [ [ [ [ -4.18968, 55.8757 ], [ -4.18815, 55.87541 ], [ -4.18792, 55.87568 ], [ -4.18759, 55.87569 ], [ -4.18592, 55.87527 ], [ -4.18611, 55.87496 ], [ -4.18529, 55.87441 ], [ -4.18389, 55.87412 ], [ -4.18438, 55.87373 ], [ -4.18684, 55.87399 ], [ -4.18898, 55.87372 ], [ -4.19087, 55.87319 ], [ -4.19316, 55.87247 ], [ -4.19348, 55.87281 ], [ -4.19395, 55.8728 ], [ -4.19411, 55.87462 ], [ -4.19464, 55.87469 ], [ -4.1947, 55.8751 ], [ -4.19376, 55.875 ], [ -4.19225, 55.87545 ], [ -4.19248, 55.87572 ], [ -4.19301, 55.87557 ], [ -4.19361, 55.87598 ], [ -4.19249, 55.87613 ], [ -4.19215, 55.87582 ], [ -4.19155, 55.87596 ], [ -4.19129, 55.87566 ], [ -4.19069, 55.87582 ], [ -4.19046, 55.87558 ], [ -4.1898, 55.8755 ], [ -4.18968, 55.8757 ] ] ] ] } },
{ "type": "Feature", "properties": { "LSOA11_CD": "S01010180", "Neighborhood_Name": "Blackhill and Barmulloch East - 02", "uk_imd2019_LSOA": "S01010180", "uk_imd2019_Rank": "2391", "uk_imd2019_SOA_pct": "34", "uk_imd2019_SOA_decile": "4" }, "geometry": { "type": "MultiPolygon", "coordinates": [ [ [ [ -4.19097, 55.87878 ], [ -4.19134, 55.87821 ], [ -4.19073, 55.87784 ], [ -4.19051, 55.8774 ], [ -4.19258, 55.87771 ], [ -4.19321, 55.87786 ], [ -4.1935, 55.87756 ], [ -4.19259, 55.87729 ], [ -4.19278, 55.87684 ], [ -4.19138, 55.87636 ], [ -4.19002, 55.87609 ], [ -4.19021, 55.87578 ], [ -4.18968, 55.8757 ], [ -4.1898, 55.8755 ], [ -4.19046, 55.87558 ], [ -4.19069, 55.87582 ], [ -4.19129, 55.87566 ], [ -4.19155, 55.87596 ], [ -4.19215, 55.87582 ], [ -4.19249, 55.87613 ], [ -4.19361, 55.87598 ], [ -4.19301, 55.87557 ], [ -4.19248, 55.87572 ], [ -4.19225, 55.87545 ], [ -4.19376, 55.875 ], [ -4.1947, 55.8751 ], [ -4.19464, 55.87469 ], [ -4.19411, 55.87462 ], [ -4.19395, 55.8728 ], [ -4.19348, 55.87281 ], [ -4.19316, 55.87247 ], [ -4.19401, 55.87221 ], [ -4.19842, 55.87106 ], [ -4.19902, 55.87085 ], [ -4.19922, 55.87146 ], [ -4.19912, 55.87207 ], [ -4.19834, 55.8749 ], [ -4.19802, 55.8776 ], [ -4.19821, 55.87831 ], [ -4.19646, 55.87875 ], [ -4.19628, 55.87852 ], [ -4.19324, 55.87837 ], [ -4.19217, 55.87843 ], [ -4.19097, 55.87878 ] ] ] ] } },
{ "type": "Feature", "properties": { "LSOA11_CD": "S01010181", "Neighborhood_Name": "Blackhill and Barmulloch East - 03", "uk_imd2019_LSOA": "S01010181", "uk_imd2019_Rank": "169", "uk_imd2019_SOA_pct": "2", "uk_imd2019_SOA_decile": "1" }, "geometry": { "type": "MultiPolygon", "coordinates": [ [ [ [ -4.18792, 55.87568 ], [ -4.18815, 55.87541 ], [ -4.18968, 55.8757 ], [ -4.19021, 55.87578 ], [ -4.19002, 55.87609 ], [ -4.19138, 55.87636 ], [ -4.19278, 55.87684 ], [ -4.19259, 55.87729 ], [ -4.1935, 55.87756 ], [ -4.19321, 55.87786 ], [ -4.19258, 55.87771 ], [ -4.19051, 55.8774 ], [ -4.19073, 55.87784 ], [ -4.19134, 55.87821 ], [ -4.19097, 55.87878 ], [ -4.18748, 55.87981 ], [ -4.18585, 55.88025 ], [ -4.18586, 55.8779 ], [ -4.18603, 55.87757 ], [ -4.18822, 55.87735 ], [ -4.18873, 55.87632 ], [ -4.18885, 55.87588 ], [ -4.18792, 55.87568 ] ] ] ] } },
{ "type": "Feature", "properties": { "LSOA11_CD": "S01010182", "Neighborhood_Name": "Blackhill and Barmulloch East - 04", "uk_imd2019_LSOA": "S01010182", "uk_imd2019_Rank": "3729", "uk_imd2019_SOA_pct": "53", "uk_imd2019_SOA_decile": "6" }, "geometry": { "type": "MultiPolygon", "coordinates": [ [ [ [ -4.18389, 55.87412 ], [ -4.18529, 55.87441 ], [ -4.18611, 55.87496 ], [ -4.18592, 55.87527 ], [ -4.18759, 55.87569 ], [ -4.18792, 55.87568 ], [ -4.18885, 55.87588 ], [ -4.18873, 55.87632 ], [ -4.18822, 55.87735 ], [ -4.18603, 55.87757 ], [ -4.18586, 55.8779 ], [ -4.18585, 55.88025 ], [ -4.18394, 55.88082 ], [ -4.18024, 55.88121 ], [ -4.1775, 55.88145 ], [ -4.1746, 55.88183 ], [ -4.17312, 55.88194 ], [ -4.17574, 55.88055 ], [ -4.17618, 55.88079 ], [ -4.17687, 55.88042 ], [ -4.17644, 55.88015 ], [ -4.17823, 55.87909 ], [ -4.1789, 55.87846 ], [ -4.17987, 55.87828 ], [ -4.18173, 55.87821 ], [ -4.18208, 55.87724 ], [ -4.181, 55.87709 ], [ -4.1809, 55.87752 ], [ -4.18028, 55.87763 ], [ -4.17962, 55.87758 ], [ -4.18101, 55.8758 ], [ -4.18309, 55.87467 ], [ -4.18389, 55.87412 ] ] ] ] } },
{ "type": "Feature", "properties": { "LSOA11_CD": "S01010183", "Neighborhood_Name": "Blackhill and Barmulloch East - 05", "uk_imd2019_LSOA": "S01010183", "uk_imd2019_Rank": "482", "uk_imd2019_SOA_pct": "7", "uk_imd2019_SOA_decile": "1" }, "geometry": { "type": "MultiPolygon", "coordinates": [ [ [ [ -4.18812, 55.8807 ], [ -4.18864, 55.88056 ], [ -4.1889, 55.88077 ], [ -4.18996, 55.88066 ], [ -4.19153, 55.88019 ], [ -4.19191, 55.88097 ], [ -4.19215, 55.88118 ], [ -4.19188, 55.88179 ], [ -4.19191, 55.88261 ], [ -4.19284, 55.88245 ], [ -4.19407, 55.8825 ], [ -4.19435, 55.88228 ], [ -4.19535, 55.88238 ], [ -4.19542, 55.88213 ], [ -4.19788, 55.8824 ], [ -4.19786, 55.88268 ], [ -4.19864, 55.88267 ], [ -4.19866, 55.88294 ], [ -4.19647, 55.88292 ], [ -4.19647, 55.88322 ], [ -4.19592, 55.88327 ], [ -4.19507, 55.88335 ], [ -4.1921, 55.88339 ], [ -4.19218, 55.88444 ], [ -4.19163, 55.88478 ], [ -4.19139, 55.88385 ], [ -4.19021, 55.88312 ], [ -4.1901, 55.8823 ], [ -4.18939, 55.88134 ], [ -4.18879, 55.88147 ], [ -4.18812, 55.8807 ] ] ] ] } },
{ "type": "Feature", "properties": { "LSOA11_CD": "S01010184", "Neighborhood_Name": "Blackhill and Barmulloch East - 06", "uk_imd2019_LSOA": "S01010184", "uk_imd2019_Rank": "783", "uk_imd2019_SOA_pct": "11", "uk_imd2019_SOA_decile": "2" }, "geometry": { "type": "MultiPolygon", "coordinates": [ [ [ [ -4.18812, 55.8807 ], [ -4.18746, 55.87998 ], [ -4.18748, 55.87981 ], [ -4.19097, 55.87878 ], [ -4.19217, 55.87843 ], [ -4.19324, 55.87837 ], [ -4.19628, 55.87852 ], [ -4.19646, 55.87875 ], [ -4.19821, 55.87831 ], [ -4.19857, 55.87884 ], [ -4.19944, 55.87945 ], [ -4.20092, 55.87987 ], [ -4.20082, 55.88098 ], [ -4.20231, 55.88131 ], [ -4.20246, 55.8818 ], [ -4.20217, 55.88188 ], [ -4.20127, 55.88182 ], [ -4.20126, 55.88146 ], [ -4.2004, 55.88155 ], [ -4.19965, 55.88142 ], [ -4.19899, 55.88146 ], [ -4.19807, 55.88184 ], [ -4.19788, 55.8824 ], [ -4.19542, 55.88213 ], [ -4.19535, 55.88238 ], [ -4.19435, 55.88228 ], [ -4.19407, 55.8825 ], [ -4.19284, 55.88245 ], [ -4.19191, 55.88261 ], [ -4.19188, 55.88179 ], [ -4.19215, 55.88118 ], [ -4.19191, 55.88097 ], [ -4.19153, 55.88019 ], [ -4.18996, 55.88066 ], [ -4.1889, 55.88077 ], [ -4.18864, 55.88056 ], [ -4.18812, 55.8807 ] ] ] ] } },
{ "type": "Feature", "properties": { "LSOA11_CD": "S01010185", "Neighborhood_Name": "Blackhill and Barmulloch East - 07", "uk_imd2019_LSOA": "S01010185", "uk_imd2019_Rank": "565", "uk_imd2019_SOA_pct": "8", "uk_imd2019_SOA_decile": "1" }, "geometry": { "type": "MultiPolygon", "coordinates": [ [ [ [ -4.19592, 55.88327 ], [ -4.19647, 55.88322 ], [ -4.19647, 55.88292 ], [ -4.19866, 55.88294 ], [ -4.19864, 55.88267 ], [ -4.19786, 55.88268 ], [ -4.19788, 55.8824 ], [ -4.19807, 55.88184 ], [ -4.19899, 55.88146 ], [ -4.19965, 55.88142 ], [ -4.2004, 55.88155 ], [ -4.20126, 55.88146 ], [ -4.20127, 55.88182 ], [ -4.20015, 55.88279 ], [ -4.20062, 55.88304 ], [ -4.2006, 55.88388 ], [ -4.20102, 55.88381 ], [ -4.20092, 55.88293 ], [ -4.20113, 55.88279 ], [ -4.20215, 55.88277 ], [ -4.20215, 55.88302 ], [ -4.20286, 55.88299 ], [ -4.2029, 55.88328 ], [ -4.20218, 55.88332 ], [ -4.20229, 55.88422 ], [ -4.20117, 55.88429 ], [ -4.20118, 55.88476 ], [ -4.20064, 55.88524 ], [ -4.20131, 55.88538 ], [ -4.20134, 55.88573 ], [ -4.20073, 55.88595 ], [ -4.20003, 55.88574 ], [ -4.19976, 55.8854 ], [ -4.19956, 55.88474 ], [ -4.19959, 55.88421 ], [ -4.19946, 55.88356 ], [ -4.19586, 55.8836 ], [ -4.19592, 55.88327 ] ] ] ] } },
{ "type": "Feature", "properties": { "LSOA11_CD": "S01010347", "Neighborhood_Name": "Summerston North - 02", "uk_imd2019_LSOA": "S01010347", "uk_imd2019_Rank": "486", "uk_imd2019_SOA_pct": "7", "uk_imd2019_SOA_decile": "1" }, "geometry": { "type": "MultiPolygon", "coordinates": [ [ [ [ -4.2946, 55.90573 ], [ -4.29445, 55.90503 ], [ -4.29459, 55.9047 ], [ -4.29387, 55.90449 ], [ -4.29351, 55.9041 ], [ -4.29471, 55.90407 ], [ -4.29472, 55.90356 ], [ -4.29563, 55.90342 ], [ -4.29742, 55.90346 ], [ -4.29745, 55.90303 ], [ -4.29721, 55.90264 ], [ -4.29632, 55.90251 ], [ -4.29629, 55.90191 ], [ -4.29812, 55.90193 ], [ -4.29775, 55.90039 ], [ -4.29976, 55.90051 ], [ -4.2997, 55.90078 ], [ -4.30264, 55.90107 ], [ -4.30363, 55.90129 ], [ -4.304, 55.90085 ], [ -4.30395, 55.90045 ], [ -4.30176, 55.9002 ], [ -4.30172, 55.89936 ], [ -4.30217, 55.89901 ], [ -4.30137, 55.89854 ], [ -4.29991, 55.89712 ], [ -4.30081, 55.8973 ], [ -4.30195, 55.89669 ], [ -4.30334, 55.89695 ], [ -4.30361, 55.89715 ], [ -4.30194, 55.89742 ], [ -4.30201, 55.8979 ], [ -4.30277, 55.89835 ], [ -4.30365, 55.89798 ], [ -4.30391, 55.89852 ], [ -4.30524, 55.89879 ], [ -4.3045, 55.89988 ], [ -4.30584, 55.90021 ], [ -4.30813, 55.90006 ], [ -4.30922, 55.90037 ], [ -4.31021, 55.90032 ], [ -4.31227, 55.90004 ], [ -4.31337, 55.89998 ], [ -4.31483, 55.89981 ], [ -4.31571, 55.89997 ], [ -4.31737, 55.90072 ], [ -4.31944, 55.90116 ], [ -4.31999, 55.90145 ], [ -4.32017, 55.90182 ], [ -4.31948, 55.90298 ], [ -4.31732, 55.90438 ], [ -4.31652, 55.90528 ], [ -4.31607, 55.90591 ], [ -4.3152, 55.90654 ], [ -4.31443, 55.90683 ], [ -4.31394, 55.90698 ], [ -4.31314, 55.90704 ], [ -4.3122, 55.90694 ], [ -4.30942, 55.90689 ], [ -4.30841, 55.90653 ], [ -4.30758, 55.90588 ], [ -4.30696, 55.90564 ], [ -4.30652, 55.90564 ], [ -4.30363, 55.90601 ], [ -4.30311, 55.90594 ], [ -4.30201, 55.9056 ], [ -4.30127, 55.90547 ], [ -4.30053, 55.90548 ], [ -4.30014, 55.90573 ], [ -4.30033, 55.9065 ], [ -4.30091, 55.9073 ], [ -4.30109, 55.90771 ], [ -4.30117, 55.90843 ], [ -4.30093, 55.90874 ], [ -4.29992, 55.90904 ], [ -4.29789, 55.90927 ], [ -4.29726, 55.90719 ], [ -4.29749, 55.90538 ], [ -4.2946, 55.90573 ] ] ] ] } },
{ "type": "Feature", "properties": { "LSOA11_CD": "S01010190", "Neighborhood_Name": "Robroyston and Millerston - 05", "uk_imd2019_LSOA": "S01010190", "uk_imd2019_Rank": "6035", "uk_imd2019_SOA_pct": "87", "uk_imd2019_SOA_decile": "9" }, "geometry": { "type": "MultiPolygon", "coordinates": [ [ [ [ -4.18333, 55.89479 ], [ -4.18658, 55.89411 ], [ -4.18738, 55.89403 ], [ -4.18977, 55.89366 ], [ -4.18986, 55.89462 ], [ -4.19085, 55.89461 ], [ -4.19128, 55.89483 ], [ -4.19164, 55.89524 ], [ -4.19146, 55.8956 ], [ -4.19185, 55.89604 ], [ -4.19137, 55.89658 ], [ -4.18957, 55.89666 ], [ -4.18824, 55.89693 ], [ -4.18747, 55.89742 ], [ -4.18671, 55.89765 ], [ -4.18584, 55.89779 ], [ -4.18563, 55.89704 ], [ -4.18394, 55.89708 ], [ -4.18346, 55.89732 ], [ -4.18168, 55.89618 ], [ -4.18182, 55.89564 ], [ -4.18317, 55.89494 ], [ -4.18333, 55.89479 ] ] ] ] } },
{ "type": "Feature", "properties": { "LSOA11_CD": "S01010191", "Neighborhood_Name": "Robroyston and Millerston - 06", "uk_imd2019_LSOA": "S01010191", "uk_imd2019_Rank": "4230", "uk_imd2019_SOA_pct": "61", "uk_imd2019_SOA_decile": "7" }, "geometry": { "type": "MultiPolygon", "coordinates": [ [ [ [ -4.19137, 55.89658 ], [ -4.19185, 55.89604 ], [ -4.19146, 55.8956 ], [ -4.19164, 55.89524 ], [ -4.19128, 55.89483 ], [ -4.19085, 55.89461 ], [ -4.19147, 55.89432 ], [ -4.19117, 55.89369 ], [ -4.19072, 55.89349 ], [ -4.19064, 55.89259 ], [ -4.19223, 55.89261 ], [ -4.19373, 55.8924 ], [ -4.19502, 55.89252 ], [ -4.19549, 55.89302 ], [ -4.19686, 55.89536 ], [ -4.19648, 55.89551 ], [ -4.19492, 55.89589 ], [ -4.19228, 55.89664 ], [ -4.19191, 55.89692 ], [ -4.19137, 55.89658 ] ] ] ] } },
{ "type": "Feature", "properties": { "LSOA11_CD": "S01010192", "Neighborhood_Name": "Robroyston and Millerston - 07", "uk_imd2019_LSOA": "S01010192", "uk_imd2019_Rank": "5554", "uk_imd2019_SOA_pct": "80", "uk_imd2019_SOA_decile": "8" }, "geometry": { "type": "MultiPolygon", "coordinates": [ [ [ [ -4.19064, 55.89259 ], [ -4.18955, 55.89255 ], [ -4.18864, 55.89193 ], [ -4.18836, 55.89154 ], [ -4.1878, 55.89002 ], [ -4.18775, 55.8894 ], [ -4.18803, 55.88922 ], [ -4.18956, 55.88963 ], [ -4.19394, 55.88959 ], [ -4.19429, 55.89042 ], [ -4.1943, 55.8907 ], [ -4.19527, 55.89234 ], [ -4.19502, 55.89252 ], [ -4.19373, 55.8924 ], [ -4.19223, 55.89261 ], [ -4.19064, 55.89259 ] ] ] ] } },
{ "type": "Feature", "properties": { "LSOA11_CD": "S01010208", "Neighborhood_Name": "Petershill - 06", "uk_imd2019_LSOA": "S01010208", "uk_imd2019_Rank": "1339", "uk_imd2019_SOA_pct": "19", "uk_imd2019_SOA_decile": "2" }, "geometry": { "type": "MultiPolygon", "coordinates": [ [ [ [ -4.23103, 55.88199 ], [ -4.22916, 55.88136 ], [ -4.22799, 55.88105 ], [ -4.22655, 55.88046 ], [ -4.22568, 55.8799 ], [ -4.22526, 55.87952 ], [ -4.22496, 55.87899 ], [ -4.22428, 55.87907 ], [ -4.22314, 55.87984 ], [ -4.22272, 55.88004 ], [ -4.22207, 55.8798 ], [ -4.22134, 55.87983 ], [ -4.22129, 55.87925 ], [ -4.22085, 55.87864 ], [ -4.22209, 55.87843 ], [ -4.22193, 55.87819 ], [ -4.22177, 55.8773 ], [ -4.22257, 55.87729 ], [ -4.22325, 55.87802 ], [ -4.22456, 55.87811 ], [ -4.22456, 55.87797 ], [ -4.22623, 55.87782 ], [ -4.22611, 55.8773 ], [ -4.22787, 55.87711 ], [ -4.2292, 55.87679 ], [ -4.22918, 55.87724 ], [ -4.23097, 55.87732 ], [ -4.23217, 55.8775 ], [ -4.23239, 55.87759 ], [ -4.23286, 55.87828 ], [ -4.2338, 55.8779 ], [ -4.23417, 55.87823 ], [ -4.23422, 55.87855 ], [ -4.23399, 55.8793 ], [ -4.23346, 55.87967 ], [ -4.234, 55.88047 ], [ -4.23403, 55.88106 ], [ -4.2334, 55.88252 ], [ -4.23166, 55.88207 ], [ -4.23103, 55.88199 ] ] ] ] } },
{ "type": "Feature", "properties": { "LSOA11_CD": "S01010193", "Neighborhood_Name": "Robroyston and Millerston - 08", "uk_imd2019_LSOA": "S01010193", "uk_imd2019_Rank": "4552", "uk_imd2019_SOA_pct": "65", "uk_imd2019_SOA_decile": "7" }, "geometry": { "type": "MultiPolygon", "coordinates": [ [ [ [ -4.18803, 55.88922 ], [ -4.18775, 55.8894 ], [ -4.1878, 55.89002 ], [ -4.18836, 55.89154 ], [ -4.18864, 55.89193 ], [ -4.18955, 55.89255 ], [ -4.19064, 55.89259 ], [ -4.19072, 55.89349 ], [ -4.19117, 55.89369 ], [ -4.19147, 55.89432 ], [ -4.19085, 55.89461 ], [ -4.18986, 55.89462 ], [ -4.18977, 55.89366 ], [ -4.18738, 55.89403 ], [ -4.18658, 55.89411 ], [ -4.18333, 55.89479 ], [ -4.18296, 55.89462 ], [ -4.1854, 55.8931 ], [ -4.18433, 55.89309 ], [ -4.1841, 55.89351 ], [ -4.18316, 55.8936 ], [ -4.18293, 55.89412 ], [ -4.18266, 55.89437 ], [ -4.18156, 55.89445 ], [ -4.18054, 55.89427 ], [ -4.17982, 55.89449 ], [ -4.17944, 55.8943 ], [ -4.17956, 55.89387 ], [ -4.17915, 55.89356 ], [ -4.17967, 55.89339 ], [ -4.18007, 55.89356 ], [ -4.18114, 55.89357 ], [ -4.18151, 55.89349 ], [ -4.18148, 55.89233 ], [ -4.18027, 55.89233 ], [ -4.1799, 55.89246 ], [ -4.17986, 55.89151 ], [ -4.18455, 55.89158 ], [ -4.18445, 55.88978 ], [ -4.18473, 55.88867 ], [ -4.1817, 55.88808 ], [ -4.18355, 55.88635 ], [ -4.18603, 55.88711 ], [ -4.18818, 55.88756 ], [ -4.18949, 55.8882 ], [ -4.18909, 55.88856 ], [ -4.18803, 55.88922 ] ] ] ] } },
{ "type": "Feature", "properties": { "LSOA11_CD": "S01010195", "Neighborhood_Name": "Balornock - 02", "uk_imd2019_LSOA": "S01010195", "uk_imd2019_Rank": "1401", "uk_imd2019_SOA_pct": "20", "uk_imd2019_SOA_decile": "3" }, "geometry": { "type": "MultiPolygon", "coordinates": [ [ [ [ -4.2104, 55.89096 ], [ -4.21007, 55.89093 ], [ -4.21018, 55.88983 ], [ -4.21078, 55.88958 ], [ -4.2108, 55.88933 ], [ -4.20952, 55.88886 ], [ -4.2107, 55.88861 ], [ -4.21098, 55.88864 ], [ -4.21182, 55.88817 ], [ -4.21207, 55.88761 ], [ -4.2129, 55.88741 ], [ -4.2137, 55.88874 ], [ -4.21443, 55.88864 ], [ -4.21431, 55.88841 ], [ -4.21573, 55.88818 ], [ -4.21689, 55.88809 ], [ -4.21634, 55.88843 ], [ -4.21752, 55.8889 ], [ -4.21733, 55.88955 ], [ -4.21704, 55.88977 ], [ -4.21651, 55.88982 ], [ -4.21602, 55.89011 ], [ -4.21612, 55.89028 ], [ -4.21536, 55.88982 ], [ -4.21419, 55.8897 ], [ -4.21439, 55.89025 ], [ -4.21352, 55.89064 ], [ -4.21141, 55.89059 ], [ -4.21135, 55.89099 ], [ -4.2104, 55.89096 ] ] ] ] } },
{ "type": "Feature", "properties": { "LSOA11_CD": "S01010196", "Neighborhood_Name": "Balornock - 03", "uk_imd2019_LSOA": "S01010196", "uk_imd2019_Rank": "874", "uk_imd2019_SOA_pct": "13", "uk_imd2019_SOA_decile": "2" }, "geometry": { "type": "MultiPolygon", "coordinates": [ [ [ [ -4.19784, 55.89607 ], [ -4.19686, 55.89536 ], [ -4.19549, 55.89302 ], [ -4.19502, 55.89252 ], [ -4.19527, 55.89234 ], [ -4.1943, 55.8907 ], [ -4.19429, 55.89042 ], [ -4.19394, 55.88959 ], [ -4.19868, 55.88952 ], [ -4.19987, 55.88939 ], [ -4.20024, 55.88934 ], [ -4.20283, 55.88939 ], [ -4.20397, 55.88965 ], [ -4.20365, 55.89 ], [ -4.20304, 55.88996 ], [ -4.20297, 55.89047 ], [ -4.2038, 55.89095 ], [ -4.20341, 55.89122 ], [ -4.20394, 55.89151 ], [ -4.20338, 55.89202 ], [ -4.20228, 55.89216 ], [ -4.20234, 55.89292 ], [ -4.2026, 55.89314 ], [ -4.20346, 55.89309 ], [ -4.2031, 55.89378 ], [ -4.20369, 55.89432 ], [ -4.20341, 55.89482 ], [ -4.20331, 55.89551 ], [ -4.2015, 55.89582 ], [ -4.20078, 55.89561 ], [ -4.20026, 55.89575 ], [ -4.19944, 55.8956 ], [ -4.19926, 55.89605 ], [ -4.19817, 55.89597 ], [ -4.19784, 55.89607 ] ] ] ] } },
{ "type": "Feature", "properties": { "LSOA11_CD": "S01010197", "Neighborhood_Name": "Balornock - 04", "uk_imd2019_LSOA": "S01010197", "uk_imd2019_Rank": "527", "uk_imd2019_SOA_pct": "8", "uk_imd2019_SOA_decile": "1" }, "geometry": { "type": "MultiPolygon", "coordinates": [ [ [ [ -4.20018, 55.89822 ], [ -4.19995, 55.89798 ], [ -4.19949, 55.8974 ], [ -4.19784, 55.89607 ], [ -4.19817, 55.89597 ], [ -4.19926, 55.89605 ], [ -4.19944, 55.8956 ], [ -4.20026, 55.89575 ], [ -4.20078, 55.89561 ], [ -4.2015, 55.89582 ], [ -4.20331, 55.89551 ], [ -4.20341, 55.89482 ], [ -4.20369, 55.89432 ], [ -4.2031, 55.89378 ], [ -4.20346, 55.89309 ], [ -4.20473, 55.89463 ], [ -4.2042, 55.89512 ], [ -4.20446, 55.89551 ], [ -4.20572, 55.89578 ], [ -4.20508, 55.89608 ], [ -4.20547, 55.89647 ], [ -4.20635, 55.89651 ], [ -4.20592, 55.89711 ], [ -4.20664, 55.89703 ], [ -4.20689, 55.89726 ], [ -4.20874, 55.89723 ], [ -4.20943, 55.89714 ], [ -4.20953, 55.89696 ], [ -4.21038, 55.8968 ], [ -4.21077, 55.89727 ], [ -4.2108, 55.89756 ], [ -4.20981, 55.89747 ], [ -4.20903, 55.89739 ], [ -4.20682, 55.89745 ], [ -4.20419, 55.89775 ], [ -4.20219, 55.89806 ], [ -4.2007, 55.89835 ], [ -4.20018, 55.89822 ] ] ] ] } },
{ "type": "Feature", "properties": { "LSOA11_CD": "S01010198", "Neighborhood_Name": "Balornock - 05", "uk_imd2019_LSOA": "S01010198", "uk_imd2019_Rank": "340", "uk_imd2019_SOA_pct": "5", "uk_imd2019_SOA_decile": "1" }, "geometry": { "type": "MultiPolygon", "coordinates": [ [ [ [ -4.20346, 55.89309 ], [ -4.2026, 55.89314 ], [ -4.20234, 55.89292 ], [ -4.20228, 55.89216 ], [ -4.20338, 55.89202 ], [ -4.20394, 55.89151 ], [ -4.20472, 55.89144 ], [ -4.20476, 55.89122 ], [ -4.20538, 55.89122 ], [ -4.21041, 55.89133 ], [ -4.2104, 55.89096 ], [ -4.21135, 55.89099 ], [ -4.21141, 55.89059 ], [ -4.21352, 55.89064 ], [ -4.21439, 55.89025 ], [ -4.21419, 55.8897 ], [ -4.21536, 55.88982 ], [ -4.21612, 55.89028 ], [ -4.21792, 55.89021 ], [ -4.21838, 55.89012 ], [ -4.21967, 55.89012 ], [ -4.22026, 55.89035 ], [ -4.22034, 55.89075 ], [ -4.21945, 55.89085 ], [ -4.21905, 55.89201 ], [ -4.21484, 55.89195 ], [ -4.21366, 55.89196 ], [ -4.21304, 55.89295 ], [ -4.21438, 55.89413 ], [ -4.21604, 55.89493 ], [ -4.21614, 55.8953 ], [ -4.21672, 55.89598 ], [ -4.21376, 55.89592 ], [ -4.21332, 55.89531 ], [ -4.2124, 55.89547 ], [ -4.21247, 55.89574 ], [ -4.20963, 55.89583 ], [ -4.21038, 55.8968 ], [ -4.20953, 55.89696 ], [ -4.20943, 55.89714 ], [ -4.20874, 55.89723 ], [ -4.20689, 55.89726 ], [ -4.20664, 55.89703 ], [ -4.20592, 55.89711 ], [ -4.20635, 55.89651 ], [ -4.20547, 55.89647 ], [ -4.20508, 55.89608 ], [ -4.20572, 55.89578 ], [ -4.20446, 55.89551 ], [ -4.2042, 55.89512 ], [ -4.20473, 55.89463 ], [ -4.20346, 55.89309 ] ] ] ] } },
{ "type": "Feature", "properties": { "LSOA11_CD": "S01010235", "Neighborhood_Name": "Dennistoun North - 02", "uk_imd2019_LSOA": "S01010235", "uk_imd2019_Rank": "4721", "uk_imd2019_SOA_pct": "68", "uk_imd2019_SOA_decile": "7" }, "geometry": { "type": "MultiPolygon", "coordinates": [ [ [ [ -4.22179, 55.8638 ], [ -4.2218, 55.86313 ], [ -4.22323, 55.86314 ], [ -4.22476, 55.86267 ], [ -4.22559, 55.86267 ], [ -4.22562, 55.86191 ], [ -4.22681, 55.86195 ], [ -4.22706, 55.86223 ], [ -4.22933, 55.86432 ], [ -4.22949, 55.86543 ], [ -4.22869, 55.86576 ], [ -4.22668, 55.86512 ], [ -4.22181, 55.86424 ], [ -4.22179, 55.8638 ] ] ] ] } },
{ "type": "Feature", "properties": { "LSOA11_CD": "S01010200", "Neighborhood_Name": "Barmulloch - 02", "uk_imd2019_LSOA": "S01010200", "uk_imd2019_Rank": "1462", "uk_imd2019_SOA_pct": "21", "uk_imd2019_SOA_decile": "3" }, "geometry": { "type": "MultiPolygon", "coordinates": [ [ [ [ -4.20394, 55.89151 ], [ -4.20341, 55.89122 ], [ -4.2038, 55.89095 ], [ -4.20297, 55.89047 ], [ -4.20304, 55.88996 ], [ -4.20365, 55.89 ], [ -4.20397, 55.88965 ], [ -4.20283, 55.88939 ], [ -4.20024, 55.88934 ], [ -4.19987, 55.88939 ], [ -4.1999, 55.88827 ], [ -4.2001, 55.88806 ], [ -4.19995, 55.88737 ], [ -4.19946, 55.88719 ], [ -4.19964, 55.88668 ], [ -4.20013, 55.88662 ], [ -4.20078, 55.88672 ], [ -4.20073, 55.88595 ], [ -4.20134, 55.88573 ], [ -4.20144, 55.88698 ], [ -4.20246, 55.88701 ], [ -4.20245, 55.8867 ], [ -4.20333, 55.88667 ], [ -4.2038, 55.88707 ], [ -4.20438, 55.88706 ], [ -4.20493, 55.88754 ], [ -4.20601, 55.88739 ], [ -4.20655, 55.88731 ], [ -4.20622, 55.88693 ], [ -4.20663, 55.88649 ], [ -4.20738, 55.88655 ], [ -4.20776, 55.88672 ], [ -4.20794, 55.88723 ], [ -4.20771, 55.88822 ], [ -4.20702, 55.88825 ], [ -4.20636, 55.88852 ], [ -4.20731, 55.88945 ], [ -4.20713, 55.88963 ], [ -4.20526, 55.89025 ], [ -4.20511, 55.891 ], [ -4.20538, 55.89122 ], [ -4.20476, 55.89122 ], [ -4.20472, 55.89144 ], [ -4.20394, 55.89151 ] ] ] ] } },
{ "type": "Feature", "properties": { "LSOA11_CD": "S01010201", "Neighborhood_Name": "Barmulloch - 03", "uk_imd2019_LSOA": "S01010201", "uk_imd2019_Rank": "2364", "uk_imd2019_SOA_pct": "34", "uk_imd2019_SOA_decile": "4" }, "geometry": { "type": "MultiPolygon", "coordinates": [ [ [ [ -4.2129, 55.88741 ], [ -4.21244, 55.88662 ], [ -4.20981, 55.8869 ], [ -4.20967, 55.88732 ], [ -4.20865, 55.88738 ], [ -4.20866, 55.88672 ], [ -4.20776, 55.88672 ], [ -4.20738, 55.88655 ], [ -4.20663, 55.88649 ], [ -4.20622, 55.88693 ], [ -4.20655, 55.88731 ], [ -4.20601, 55.88739 ], [ -4.20547, 55.88693 ], [ -4.20498, 55.88615 ], [ -4.20529, 55.88619 ], [ -4.2064, 55.88552 ], [ -4.20622, 55.88485 ], [ -4.20675, 55.88482 ], [ -4.20764, 55.88507 ], [ -4.20824, 55.88535 ], [ -4.20876, 55.88573 ], [ -4.20923, 55.88523 ], [ -4.2098, 55.88482 ], [ -4.21067, 55.88462 ], [ -4.2088, 55.88266 ], [ -4.20863, 55.88247 ], [ -4.21075, 55.88269 ], [ -4.21214, 55.88301 ], [ -4.21369, 55.88346 ], [ -4.21431, 55.88314 ], [ -4.21473, 55.88343 ], [ -4.21491, 55.88388 ], [ -4.21597, 55.88394 ], [ -4.21668, 55.88371 ], [ -4.21757, 55.88448 ], [ -4.21734, 55.88476 ], [ -4.21741, 55.88509 ], [ -4.21778, 55.88548 ], [ -4.21766, 55.88582 ], [ -4.21811, 55.88613 ], [ -4.21762, 55.88647 ], [ -4.21693, 55.88673 ], [ -4.21597, 55.88641 ], [ -4.21478, 55.8866 ], [ -4.21387, 55.88697 ], [ -4.21339, 55.88743 ], [ -4.2129, 55.88741 ] ] ] ] } },
{ "type": "Feature", "properties": { "LSOA11_CD": "S01010202", "Neighborhood_Name": "Barmulloch - 04", "uk_imd2019_LSOA": "S01010202", "uk_imd2019_Rank": "119", "uk_imd2019_SOA_pct": "2", "uk_imd2019_SOA_decile": "1" }, "geometry": { "type": "MultiPolygon", "coordinates": [ [ [ [ -4.20127, 55.88182 ], [ -4.20217, 55.88188 ], [ -4.20246, 55.8818 ], [ -4.20231, 55.88131 ], [ -4.20082, 55.88098 ], [ -4.20092, 55.87987 ], [ -4.20297, 55.8803 ], [ -4.20431, 55.88052 ], [ -4.20542, 55.88057 ], [ -4.20668, 55.88101 ], [ -4.20759, 55.88148 ], [ -4.20863, 55.88247 ], [ -4.2088, 55.88266 ], [ -4.2081, 55.88269 ], [ -4.20809, 55.88294 ], [ -4.20698, 55.88299 ], [ -4.20611, 55.88315 ], [ -4.20611, 55.88354 ], [ -4.20541, 55.88354 ], [ -4.20533, 55.88294 ], [ -4.20286, 55.88299 ], [ -4.20215, 55.88302 ], [ -4.20215, 55.88277 ], [ -4.20113, 55.88279 ], [ -4.20092, 55.88293 ], [ -4.20102, 55.88381 ], [ -4.2006, 55.88388 ], [ -4.20062, 55.88304 ], [ -4.20015, 55.88279 ], [ -4.20127, 55.88182 ] ] ] ] } },
{ "type": "Feature", "properties": { "LSOA11_CD": "S01010203", "Neighborhood_Name": "Petershill - 01", "uk_imd2019_LSOA": "S01010203", "uk_imd2019_Rank": "4846", "uk_imd2019_SOA_pct": "69", "uk_imd2019_SOA_decile": "7" }, "geometry": { "type": "MultiPolygon", "coordinates": [ [ [ [ -4.21289, 55.87888 ], [ -4.21489, 55.87864 ], [ -4.2164, 55.87816 ], [ -4.21761, 55.87783 ], [ -4.2192, 55.8775 ], [ -4.22009, 55.87742 ], [ -4.22015, 55.87856 ], [ -4.2207, 55.87833 ], [ -4.22193, 55.87819 ], [ -4.22209, 55.87843 ], [ -4.22085, 55.87864 ], [ -4.22129, 55.87925 ], [ -4.22134, 55.87983 ], [ -4.2179, 55.87996 ], [ -4.21406, 55.88011 ], [ -4.21331, 55.87912 ], [ -4.21289, 55.87888 ] ] ] ] } },
{ "type": "Feature", "properties": { "LSOA11_CD": "S01010204", "Neighborhood_Name": "Petershill - 02", "uk_imd2019_LSOA": "S01010204", "uk_imd2019_Rank": "159", "uk_imd2019_SOA_pct": "2", "uk_imd2019_SOA_decile": "1" }, "geometry": { "type": "MultiPolygon", "coordinates": [ [ [ [ -4.21075, 55.88269 ], [ -4.2114, 55.88201 ], [ -4.21207, 55.88194 ], [ -4.21203, 55.88159 ], [ -4.21248, 55.88127 ], [ -4.21352, 55.88125 ], [ -4.21354, 55.88081 ], [ -4.21232, 55.88046 ], [ -4.21192, 55.87967 ], [ -4.21239, 55.87933 ], [ -4.2123, 55.87896 ], [ -4.21289, 55.87888 ], [ -4.21331, 55.87912 ], [ -4.21406, 55.88011 ], [ -4.2179, 55.87996 ], [ -4.21779, 55.88063 ], [ -4.21616, 55.88104 ], [ -4.2155, 55.88102 ], [ -4.21531, 55.88135 ], [ -4.21549, 55.88165 ], [ -4.2164, 55.88173 ], [ -4.21678, 55.88156 ], [ -4.2174, 55.88153 ], [ -4.21833, 55.88166 ], [ -4.21808, 55.8823 ], [ -4.21797, 55.88261 ], [ -4.21354, 55.88224 ], [ -4.21148, 55.88235 ], [ -4.21075, 55.88269 ] ] ] ] } },
{ "type": "Feature", "properties": { "LSOA11_CD": "S01010209", "Neighborhood_Name": "Springburn - 01", "uk_imd2019_LSOA": "S01010209", "uk_imd2019_Rank": "130", "uk_imd2019_SOA_pct": "2", "uk_imd2019_SOA_decile": "1" }, "geometry": { "type": "MultiPolygon", "coordinates": [ [ [ [ -4.21077, 55.89727 ], [ -4.21038, 55.8968 ], [ -4.20963, 55.89583 ], [ -4.21247, 55.89574 ], [ -4.2124, 55.89547 ], [ -4.21332, 55.89531 ], [ -4.21376, 55.89592 ], [ -4.21672, 55.89598 ], [ -4.21614, 55.8953 ], [ -4.21604, 55.89493 ], [ -4.21438, 55.89413 ], [ -4.21304, 55.89295 ], [ -4.21366, 55.89196 ], [ -4.21484, 55.89195 ], [ -4.21905, 55.89201 ], [ -4.21909, 55.89232 ], [ -4.2242, 55.89232 ], [ -4.22774, 55.89236 ], [ -4.22815, 55.89222 ], [ -4.22837, 55.89004 ], [ -4.23007, 55.8901 ], [ -4.22984, 55.8908 ], [ -4.22943, 55.89174 ], [ -4.22943, 55.89203 ], [ -4.22994, 55.89215 ], [ -4.2308, 55.8913 ], [ -4.23096, 55.89091 ], [ -4.23154, 55.89097 ], [ -4.23135, 55.8915 ], [ -4.23091, 55.89179 ], [ -4.23035, 55.89262 ], [ -4.23096, 55.89277 ], [ -4.23028, 55.89365 ], [ -4.22995, 55.89385 ], [ -4.22881, 55.89406 ], [ -4.22936, 55.89438 ], [ -4.23024, 55.89406 ], [ -4.23095, 55.89369 ], [ -4.23154, 55.89392 ], [ -4.23147, 55.89439 ], [ -4.2301, 55.89503 ], [ -4.22884, 55.89599 ], [ -4.22944, 55.89603 ], [ -4.22937, 55.89641 ], [ -4.22813, 55.89634 ], [ -4.22781, 55.89623 ], [ -4.22592, 55.89604 ], [ -4.22614, 55.89668 ], [ -4.21973, 55.89737 ], [ -4.21655, 55.89769 ], [ -4.21596, 55.89752 ], [ -4.21516, 55.89761 ], [ -4.2134, 55.89758 ], [ -4.21284, 55.89722 ], [ -4.21251, 55.89743 ], [ -4.21178, 55.89747 ], [ -4.21124, 55.89717 ], [ -4.21077, 55.89727 ] ] ] ] } },
{ "type": "Feature", "properties": { "LSOA11_CD": "S01010210", "Neighborhood_Name": "Springburn - 02", "uk_imd2019_LSOA": "S01010210", "uk_imd2019_Rank": "1639", "uk_imd2019_SOA_pct": "23", "uk_imd2019_SOA_decile": "3" }, "geometry": { "type": "MultiPolygon", "coordinates": [ [ [ [ -4.21905, 55.89201 ], [ -4.21945, 55.89085 ], [ -4.22034, 55.89075 ], [ -4.22026, 55.89035 ], [ -4.21967, 55.89012 ], [ -4.21838, 55.89012 ], [ -4.21792, 55.89021 ], [ -4.21612, 55.89028 ], [ -4.21602, 55.89011 ], [ -4.21651, 55.88982 ], [ -4.21704, 55.88977 ], [ -4.21733, 55.88955 ], [ -4.21752, 55.8889 ], [ -4.21634, 55.88843 ], [ -4.21689, 55.88809 ], [ -4.21573, 55.88818 ], [ -4.21431, 55.88841 ], [ -4.21443, 55.88864 ], [ -4.2137, 55.88874 ], [ -4.2129, 55.88741 ], [ -4.21339, 55.88743 ], [ -4.21387, 55.88697 ], [ -4.21478, 55.8866 ], [ -4.21597, 55.88641 ], [ -4.21693, 55.88673 ], [ -4.21762, 55.88647 ], [ -4.21802, 55.88701 ], [ -4.21917, 55.88687 ], [ -4.21914, 55.88657 ], [ -4.22196, 55.88629 ], [ -4.22202, 55.88657 ], [ -4.22258, 55.88649 ], [ -4.22255, 55.88621 ], [ -4.2245, 55.88623 ], [ -4.22446, 55.88698 ], [ -4.22764, 55.88695 ], [ -4.22832, 55.88692 ], [ -4.2284, 55.88745 ], [ -4.22906, 55.88746 ], [ -4.22952, 55.8879 ], [ -4.23001, 55.88791 ], [ -4.23017, 55.88808 ], [ -4.23002, 55.88868 ], [ -4.23054, 55.8887 ], [ -4.23007, 55.8901 ], [ -4.22837, 55.89004 ], [ -4.22815, 55.89222 ], [ -4.22774, 55.89236 ], [ -4.2242, 55.89232 ], [ -4.21909, 55.89232 ], [ -4.21905, 55.89201 ] ] ] ] } },
{ "type": "Feature", "properties": { "LSOA11_CD": "S01010211", "Neighborhood_Name": "Springburn - 03", "uk_imd2019_LSOA": "S01010211", "uk_imd2019_Rank": "388", "uk_imd2019_SOA_pct": "6", "uk_imd2019_SOA_decile": "1" }, "geometry": { "type": "MultiPolygon", "coordinates": [ [ [ [ -4.22281, 55.8856 ], [ -4.22271, 55.8853 ], [ -4.22182, 55.88532 ], [ -4.22181, 55.88507 ], [ -4.2208, 55.88503 ], [ -4.22073, 55.88466 ], [ -4.2201, 55.88464 ], [ -4.21975, 55.88356 ], [ -4.22137, 55.8836 ], [ -4.22151, 55.88333 ], [ -4.21964, 55.88329 ], [ -4.21947, 55.88277 ], [ -4.21797, 55.88261 ], [ -4.21808, 55.8823 ], [ -4.22088, 55.88257 ], [ -4.221, 55.88216 ], [ -4.22226, 55.8816 ], [ -4.22272, 55.88004 ], [ -4.22314, 55.87984 ], [ -4.22455, 55.88097 ], [ -4.22433, 55.88139 ], [ -4.2251, 55.88196 ], [ -4.22642, 55.88184 ], [ -4.2281, 55.88218 ], [ -4.22713, 55.88254 ], [ -4.22668, 55.8831 ], [ -4.22538, 55.88282 ], [ -4.22507, 55.88334 ], [ -4.22386, 55.88312 ], [ -4.22363, 55.88333 ], [ -4.22492, 55.88402 ], [ -4.22582, 55.88438 ], [ -4.22454, 55.88443 ], [ -4.22395, 55.88467 ], [ -4.22413, 55.88561 ], [ -4.22281, 55.8856 ] ] ] ] } },
{ "type": "Feature", "properties": { "LSOA11_CD": "S01010212", "Neighborhood_Name": "Springburn - 04", "uk_imd2019_LSOA": "S01010212", "uk_imd2019_Rank": "75", "uk_imd2019_SOA_pct": "1", "uk_imd2019_SOA_decile": "1" }, "geometry": { "type": "MultiPolygon", "coordinates": [ [ [ [ -4.22196, 55.88629 ], [ -4.22189, 55.88596 ], [ -4.22253, 55.88594 ], [ -4.22281, 55.8856 ], [ -4.22413, 55.88561 ], [ -4.22395, 55.88467 ], [ -4.22454, 55.88443 ], [ -4.22582, 55.88438 ], [ -4.22492, 55.88402 ], [ -4.22363, 55.88333 ], [ -4.22386, 55.88312 ], [ -4.22507, 55.88334 ], [ -4.22538, 55.88282 ], [ -4.22668, 55.8831 ], [ -4.22713, 55.88254 ], [ -4.2281, 55.88218 ], [ -4.22642, 55.88184 ], [ -4.2251, 55.88196 ], [ -4.22433, 55.88139 ], [ -4.22455, 55.88097 ], [ -4.22314, 55.87984 ], [ -4.22428, 55.87907 ], [ -4.22496, 55.87899 ], [ -4.22526, 55.87952 ], [ -4.22568, 55.8799 ], [ -4.22655, 55.88046 ], [ -4.22799, 55.88105 ], [ -4.22916, 55.88136 ], [ -4.23103, 55.88199 ], [ -4.23114, 55.8822 ], [ -4.2298, 55.8828 ], [ -4.22957, 55.88324 ], [ -4.22983, 55.88337 ], [ -4.23234, 55.88354 ], [ -4.23173, 55.88447 ], [ -4.23169, 55.88483 ], [ -4.2321, 55.88586 ], [ -4.23242, 55.88645 ], [ -4.23228, 55.88652 ], [ -4.23192, 55.88637 ], [ -4.23105, 55.88628 ], [ -4.22985, 55.88637 ], [ -4.22914, 55.88664 ], [ -4.22917, 55.88686 ], [ -4.23019, 55.88685 ], [ -4.2304, 55.88718 ], [ -4.23001, 55.88791 ], [ -4.22952, 55.8879 ], [ -4.22906, 55.88746 ], [ -4.2284, 55.88745 ], [ -4.22832, 55.88692 ], [ -4.22764, 55.88695 ], [ -4.22446, 55.88698 ], [ -4.2245, 55.88623 ], [ -4.22255, 55.88621 ], [ -4.22258, 55.88649 ], [ -4.22202, 55.88657 ], [ -4.22196, 55.88629 ] ] ] ] } },
{ "type": "Feature", "properties": { "LSOA11_CD": "S01010214", "Neighborhood_Name": "Springburn East and Cowlairs - 01", "uk_imd2019_LSOA": "S01010214", "uk_imd2019_Rank": "3461", "uk_imd2019_SOA_pct": "50", "uk_imd2019_SOA_decile": "5" }, "geometry": { "type": "MultiPolygon", "coordinates": [ [ [ [ -4.23632, 55.89679 ], [ -4.23477, 55.89669 ], [ -4.22937, 55.89641 ], [ -4.22944, 55.89603 ], [ -4.22884, 55.89599 ], [ -4.2301, 55.89503 ], [ -4.23145, 55.89505 ], [ -4.23146, 55.89458 ], [ -4.23202, 55.89453 ], [ -4.23185, 55.89416 ], [ -4.23243, 55.8938 ], [ -4.23448, 55.89298 ], [ -4.23689, 55.89231 ], [ -4.23889, 55.89208 ], [ -4.23952, 55.89231 ], [ -4.23966, 55.89272 ], [ -4.23953, 55.89301 ], [ -4.23881, 55.89349 ], [ -4.23874, 55.89369 ], [ -4.23929, 55.89405 ], [ -4.23845, 55.89501 ], [ -4.23632, 55.89679 ] ] ] ] } },
{ "type": "Feature", "properties": { "LSOA11_CD": "S01010215", "Neighborhood_Name": "Springburn East and Cowlairs - 02", "uk_imd2019_LSOA": "S01010215", "uk_imd2019_Rank": "236", "uk_imd2019_SOA_pct": "3", "uk_imd2019_SOA_decile": "1" }, "geometry": { "type": "MultiPolygon", "coordinates": [ [ [ [ -4.2301, 55.89503 ], [ -4.23147, 55.89439 ], [ -4.23154, 55.89392 ], [ -4.23095, 55.89369 ], [ -4.23234, 55.89192 ], [ -4.23276, 55.89198 ], [ -4.23304, 55.89154 ], [ -4.23245, 55.89147 ], [ -4.23255, 55.89126 ], [ -4.23262, 55.88993 ], [ -4.23318, 55.88992 ], [ -4.23323, 55.88858 ], [ -4.23309, 55.88798 ], [ -4.23268, 55.88735 ], [ -4.23279, 55.88721 ], [ -4.23228, 55.88652 ], [ -4.23242, 55.88645 ], [ -4.23318, 55.88575 ], [ -4.23464, 55.88588 ], [ -4.2347, 55.8863 ], [ -4.23354, 55.88617 ], [ -4.23379, 55.88653 ], [ -4.23342, 55.88713 ], [ -4.23373, 55.88784 ], [ -4.2353, 55.88809 ], [ -4.23551, 55.88782 ], [ -4.23475, 55.88769 ], [ -4.23482, 55.88705 ], [ -4.23527, 55.88676 ], [ -4.23637, 55.88695 ], [ -4.2368, 55.88691 ], [ -4.23718, 55.88618 ], [ -4.23825, 55.88634 ], [ -4.23834, 55.88619 ], [ -4.23726, 55.88601 ], [ -4.23769, 55.88538 ], [ -4.23831, 55.88547 ], [ -4.23919, 55.88532 ], [ -4.23992, 55.88644 ], [ -4.24019, 55.88712 ], [ -4.24051, 55.88753 ], [ -4.24113, 55.88801 ], [ -4.24169, 55.88824 ], [ -4.24291, 55.88855 ], [ -4.24393, 55.88865 ], [ -4.24284, 55.88884 ], [ -4.24198, 55.88921 ], [ -4.24136, 55.88913 ], [ -4.24002, 55.88924 ], [ -4.23858, 55.8901 ], [ -4.23814, 55.89165 ], [ -4.23889, 55.89208 ], [ -4.23689, 55.89231 ], [ -4.23448, 55.89298 ], [ -4.23243, 55.8938 ], [ -4.23185, 55.89416 ], [ -4.23202, 55.89453 ], [ -4.23146, 55.89458 ], [ -4.23145, 55.89505 ], [ -4.2301, 55.89503 ] ] ] ] } },
{ "type": "Feature", "properties": { "LSOA11_CD": "S01010216", "Neighborhood_Name": "Springburn East and Cowlairs - 03", "uk_imd2019_LSOA": "S01010216", "uk_imd2019_Rank": "106", "uk_imd2019_SOA_pct": "2", "uk_imd2019_SOA_decile": "1" }, "geometry": { "type": "MultiPolygon", "coordinates": [ [ [ [ -4.22984, 55.8908 ], [ -4.23086, 55.8909 ], [ -4.23115, 55.88999 ], [ -4.23136, 55.88976 ], [ -4.23114, 55.88939 ], [ -4.23207, 55.88928 ], [ -4.2322, 55.88965 ], [ -4.23215, 55.89062 ], [ -4.23201, 55.8914 ], [ -4.23245, 55.89147 ], [ -4.23304, 55.89154 ], [ -4.23276, 55.89198 ], [ -4.23234, 55.89192 ], [ -4.23095, 55.89369 ], [ -4.23024, 55.89406 ], [ -4.22936, 55.89438 ], [ -4.22881, 55.89406 ], [ -4.22995, 55.89385 ], [ -4.23028, 55.89365 ], [ -4.23096, 55.89277 ], [ -4.23035, 55.89262 ], [ -4.23091, 55.89179 ], [ -4.23135, 55.8915 ], [ -4.23154, 55.89097 ], [ -4.23096, 55.89091 ], [ -4.2308, 55.8913 ], [ -4.22994, 55.89215 ], [ -4.22943, 55.89203 ], [ -4.22943, 55.89174 ], [ -4.22984, 55.8908 ] ] ] ] } },
{ "type": "Feature", "properties": { "LSOA11_CD": "S01010217", "Neighborhood_Name": "Springburn East and Cowlairs - 04", "uk_imd2019_LSOA": "S01010217", "uk_imd2019_Rank": "391", "uk_imd2019_SOA_pct": "6", "uk_imd2019_SOA_decile": "1" }, "geometry": { "type": "MultiPolygon", "coordinates": [ [ [ [ -4.22984, 55.8908 ], [ -4.23007, 55.8901 ], [ -4.23054, 55.8887 ], [ -4.23002, 55.88868 ], [ -4.23017, 55.88808 ], [ -4.23001, 55.88791 ], [ -4.2304, 55.88718 ], [ -4.23019, 55.88685 ], [ -4.22917, 55.88686 ], [ -4.22914, 55.88664 ], [ -4.22985, 55.88637 ], [ -4.23105, 55.88628 ], [ -4.23192, 55.88637 ], [ -4.23228, 55.88652 ], [ -4.23279, 55.88721 ], [ -4.23268, 55.88735 ], [ -4.23309, 55.88798 ], [ -4.23323, 55.88858 ], [ -4.23318, 55.88992 ], [ -4.23262, 55.88993 ], [ -4.23255, 55.89126 ], [ -4.23245, 55.89147 ], [ -4.23201, 55.8914 ], [ -4.23215, 55.89062 ], [ -4.2322, 55.88965 ], [ -4.23207, 55.88928 ], [ -4.23114, 55.88939 ], [ -4.23136, 55.88976 ], [ -4.23115, 55.88999 ], [ -4.23086, 55.8909 ], [ -4.22984, 55.8908 ] ] ] ] } },
{ "type": "Feature", "properties": { "LSOA11_CD": "S01010218", "Neighborhood_Name": "Springburn East and Cowlairs - 05", "uk_imd2019_LSOA": "S01010218", "uk_imd2019_Rank": "502", "uk_imd2019_SOA_pct": "7", "uk_imd2019_SOA_decile": "1" }, "geometry": { "type": "MultiPolygon", "coordinates": [ [ [ [ -4.23242, 55.88645 ], [ -4.2321, 55.88586 ], [ -4.23169, 55.88483 ], [ -4.23173, 55.88447 ], [ -4.23234, 55.88354 ], [ -4.22983, 55.88337 ], [ -4.22957, 55.88324 ], [ -4.2298, 55.8828 ], [ -4.23114, 55.8822 ], [ -4.23103, 55.88199 ], [ -4.23166, 55.88207 ], [ -4.2334, 55.88252 ], [ -4.23322, 55.88275 ], [ -4.23415, 55.88324 ], [ -4.23615, 55.88396 ], [ -4.23709, 55.88473 ], [ -4.23769, 55.88538 ], [ -4.23726, 55.88601 ], [ -4.23834, 55.88619 ], [ -4.23825, 55.88634 ], [ -4.23718, 55.88618 ], [ -4.2368, 55.88691 ], [ -4.23637, 55.88695 ], [ -4.23527, 55.88676 ], [ -4.23482, 55.88705 ], [ -4.23475, 55.88769 ], [ -4.23551, 55.88782 ], [ -4.2353, 55.88809 ], [ -4.23373, 55.88784 ], [ -4.23342, 55.88713 ], [ -4.23379, 55.88653 ], [ -4.23354, 55.88617 ], [ -4.2347, 55.8863 ], [ -4.23464, 55.88588 ], [ -4.23318, 55.88575 ], [ -4.23242, 55.88645 ] ] ] ] } },
{ "type": "Feature", "properties": { "LSOA11_CD": "S01010219", "Neighborhood_Name": "Cowlairs and Port Dundas - 01", "uk_imd2019_LSOA": "S01010219", "uk_imd2019_Rank": "2914", "uk_imd2019_SOA_pct": "42", "uk_imd2019_SOA_decile": "5" }, "geometry": { "type": "MultiPolygon", "coordinates": [ [ [ [ -4.24155, 55.87566 ], [ -4.2417, 55.87519 ], [ -4.24202, 55.87486 ], [ -4.24009, 55.87463 ], [ -4.24024, 55.87417 ], [ -4.23918, 55.87406 ], [ -4.23829, 55.87412 ], [ -4.23807, 55.87369 ], [ -4.23702, 55.8735 ], [ -4.23625, 55.87344 ], [ -4.23627, 55.87273 ], [ -4.23824, 55.87259 ], [ -4.2385, 55.87144 ], [ -4.24027, 55.87112 ], [ -4.2409, 55.87177 ], [ -4.24196, 55.87244 ], [ -4.24367, 55.87298 ], [ -4.24414, 55.87331 ], [ -4.24249, 55.87577 ], [ -4.24155, 55.87566 ] ] ] ] } },
{ "type": "Feature", "properties": { "LSOA11_CD": "S01010221", "Neighborhood_Name": "Cowlairs and Port Dundas - 03", "uk_imd2019_LSOA": "S01010221", "uk_imd2019_Rank": "99", "uk_imd2019_SOA_pct": "1", "uk_imd2019_SOA_decile": "1" }, "geometry": { "type": "MultiPolygon", "coordinates": [ [ [ [ -4.23969, 55.87991 ], [ -4.24139, 55.87733 ], [ -4.24219, 55.87619 ], [ -4.24136, 55.87611 ], [ -4.24155, 55.87566 ], [ -4.24249, 55.87577 ], [ -4.24414, 55.87331 ], [ -4.24367, 55.87298 ], [ -4.24196, 55.87244 ], [ -4.2409, 55.87177 ], [ -4.24027, 55.87112 ], [ -4.23948, 55.8696 ], [ -4.24087, 55.86939 ], [ -4.24421, 55.8698 ], [ -4.24429, 55.86961 ], [ -4.24693, 55.86988 ], [ -4.25031, 55.87027 ], [ -4.2484, 55.87122 ], [ -4.24795, 55.87092 ], [ -4.24758, 55.87091 ], [ -4.24611, 55.87178 ], [ -4.24601, 55.87207 ], [ -4.24504, 55.87203 ], [ -4.24423, 55.87322 ], [ -4.24453, 55.87361 ], [ -4.24557, 55.87469 ], [ -4.24619, 55.87513 ], [ -4.24662, 55.87563 ], [ -4.24797, 55.87574 ], [ -4.24825, 55.87608 ], [ -4.24951, 55.87624 ], [ -4.25033, 55.87653 ], [ -4.25024, 55.87694 ], [ -4.25128, 55.8771 ], [ -4.25434, 55.87787 ], [ -4.25451, 55.878 ], [ -4.25438, 55.87991 ], [ -4.25489, 55.87994 ], [ -4.25486, 55.8807 ], [ -4.25432, 55.88073 ], [ -4.25352, 55.88076 ], [ -4.2508, 55.88074 ], [ -4.25081, 55.88041 ], [ -4.24755, 55.88039 ], [ -4.24747, 55.88143 ], [ -4.24864, 55.88146 ], [ -4.24834, 55.8818 ], [ -4.24834, 55.88217 ], [ -4.24628, 55.88213 ], [ -4.2441, 55.88213 ], [ -4.24417, 55.88139 ], [ -4.24466, 55.881 ], [ -4.24418, 55.88066 ], [ -4.24345, 55.88045 ], [ -4.24361, 55.8795 ], [ -4.24174, 55.87989 ], [ -4.24049, 55.87985 ], [ -4.23969, 55.87991 ] ] ] ] } },
{ "type": "Feature", "properties": { "LSOA11_CD": "S01010222", "Neighborhood_Name": "Cowlairs and Port Dundas - 04", "uk_imd2019_LSOA": "S01010222", "uk_imd2019_Rank": "1273", "uk_imd2019_SOA_pct": "18", "uk_imd2019_SOA_decile": "2" }, "geometry": { "type": "MultiPolygon", "coordinates": [ [ [ [ -4.23399, 55.8793 ], [ -4.23422, 55.87855 ], [ -4.23417, 55.87823 ], [ -4.2338, 55.8779 ], [ -4.23286, 55.87828 ], [ -4.23239, 55.87759 ], [ -4.23217, 55.8775 ], [ -4.23191, 55.87675 ], [ -4.23217, 55.87616 ], [ -4.23211, 55.87586 ], [ -4.23237, 55.87558 ], [ -4.22618, 55.87602 ], [ -4.22617, 55.8757 ], [ -4.22647, 55.87537 ], [ -4.22633, 55.87452 ], [ -4.22644, 55.87407 ], [ -4.2284, 55.87422 ], [ -4.22895, 55.87388 ], [ -4.23045, 55.87377 ], [ -4.23256, 55.87387 ], [ -4.2327, 55.87334 ], [ -4.2331, 55.87312 ], [ -4.23625, 55.87344 ], [ -4.23702, 55.8735 ], [ -4.23807, 55.87369 ], [ -4.23829, 55.87412 ], [ -4.23918, 55.87406 ], [ -4.24024, 55.87417 ], [ -4.24009, 55.87463 ], [ -4.24202, 55.87486 ], [ -4.2417, 55.87519 ], [ -4.24155, 55.87566 ], [ -4.24136, 55.87611 ], [ -4.24219, 55.87619 ], [ -4.24139, 55.87733 ], [ -4.23969, 55.87991 ], [ -4.23956, 55.88011 ], [ -4.23944, 55.87974 ], [ -4.239, 55.87952 ], [ -4.23735, 55.87983 ], [ -4.23714, 55.87947 ], [ -4.23634, 55.8796 ], [ -4.2362, 55.87926 ], [ -4.23383, 55.87971 ], [ -4.23399, 55.8793 ] ] ] ] } },
{ "type": "Feature", "properties": { "LSOA11_CD": "S01010236", "Neighborhood_Name": "Dennistoun North - 03", "uk_imd2019_LSOA": "S01010236", "uk_imd2019_Rank": "3012", "uk_imd2019_SOA_pct": "43", "uk_imd2019_SOA_decile": "5" }, "geometry": { "type": "MultiPolygon", "coordinates": [ [ [ [ -4.21898, 55.86275 ], [ -4.21903, 55.86164 ], [ -4.22157, 55.86169 ], [ -4.22134, 55.86116 ], [ -4.22126, 55.86032 ], [ -4.22184, 55.86031 ], [ -4.22183, 55.86109 ], [ -4.22405, 55.86117 ], [ -4.22399, 55.86152 ], [ -4.22655, 55.86157 ], [ -4.22748, 55.86117 ], [ -4.22845, 55.86109 ], [ -4.22825, 55.86193 ], [ -4.22681, 55.86195 ], [ -4.22562, 55.86191 ], [ -4.22559, 55.86267 ], [ -4.22476, 55.86267 ], [ -4.22323, 55.86314 ], [ -4.2218, 55.86313 ], [ -4.22179, 55.8638 ], [ -4.22101, 55.8638 ], [ -4.22099, 55.86355 ], [ -4.2201, 55.86352 ], [ -4.22009, 55.86316 ], [ -4.22051, 55.86295 ], [ -4.21898, 55.86293 ], [ -4.21898, 55.86275 ] ] ] ] } },
{ "type": "Feature", "properties": { "LSOA11_CD": "S01010237", "Neighborhood_Name": "Dennistoun North - 04", "uk_imd2019_LSOA": "S01010237", "uk_imd2019_Rank": "3887", "uk_imd2019_SOA_pct": "56", "uk_imd2019_SOA_decile": "6" }, "geometry": { "type": "MultiPolygon", "coordinates": [ [ [ [ -4.21517, 55.86335 ], [ -4.21521, 55.86273 ], [ -4.21585, 55.86276 ], [ -4.21583, 55.86196 ], [ -4.21458, 55.86195 ], [ -4.21414, 55.86162 ], [ -4.21636, 55.86162 ], [ -4.21676, 55.8613 ], [ -4.21769, 55.86132 ], [ -4.21769, 55.861 ], [ -4.21904, 55.86102 ], [ -4.21903, 55.86164 ], [ -4.21898, 55.86275 ], [ -4.2186, 55.86261 ], [ -4.21667, 55.8626 ], [ -4.21644, 55.86274 ], [ -4.21664, 55.86328 ], [ -4.21634, 55.86347 ], [ -4.21517, 55.86335 ] ] ] ] } },
{ "type": "Feature", "properties": { "LSOA11_CD": "S01010224", "Neighborhood_Name": "Cowlairs and Port Dundas - 06", "uk_imd2019_LSOA": "S01010224", "uk_imd2019_Rank": "67", "uk_imd2019_SOA_pct": "1", "uk_imd2019_SOA_decile": "1" }, "geometry": { "type": "MultiPolygon", "coordinates": [ [ [ [ -4.23919, 55.88532 ], [ -4.23912, 55.88469 ], [ -4.23868, 55.88322 ], [ -4.23865, 55.8821 ], [ -4.23893, 55.88111 ], [ -4.23956, 55.88011 ], [ -4.23969, 55.87991 ], [ -4.24049, 55.87985 ], [ -4.24174, 55.87989 ], [ -4.24361, 55.8795 ], [ -4.24345, 55.88045 ], [ -4.24418, 55.88066 ], [ -4.24466, 55.881 ], [ -4.24417, 55.88139 ], [ -4.2441, 55.88213 ], [ -4.24628, 55.88213 ], [ -4.24834, 55.88217 ], [ -4.24834, 55.8818 ], [ -4.24864, 55.88146 ], [ -4.24747, 55.88143 ], [ -4.24755, 55.88039 ], [ -4.25081, 55.88041 ], [ -4.2508, 55.88074 ], [ -4.25352, 55.88076 ], [ -4.25432, 55.88073 ], [ -4.25393, 55.88096 ], [ -4.25306, 55.88101 ], [ -4.25291, 55.88151 ], [ -4.25127, 55.8815 ], [ -4.25126, 55.88174 ], [ -4.25238, 55.88176 ], [ -4.25299, 55.88224 ], [ -4.253, 55.88158 ], [ -4.25388, 55.88172 ], [ -4.25391, 55.88206 ], [ -4.25426, 55.88224 ], [ -4.25424, 55.88372 ], [ -4.25414, 55.88374 ], [ -4.24956, 55.88371 ], [ -4.24859, 55.88367 ], [ -4.24684, 55.88372 ], [ -4.24687, 55.88297 ], [ -4.24639, 55.88296 ], [ -4.24603, 55.88331 ], [ -4.24601, 55.88401 ], [ -4.24446, 55.88399 ], [ -4.24443, 55.88429 ], [ -4.24285, 55.88428 ], [ -4.24287, 55.88414 ], [ -4.24103, 55.88403 ], [ -4.2407, 55.88544 ], [ -4.24152, 55.88548 ], [ -4.24165, 55.88498 ], [ -4.24274, 55.88503 ], [ -4.24272, 55.88529 ], [ -4.24241, 55.88693 ], [ -4.24019, 55.88712 ], [ -4.23992, 55.88644 ], [ -4.23919, 55.88532 ] ] ] ] } },
{ "type": "Feature", "properties": { "LSOA11_CD": "S01010225", "Neighborhood_Name": "Sighthill - 01", "uk_imd2019_LSOA": "S01010225", "uk_imd2019_Rank": "678", "uk_imd2019_SOA_pct": "10", "uk_imd2019_SOA_decile": "1" }, "geometry": { "type": "MultiPolygon", "coordinates": [ [ [ [ -4.20932, 55.87909 ], [ -4.20639, 55.87917 ], [ -4.20518, 55.87923 ], [ -4.20526, 55.87815 ], [ -4.20515, 55.87779 ], [ -4.2071, 55.87732 ], [ -4.20704, 55.87629 ], [ -4.20664, 55.87587 ], [ -4.20777, 55.87584 ], [ -4.2078, 55.87614 ], [ -4.20882, 55.87619 ], [ -4.20879, 55.87576 ], [ -4.20926, 55.87548 ], [ -4.2093, 55.87607 ], [ -4.21033, 55.87578 ], [ -4.21097, 55.87644 ], [ -4.21163, 55.8762 ], [ -4.21369, 55.87569 ], [ -4.21327, 55.87545 ], [ -4.21481, 55.87502 ], [ -4.21579, 55.87459 ], [ -4.21869, 55.87429 ], [ -4.21798, 55.87323 ], [ -4.21753, 55.87203 ], [ -4.21993, 55.87129 ], [ -4.2215, 55.87085 ], [ -4.22296, 55.87065 ], [ -4.22446, 55.87047 ], [ -4.22448, 55.87088 ], [ -4.22507, 55.87093 ], [ -4.22596, 55.87077 ], [ -4.22643, 55.87144 ], [ -4.22877, 55.87098 ], [ -4.22893, 55.87123 ], [ -4.23156, 55.8706 ], [ -4.2313, 55.87005 ], [ -4.23373, 55.86962 ], [ -4.23402, 55.87015 ], [ -4.23368, 55.87084 ], [ -4.2331, 55.87312 ], [ -4.2327, 55.87334 ], [ -4.23256, 55.87387 ], [ -4.23045, 55.87377 ], [ -4.22895, 55.87388 ], [ -4.2284, 55.87422 ], [ -4.22644, 55.87407 ], [ -4.22633, 55.87452 ], [ -4.22647, 55.87537 ], [ -4.22617, 55.8757 ], [ -4.22618, 55.87602 ], [ -4.23237, 55.87558 ], [ -4.23211, 55.87586 ], [ -4.23217, 55.87616 ], [ -4.23191, 55.87675 ], [ -4.23217, 55.8775 ], [ -4.23097, 55.87732 ], [ -4.22918, 55.87724 ], [ -4.2292, 55.87679 ], [ -4.22787, 55.87711 ], [ -4.22611, 55.8773 ], [ -4.22623, 55.87782 ], [ -4.22456, 55.87797 ], [ -4.22456, 55.87811 ], [ -4.22325, 55.87802 ], [ -4.22257, 55.87729 ], [ -4.22177, 55.8773 ], [ -4.22193, 55.87819 ], [ -4.2207, 55.87833 ], [ -4.22015, 55.87856 ], [ -4.22009, 55.87742 ], [ -4.2192, 55.8775 ], [ -4.21761, 55.87783 ], [ -4.2164, 55.87816 ], [ -4.21489, 55.87864 ], [ -4.21289, 55.87888 ], [ -4.2123, 55.87896 ], [ -4.21058, 55.87918 ], [ -4.20932, 55.87909 ] ] ] ] } },
{ "type": "Feature", "properties": { "LSOA11_CD": "S01010226", "Neighborhood_Name": "Sighthill - 02", "uk_imd2019_LSOA": "S01010226", "uk_imd2019_Rank": "6058", "uk_imd2019_SOA_pct": "87", "uk_imd2019_SOA_decile": "9" }, "geometry": { "type": "MultiPolygon", "coordinates": [ [ [ [ -4.2331, 55.87312 ], [ -4.23368, 55.87084 ], [ -4.23536, 55.87047 ], [ -4.23494, 55.8721 ], [ -4.23495, 55.87255 ], [ -4.23627, 55.87273 ], [ -4.23625, 55.87344 ], [ -4.2331, 55.87312 ] ] ] ] } },
{ "type": "Feature", "properties": { "LSOA11_CD": "S01010227", "Neighborhood_Name": "Sighthill - 03", "uk_imd2019_LSOA": "S01010227", "uk_imd2019_Rank": "5090", "uk_imd2019_SOA_pct": "73", "uk_imd2019_SOA_decile": "8" }, "geometry": { "type": "MultiPolygon", "coordinates": [ [ [ [ -4.23536, 55.87047 ], [ -4.23638, 55.87025 ], [ -4.23625, 55.87007 ], [ -4.23741, 55.8699 ], [ -4.23751, 55.86921 ], [ -4.23812, 55.86903 ], [ -4.23914, 55.86933 ], [ -4.23948, 55.8696 ], [ -4.24027, 55.87112 ], [ -4.2385, 55.87144 ], [ -4.23824, 55.87259 ], [ -4.23627, 55.87273 ], [ -4.23495, 55.87255 ], [ -4.23494, 55.8721 ], [ -4.23536, 55.87047 ] ] ] ] } },
{ "type": "Feature", "properties": { "LSOA11_CD": "S01010228", "Neighborhood_Name": "Roystonhill, Blochairn, and Provanmill - 01", "uk_imd2019_LSOA": "S01010228", "uk_imd2019_Rank": "162", "uk_imd2019_SOA_pct": "2", "uk_imd2019_SOA_decile": "1" }, "geometry": { "type": "MultiPolygon", "coordinates": [ [ [ [ -4.20092, 55.87987 ], [ -4.19944, 55.87945 ], [ -4.19857, 55.87884 ], [ -4.19821, 55.87831 ], [ -4.19802, 55.8776 ], [ -4.19834, 55.8749 ], [ -4.19912, 55.87207 ], [ -4.19922, 55.87146 ], [ -4.19902, 55.87085 ], [ -4.20057, 55.87032 ], [ -4.20685, 55.86843 ], [ -4.20773, 55.86959 ], [ -4.21001, 55.87359 ], [ -4.2102, 55.87407 ], [ -4.21181, 55.87371 ], [ -4.21244, 55.87371 ], [ -4.21255, 55.87395 ], [ -4.21021, 55.87448 ], [ -4.21052, 55.87513 ], [ -4.20926, 55.87548 ], [ -4.20879, 55.87576 ], [ -4.20882, 55.87619 ], [ -4.2078, 55.87614 ], [ -4.20777, 55.87584 ], [ -4.20664, 55.87587 ], [ -4.20704, 55.87629 ], [ -4.2071, 55.87732 ], [ -4.20515, 55.87779 ], [ -4.20526, 55.87815 ], [ -4.20518, 55.87923 ], [ -4.20542, 55.88057 ], [ -4.20431, 55.88052 ], [ -4.20297, 55.8803 ], [ -4.20092, 55.87987 ] ] ] ] } },
{ "type": "Feature", "properties": { "LSOA11_CD": "S01010244", "Neighborhood_Name": "Carntyne West and Haghill - 03", "uk_imd2019_LSOA": "S01010244", "uk_imd2019_Rank": "915", "uk_imd2019_SOA_pct": "13", "uk_imd2019_SOA_decile": "2" }, "geometry": { "type": "MultiPolygon", "coordinates": [ [ [ [ -4.20656, 55.85987 ], [ -4.20656, 55.85874 ], [ -4.2072, 55.85876 ], [ -4.20713, 55.85798 ], [ -4.20822, 55.85804 ], [ -4.20826, 55.85733 ], [ -4.20786, 55.85717 ], [ -4.20787, 55.85679 ], [ -4.21216, 55.8567 ], [ -4.2148, 55.85661 ], [ -4.21474, 55.85597 ], [ -4.21406, 55.85601 ], [ -4.21439, 55.85541 ], [ -4.21526, 55.85553 ], [ -4.21539, 55.85591 ], [ -4.21661, 55.8559 ], [ -4.21648, 55.85657 ], [ -4.21749, 55.85652 ], [ -4.21753, 55.85693 ], [ -4.21744, 55.8584 ], [ -4.21642, 55.85842 ], [ -4.21365, 55.8583 ], [ -4.21329, 55.85841 ], [ -4.21238, 55.85909 ], [ -4.2118, 55.85971 ], [ -4.21116, 55.86094 ], [ -4.21101, 55.86163 ], [ -4.21046, 55.86184 ], [ -4.21031, 55.86149 ], [ -4.20976, 55.86091 ], [ -4.20903, 55.86043 ], [ -4.20782, 55.86005 ], [ -4.20656, 55.85987 ] ] ] ] } },
{ "type": "Feature", "properties": { "LSOA11_CD": "S01010254", "Neighborhood_Name": "Gallowgate North and Bellgrove - 01", "uk_imd2019_LSOA": "S01010254", "uk_imd2019_Rank": "1503", "uk_imd2019_SOA_pct": "22", "uk_imd2019_SOA_decile": "3" }, "geometry": { "type": "MultiPolygon", "coordinates": [ [ [ [ -4.22448, 55.85913 ], [ -4.22457, 55.85858 ], [ -4.22403, 55.8582 ], [ -4.22183, 55.85827 ], [ -4.22076, 55.8583 ], [ -4.22111, 55.85811 ], [ -4.22177, 55.85821 ], [ -4.22196, 55.85763 ], [ -4.22259, 55.8565 ], [ -4.2233, 55.85508 ], [ -4.22375, 55.85521 ], [ -4.22397, 55.85549 ], [ -4.22488, 55.85561 ], [ -4.2257, 55.85555 ], [ -4.22631, 55.85533 ], [ -4.22818, 55.85559 ], [ -4.22798, 55.85603 ], [ -4.22842, 55.85609 ], [ -4.22824, 55.85647 ], [ -4.2288, 55.85654 ], [ -4.22896, 55.85594 ], [ -4.23053, 55.85597 ], [ -4.23278, 55.85588 ], [ -4.23237, 55.85628 ], [ -4.23221, 55.85682 ], [ -4.23245, 55.85713 ], [ -4.23165, 55.85712 ], [ -4.23157, 55.85764 ], [ -4.23218, 55.8577 ], [ -4.23142, 55.85842 ], [ -4.23108, 55.85839 ], [ -4.23083, 55.85905 ], [ -4.22928, 55.85884 ], [ -4.22947, 55.85835 ], [ -4.22915, 55.85829 ], [ -4.2289, 55.85879 ], [ -4.22753, 55.85857 ], [ -4.22642, 55.8584 ], [ -4.22608, 55.85942 ], [ -4.22448, 55.85913 ] ] ] ] } },
{ "type": "Feature", "properties": { "LSOA11_CD": "S01010229", "Neighborhood_Name": "Roystonhill, Blochairn, and Provanmill - 02", "uk_imd2019_LSOA": "S01010229", "uk_imd2019_Rank": "990", "uk_imd2019_SOA_pct": "14", "uk_imd2019_SOA_decile": "2" }, "geometry": { "type": "MultiPolygon", "coordinates": [ [ [ [ -4.20926, 55.87548 ], [ -4.21052, 55.87513 ], [ -4.21021, 55.87448 ], [ -4.21255, 55.87395 ], [ -4.21244, 55.87371 ], [ -4.21181, 55.87371 ], [ -4.2102, 55.87407 ], [ -4.21001, 55.87359 ], [ -4.20773, 55.86959 ], [ -4.20685, 55.86843 ], [ -4.21081, 55.86751 ], [ -4.21262, 55.86714 ], [ -4.21495, 55.86691 ], [ -4.21568, 55.86687 ], [ -4.21921, 55.86658 ], [ -4.21903, 55.86681 ], [ -4.21846, 55.86738 ], [ -4.21661, 55.86804 ], [ -4.21721, 55.86889 ], [ -4.21833, 55.86886 ], [ -4.2189, 55.86858 ], [ -4.21981, 55.86867 ], [ -4.21933, 55.86894 ], [ -4.21913, 55.86946 ], [ -4.2196, 55.86955 ], [ -4.22057, 55.86955 ], [ -4.22105, 55.86995 ], [ -4.2207, 55.87025 ], [ -4.22123, 55.87043 ], [ -4.22272, 55.87006 ], [ -4.22296, 55.87065 ], [ -4.2215, 55.87085 ], [ -4.21993, 55.87129 ], [ -4.21753, 55.87203 ], [ -4.21798, 55.87323 ], [ -4.21869, 55.87429 ], [ -4.21579, 55.87459 ], [ -4.21481, 55.87502 ], [ -4.21327, 55.87545 ], [ -4.21369, 55.87569 ], [ -4.21163, 55.8762 ], [ -4.21097, 55.87644 ], [ -4.21033, 55.87578 ], [ -4.2093, 55.87607 ], [ -4.20926, 55.87548 ] ] ] ] } },
{ "type": "Feature", "properties": { "LSOA11_CD": "S01010230", "Neighborhood_Name": "Roystonhill, Blochairn, and Provanmill - 03", "uk_imd2019_LSOA": "S01010230", "uk_imd2019_Rank": "84", "uk_imd2019_SOA_pct": "1", "uk_imd2019_SOA_decile": "1" }, "geometry": { "type": "MultiPolygon", "coordinates": [ [ [ [ -4.22446, 55.87047 ], [ -4.2263, 55.87021 ], [ -4.22984, 55.8695 ], [ -4.23093, 55.86943 ], [ -4.2313, 55.87005 ], [ -4.23156, 55.8706 ], [ -4.22893, 55.87123 ], [ -4.22877, 55.87098 ], [ -4.22643, 55.87144 ], [ -4.22596, 55.87077 ], [ -4.22507, 55.87093 ], [ -4.22448, 55.87088 ], [ -4.22446, 55.87047 ] ] ] ] } },
{ "type": "Feature", "properties": { "LSOA11_CD": "S01010231", "Neighborhood_Name": "Roystonhill, Blochairn, and Provanmill - 04", "uk_imd2019_LSOA": "S01010231", "uk_imd2019_Rank": "307", "uk_imd2019_SOA_pct": "4", "uk_imd2019_SOA_decile": "1" }, "geometry": { "type": "MultiPolygon", "coordinates": [ [ [ [ -4.22984, 55.8695 ], [ -4.23025, 55.86921 ], [ -4.22977, 55.86848 ], [ -4.22878, 55.86863 ], [ -4.22868, 55.8682 ], [ -4.22686, 55.86851 ], [ -4.22622, 55.86836 ], [ -4.22722, 55.86807 ], [ -4.22693, 55.8676 ], [ -4.2273, 55.86748 ], [ -4.22731, 55.86693 ], [ -4.22764, 55.86601 ], [ -4.23024, 55.86622 ], [ -4.23238, 55.86644 ], [ -4.23324, 55.86667 ], [ -4.23515, 55.86742 ], [ -4.23465, 55.86767 ], [ -4.2344, 55.86873 ], [ -4.23352, 55.86885 ], [ -4.23373, 55.86962 ], [ -4.2313, 55.87005 ], [ -4.23093, 55.86943 ], [ -4.22984, 55.8695 ] ] ] ] } },
{ "type": "Feature", "properties": { "LSOA11_CD": "S01010232", "Neighborhood_Name": "Roystonhill, Blochairn, and Provanmill - 05", "uk_imd2019_LSOA": "S01010232", "uk_imd2019_Rank": "1341", "uk_imd2019_SOA_pct": "19", "uk_imd2019_SOA_decile": "2" }, "geometry": { "type": "MultiPolygon", "coordinates": [ [ [ [ -4.22272, 55.87006 ], [ -4.22255, 55.86988 ], [ -4.22409, 55.86943 ], [ -4.22493, 55.86929 ], [ -4.2257, 55.86884 ], [ -4.22553, 55.86856 ], [ -4.22497, 55.86873 ], [ -4.22451, 55.86808 ], [ -4.22444, 55.86771 ], [ -4.22314, 55.86771 ], [ -4.2233, 55.86699 ], [ -4.22233, 55.86689 ], [ -4.22233, 55.86651 ], [ -4.22276, 55.86657 ], [ -4.22424, 55.86653 ], [ -4.22455, 55.86599 ], [ -4.22764, 55.86601 ], [ -4.22731, 55.86693 ], [ -4.2273, 55.86748 ], [ -4.22693, 55.8676 ], [ -4.22722, 55.86807 ], [ -4.22622, 55.86836 ], [ -4.22686, 55.86851 ], [ -4.22868, 55.8682 ], [ -4.22878, 55.86863 ], [ -4.22977, 55.86848 ], [ -4.23025, 55.86921 ], [ -4.22984, 55.8695 ], [ -4.2263, 55.87021 ], [ -4.22446, 55.87047 ], [ -4.22296, 55.87065 ], [ -4.22272, 55.87006 ] ] ] ] } },
{ "type": "Feature", "properties": { "LSOA11_CD": "S01010233", "Neighborhood_Name": "Roystonhill, Blochairn, and Provanmill - 06", "uk_imd2019_LSOA": "S01010233", "uk_imd2019_Rank": "339", "uk_imd2019_SOA_pct": "5", "uk_imd2019_SOA_decile": "1" }, "geometry": { "type": "MultiPolygon", "coordinates": [ [ [ [ -4.21903, 55.86681 ], [ -4.22233, 55.86651 ], [ -4.22233, 55.86689 ], [ -4.2233, 55.86699 ], [ -4.22314, 55.86771 ], [ -4.22444, 55.86771 ], [ -4.22451, 55.86808 ], [ -4.22497, 55.86873 ], [ -4.22553, 55.86856 ], [ -4.2257, 55.86884 ], [ -4.22493, 55.86929 ], [ -4.22409, 55.86943 ], [ -4.22255, 55.86988 ], [ -4.22272, 55.87006 ], [ -4.22123, 55.87043 ], [ -4.2207, 55.87025 ], [ -4.22105, 55.86995 ], [ -4.22057, 55.86955 ], [ -4.2196, 55.86955 ], [ -4.21913, 55.86946 ], [ -4.21933, 55.86894 ], [ -4.21981, 55.86867 ], [ -4.2189, 55.86858 ], [ -4.21833, 55.86886 ], [ -4.21721, 55.86889 ], [ -4.21661, 55.86804 ], [ -4.21846, 55.86738 ], [ -4.21903, 55.86681 ] ] ] ] } },
{ "type": "Feature", "properties": { "LSOA11_CD": "S01010234", "Neighborhood_Name": "Dennistoun North - 01", "uk_imd2019_LSOA": "S01010234", "uk_imd2019_Rank": "3665", "uk_imd2019_SOA_pct": "53", "uk_imd2019_SOA_decile": "6" }, "geometry": { "type": "MultiPolygon", "coordinates": [ [ [ [ -4.21622, 55.86383 ], [ -4.21627, 55.86368 ], [ -4.21428, 55.86353 ], [ -4.21434, 55.86328 ], [ -4.21517, 55.86335 ], [ -4.21634, 55.86347 ], [ -4.21664, 55.86328 ], [ -4.21644, 55.86274 ], [ -4.21667, 55.8626 ], [ -4.2186, 55.86261 ], [ -4.21898, 55.86275 ], [ -4.21898, 55.86293 ], [ -4.22051, 55.86295 ], [ -4.22009, 55.86316 ], [ -4.2201, 55.86352 ], [ -4.22099, 55.86355 ], [ -4.22101, 55.8638 ], [ -4.22179, 55.8638 ], [ -4.22181, 55.86424 ], [ -4.22668, 55.86512 ], [ -4.22869, 55.86576 ], [ -4.22949, 55.86543 ], [ -4.2306, 55.86493 ], [ -4.23068, 55.8658 ], [ -4.23037, 55.86579 ], [ -4.23024, 55.86622 ], [ -4.22764, 55.86601 ], [ -4.22455, 55.86599 ], [ -4.22424, 55.86653 ], [ -4.22276, 55.86657 ], [ -4.22233, 55.86651 ], [ -4.21903, 55.86681 ], [ -4.21921, 55.86658 ], [ -4.21568, 55.86687 ], [ -4.21628, 55.86555 ], [ -4.21712, 55.86568 ], [ -4.21726, 55.8653 ], [ -4.21713, 55.86477 ], [ -4.21652, 55.86471 ], [ -4.21666, 55.86431 ], [ -4.21609, 55.86418 ], [ -4.21622, 55.86383 ] ] ] ] } },
{ "type": "Feature", "properties": { "LSOA11_CD": "S01010238", "Neighborhood_Name": "Dennistoun North - 05", "uk_imd2019_LSOA": "S01010238", "uk_imd2019_Rank": "3059", "uk_imd2019_SOA_pct": "44", "uk_imd2019_SOA_decile": "5" }, "geometry": { "type": "MultiPolygon", "coordinates": [ [ [ [ -4.21087, 55.86301 ], [ -4.21101, 55.86163 ], [ -4.21116, 55.86094 ], [ -4.2118, 55.85971 ], [ -4.2145, 55.85972 ], [ -4.21483, 55.86004 ], [ -4.21418, 55.86034 ], [ -4.21417, 55.861 ], [ -4.21565, 55.86102 ], [ -4.21564, 55.86144 ], [ -4.21636, 55.86162 ], [ -4.21414, 55.86162 ], [ -4.21458, 55.86195 ], [ -4.21583, 55.86196 ], [ -4.21585, 55.86276 ], [ -4.21521, 55.86273 ], [ -4.21517, 55.86335 ], [ -4.21434, 55.86328 ], [ -4.21428, 55.86353 ], [ -4.21627, 55.86368 ], [ -4.21622, 55.86383 ], [ -4.21397, 55.86363 ], [ -4.21387, 55.86399 ], [ -4.21347, 55.86396 ], [ -4.21371, 55.86301 ], [ -4.21251, 55.86295 ], [ -4.21251, 55.8628 ], [ -4.21145, 55.86271 ], [ -4.21087, 55.86301 ] ] ] ] } },
{ "type": "Feature", "properties": { "LSOA11_CD": "S01010239", "Neighborhood_Name": "Alexandra Parade - 01", "uk_imd2019_LSOA": "S01010239", "uk_imd2019_Rank": "1251", "uk_imd2019_SOA_pct": "18", "uk_imd2019_SOA_decile": "2" }, "geometry": { "type": "MultiPolygon", "coordinates": [ [ [ [ -4.21208, 55.86479 ], [ -4.21291, 55.86485 ], [ -4.21319, 55.86464 ], [ -4.21328, 55.86422 ], [ -4.21384, 55.86427 ], [ -4.21387, 55.86399 ], [ -4.21397, 55.86363 ], [ -4.21622, 55.86383 ], [ -4.21609, 55.86418 ], [ -4.21666, 55.86431 ], [ -4.21652, 55.86471 ], [ -4.21713, 55.86477 ], [ -4.21726, 55.8653 ], [ -4.21712, 55.86568 ], [ -4.21628, 55.86555 ], [ -4.21568, 55.86687 ], [ -4.21495, 55.86691 ], [ -4.2125, 55.86588 ], [ -4.21179, 55.86534 ], [ -4.21247, 55.86513 ], [ -4.21208, 55.86479 ] ] ] ] } },
{ "type": "Feature", "properties": { "LSOA11_CD": "S01010240", "Neighborhood_Name": "Alexandra Parade - 02", "uk_imd2019_LSOA": "S01010240", "uk_imd2019_Rank": "2860", "uk_imd2019_SOA_pct": "41", "uk_imd2019_SOA_decile": "5" }, "geometry": { "type": "MultiPolygon", "coordinates": [ [ [ [ -4.21208, 55.86479 ], [ -4.21183, 55.86454 ], [ -4.21004, 55.86441 ], [ -4.21028, 55.86295 ], [ -4.21087, 55.86301 ], [ -4.21145, 55.86271 ], [ -4.21251, 55.8628 ], [ -4.21251, 55.86295 ], [ -4.21371, 55.86301 ], [ -4.21347, 55.86396 ], [ -4.21387, 55.86399 ], [ -4.21384, 55.86427 ], [ -4.21328, 55.86422 ], [ -4.21319, 55.86464 ], [ -4.21291, 55.86485 ], [ -4.21208, 55.86479 ] ] ] ] } },
{ "type": "Feature", "properties": { "LSOA11_CD": "S01010241", "Neighborhood_Name": "Alexandra Parade - 03", "uk_imd2019_LSOA": "S01010241", "uk_imd2019_Rank": "2023", "uk_imd2019_SOA_pct": "29", "uk_imd2019_SOA_decile": "3" }, "geometry": { "type": "MultiPolygon", "coordinates": [ [ [ [ -4.20031, 55.86923 ], [ -4.20042, 55.86876 ], [ -4.20011, 55.86815 ], [ -4.19904, 55.86813 ], [ -4.19855, 55.86745 ], [ -4.19783, 55.86622 ], [ -4.19771, 55.86588 ], [ -4.19713, 55.86496 ], [ -4.1968, 55.8648 ], [ -4.19634, 55.86461 ], [ -4.19907, 55.86276 ], [ -4.20021, 55.86233 ], [ -4.20031, 55.86218 ], [ -4.20243, 55.86234 ], [ -4.20473, 55.86252 ], [ -4.20472, 55.8624 ], [ -4.20627, 55.86236 ], [ -4.20685, 55.86241 ], [ -4.20683, 55.86212 ], [ -4.20522, 55.86196 ], [ -4.2052, 55.86162 ], [ -4.20567, 55.86145 ], [ -4.20779, 55.8616 ], [ -4.20831, 55.8617 ], [ -4.20836, 55.86216 ], [ -4.20786, 55.86234 ], [ -4.20827, 55.86258 ], [ -4.20924, 55.86264 ], [ -4.20959, 55.86254 ], [ -4.21028, 55.86295 ], [ -4.21004, 55.86441 ], [ -4.21183, 55.86454 ], [ -4.21208, 55.86479 ], [ -4.21247, 55.86513 ], [ -4.21179, 55.86534 ], [ -4.2125, 55.86588 ], [ -4.21495, 55.86691 ], [ -4.21262, 55.86714 ], [ -4.21081, 55.86751 ], [ -4.20685, 55.86843 ], [ -4.20057, 55.87032 ], [ -4.20068, 55.8701 ], [ -4.20031, 55.86923 ] ] ] ] } },
{ "type": "Feature", "properties": { "LSOA11_CD": "S01010299", "Neighborhood_Name": "Woodside - 03", "uk_imd2019_LSOA": "S01010299", "uk_imd2019_Rank": "1014", "uk_imd2019_SOA_pct": "15", "uk_imd2019_SOA_decile": "2" }, "geometry": { "type": "MultiPolygon", "coordinates": [ [ [ [ -4.26667, 55.87365 ], [ -4.26639, 55.87355 ], [ -4.26667, 55.87321 ], [ -4.26736, 55.87339 ], [ -4.26797, 55.87282 ], [ -4.26909, 55.87251 ], [ -4.2699, 55.87348 ], [ -4.27034, 55.87401 ], [ -4.27062, 55.87454 ], [ -4.27136, 55.87473 ], [ -4.27078, 55.87513 ], [ -4.27033, 55.87488 ], [ -4.26864, 55.87423 ], [ -4.26667, 55.87365 ] ] ] ] } },
{ "type": "Feature", "properties": { "LSOA11_CD": "S01010245", "Neighborhood_Name": "Carntyne West and Haghill - 04", "uk_imd2019_LSOA": "S01010245", "uk_imd2019_Rank": "2", "uk_imd2019_SOA_pct": "0", "uk_imd2019_SOA_decile": "1" }, "geometry": { "type": "MultiPolygon", "coordinates": [ [ [ [ -4.20585, 55.86001 ], [ -4.20311, 55.85953 ], [ -4.20189, 55.85946 ], [ -4.19985, 55.85959 ], [ -4.19963, 55.85826 ], [ -4.19977, 55.85749 ], [ -4.203, 55.85779 ], [ -4.20259, 55.85744 ], [ -4.20261, 55.85654 ], [ -4.20172, 55.85631 ], [ -4.20461, 55.85533 ], [ -4.20523, 55.85552 ], [ -4.20749, 55.85566 ], [ -4.20902, 55.85533 ], [ -4.21096, 55.85506 ], [ -4.21092, 55.85438 ], [ -4.20974, 55.85365 ], [ -4.20914, 55.85344 ], [ -4.20946, 55.85296 ], [ -4.20953, 55.85252 ], [ -4.20985, 55.85206 ], [ -4.21032, 55.85216 ], [ -4.21145, 55.85127 ], [ -4.21094, 55.8511 ], [ -4.21122, 55.85081 ], [ -4.21261, 55.85108 ], [ -4.21313, 55.85128 ], [ -4.21373, 55.85132 ], [ -4.21401, 55.85114 ], [ -4.21482, 55.8512 ], [ -4.21546, 55.85137 ], [ -4.21527, 55.85253 ], [ -4.21524, 55.85267 ], [ -4.21379, 55.85289 ], [ -4.21374, 55.85352 ], [ -4.21519, 55.85366 ], [ -4.21503, 55.8543 ], [ -4.21598, 55.85439 ], [ -4.21573, 55.85504 ], [ -4.21542, 55.85502 ], [ -4.21526, 55.85553 ], [ -4.21439, 55.85541 ], [ -4.21406, 55.85601 ], [ -4.21474, 55.85597 ], [ -4.2148, 55.85661 ], [ -4.21216, 55.8567 ], [ -4.20787, 55.85679 ], [ -4.20786, 55.85717 ], [ -4.20826, 55.85733 ], [ -4.20822, 55.85804 ], [ -4.20713, 55.85798 ], [ -4.2072, 55.85876 ], [ -4.20656, 55.85874 ], [ -4.20656, 55.85987 ], [ -4.20652, 55.86013 ], [ -4.20585, 55.86001 ] ] ] ] } },
{ "type": "Feature", "properties": { "LSOA11_CD": "S01010246", "Neighborhood_Name": "Carntyne West and Haghill - 05", "uk_imd2019_LSOA": "S01010246", "uk_imd2019_Rank": "395", "uk_imd2019_SOA_pct": "6", "uk_imd2019_SOA_decile": "1" }, "geometry": { "type": "MultiPolygon", "coordinates": [ [ [ [ -4.20031, 55.86218 ], [ -4.19984, 55.86196 ], [ -4.19878, 55.86203 ], [ -4.19861, 55.86183 ], [ -4.19745, 55.86186 ], [ -4.1975, 55.86222 ], [ -4.19668, 55.86225 ], [ -4.19708, 55.86028 ], [ -4.19806, 55.85847 ], [ -4.19892, 55.85765 ], [ -4.19977, 55.85749 ], [ -4.19963, 55.85826 ], [ -4.19985, 55.85959 ], [ -4.20189, 55.85946 ], [ -4.20311, 55.85953 ], [ -4.20585, 55.86001 ], [ -4.20541, 55.86053 ], [ -4.20568, 55.8608 ], [ -4.20261, 55.86058 ], [ -4.20259, 55.86122 ], [ -4.20226, 55.8612 ], [ -4.20243, 55.86234 ], [ -4.20031, 55.86218 ] ] ] ] } },
{ "type": "Feature", "properties": { "LSOA11_CD": "S01010257", "Neighborhood_Name": "Gallowgate North and Bellgrove - 04", "uk_imd2019_LSOA": "S01010257", "uk_imd2019_Rank": "2267", "uk_imd2019_SOA_pct": "32", "uk_imd2019_SOA_decile": "4" }, "geometry": { "type": "MultiPolygon", "coordinates": [ [ [ [ -4.23083, 55.85905 ], [ -4.23108, 55.85839 ], [ -4.23142, 55.85842 ], [ -4.23218, 55.8577 ], [ -4.23241, 55.85733 ], [ -4.23406, 55.85731 ], [ -4.23436, 55.85669 ], [ -4.23516, 55.8568 ], [ -4.23696, 55.85691 ], [ -4.23684, 55.85722 ], [ -4.23799, 55.85681 ], [ -4.23814, 55.8565 ], [ -4.23634, 55.85633 ], [ -4.23675, 55.85556 ], [ -4.23747, 55.85532 ], [ -4.23829, 55.85535 ], [ -4.23815, 55.85554 ], [ -4.23924, 55.85574 ], [ -4.23883, 55.85648 ], [ -4.23933, 55.85674 ], [ -4.23926, 55.85688 ], [ -4.24024, 55.8571 ], [ -4.23931, 55.85817 ], [ -4.23965, 55.85871 ], [ -4.24126, 55.85895 ], [ -4.24135, 55.85902 ], [ -4.24293, 55.8592 ], [ -4.24169, 55.8602 ], [ -4.24145, 55.86049 ], [ -4.23779, 55.86003 ], [ -4.23752, 55.86062 ], [ -4.2366, 55.86065 ], [ -4.236, 55.86041 ], [ -4.23596, 55.86019 ], [ -4.23678, 55.86016 ], [ -4.23685, 55.8599 ], [ -4.2338, 55.85949 ], [ -4.23385, 55.86042 ], [ -4.234, 55.86115 ], [ -4.23353, 55.86115 ], [ -4.23289, 55.86084 ], [ -4.23231, 55.86075 ], [ -4.23189, 55.85965 ], [ -4.23076, 55.85917 ], [ -4.23083, 55.85905 ] ] ] ] } },
{ "type": "Feature", "properties": { "LSOA11_CD": "S01010258", "Neighborhood_Name": "Gallowgate North and Bellgrove - 05", "uk_imd2019_LSOA": "S01010258", "uk_imd2019_Rank": "6150", "uk_imd2019_SOA_pct": "88", "uk_imd2019_SOA_decile": "9" }, "geometry": { "type": "MultiPolygon", "coordinates": [ [ [ [ -4.23933, 55.85674 ], [ -4.23963, 55.85668 ], [ -4.24061, 55.8569 ], [ -4.24257, 55.85747 ], [ -4.243, 55.85674 ], [ -4.24343, 55.85683 ], [ -4.24247, 55.85776 ], [ -4.24135, 55.85902 ], [ -4.24126, 55.85895 ], [ -4.23965, 55.85871 ], [ -4.23931, 55.85817 ], [ -4.24024, 55.8571 ], [ -4.23926, 55.85688 ], [ -4.23933, 55.85674 ] ] ] ] } },
{ "type": "Feature", "properties": { "LSOA11_CD": "S01010298", "Neighborhood_Name": "Woodside - 02", "uk_imd2019_LSOA": "S01010298", "uk_imd2019_Rank": "1322", "uk_imd2019_SOA_pct": "19", "uk_imd2019_SOA_decile": "2" }, "geometry": { "type": "MultiPolygon", "coordinates": [ [ [ [ -4.27078, 55.87513 ], [ -4.27136, 55.87473 ], [ -4.27062, 55.87454 ], [ -4.27034, 55.87401 ], [ -4.2699, 55.87348 ], [ -4.27024, 55.8734 ], [ -4.27109, 55.87363 ], [ -4.27119, 55.87323 ], [ -4.27216, 55.87226 ], [ -4.27364, 55.87272 ], [ -4.2747, 55.87311 ], [ -4.27464, 55.87353 ], [ -4.27507, 55.87366 ], [ -4.27463, 55.87424 ], [ -4.27365, 55.87405 ], [ -4.27234, 55.87536 ], [ -4.27118, 55.87516 ], [ -4.27137, 55.87595 ], [ -4.27108, 55.87623 ], [ -4.27078, 55.87513 ] ] ] ] } },
{ "type": "Feature", "properties": { "LSOA11_CD": "S01010259", "Neighborhood_Name": "City Centre East - 01", "uk_imd2019_LSOA": "S01010259", "uk_imd2019_Rank": "1740", "uk_imd2019_SOA_pct": "25", "uk_imd2019_SOA_decile": "3" }, "geometry": { "type": "MultiPolygon", "coordinates": [ [ [ [ -4.2415, 55.86492 ], [ -4.24021, 55.86492 ], [ -4.24013, 55.86418 ], [ -4.23882, 55.86418 ], [ -4.23856, 55.86385 ], [ -4.23768, 55.8642 ], [ -4.2372, 55.86357 ], [ -4.23733, 55.86315 ], [ -4.23713, 55.86286 ], [ -4.23797, 55.86288 ], [ -4.2385, 55.86295 ], [ -4.23871, 55.86202 ], [ -4.23902, 55.86187 ], [ -4.23963, 55.86209 ], [ -4.24023, 55.86179 ], [ -4.2414, 55.86194 ], [ -4.24193, 55.863 ], [ -4.24295, 55.86299 ], [ -4.24306, 55.86267 ], [ -4.24276, 55.86247 ], [ -4.24287, 55.86217 ], [ -4.24484, 55.86243 ], [ -4.24494, 55.86293 ], [ -4.24548, 55.86439 ], [ -4.24741, 55.86436 ], [ -4.2476, 55.86463 ], [ -4.24833, 55.86486 ], [ -4.24826, 55.86506 ], [ -4.24724, 55.86509 ], [ -4.24737, 55.86587 ], [ -4.24565, 55.86589 ], [ -4.24566, 55.86615 ], [ -4.24399, 55.86608 ], [ -4.24401, 55.86552 ], [ -4.24471, 55.86552 ], [ -4.24467, 55.86512 ], [ -4.24385, 55.86487 ], [ -4.24379, 55.86467 ], [ -4.24304, 55.86427 ], [ -4.24191, 55.86408 ], [ -4.24202, 55.86483 ], [ -4.2415, 55.86492 ] ] ] ] } },
{ "type": "Feature", "properties": { "LSOA11_CD": "S01010260", "Neighborhood_Name": "City Centre East - 02", "uk_imd2019_LSOA": "S01010260", "uk_imd2019_Rank": "3550", "uk_imd2019_SOA_pct": "51", "uk_imd2019_SOA_decile": "6" }, "geometry": { "type": "MultiPolygon", "coordinates": [ [ [ [ -4.23797, 55.86288 ], [ -4.23797, 55.8625 ], [ -4.23818, 55.86148 ], [ -4.2368, 55.86134 ], [ -4.23741, 55.86094 ], [ -4.23752, 55.86062 ], [ -4.23779, 55.86003 ], [ -4.24145, 55.86049 ], [ -4.24169, 55.8602 ], [ -4.24293, 55.8592 ], [ -4.24534, 55.85947 ], [ -4.24596, 55.85955 ], [ -4.24645, 55.85991 ], [ -4.24725, 55.86 ], [ -4.24766, 55.85992 ], [ -4.24857, 55.86 ], [ -4.24851, 55.86022 ], [ -4.24914, 55.86037 ], [ -4.25036, 55.86052 ], [ -4.25079, 55.86044 ], [ -4.25149, 55.86085 ], [ -4.25181, 55.86119 ], [ -4.25164, 55.86151 ], [ -4.25117, 55.86166 ], [ -4.25352, 55.86194 ], [ -4.25337, 55.86236 ], [ -4.25423, 55.86251 ], [ -4.25481, 55.86229 ], [ -4.25451, 55.86314 ], [ -4.25376, 55.86306 ], [ -4.2536, 55.86347 ], [ -4.25301, 55.8634 ], [ -4.25312, 55.86306 ], [ -4.25195, 55.86293 ], [ -4.25182, 55.86331 ], [ -4.24934, 55.86312 ], [ -4.24873, 55.86477 ], [ -4.24833, 55.86486 ], [ -4.2476, 55.86463 ], [ -4.24741, 55.86436 ], [ -4.24548, 55.86439 ], [ -4.24494, 55.86293 ], [ -4.24484, 55.86243 ], [ -4.24287, 55.86217 ], [ -4.24276, 55.86247 ], [ -4.24306, 55.86267 ], [ -4.24295, 55.86299 ], [ -4.24193, 55.863 ], [ -4.2414, 55.86194 ], [ -4.24023, 55.86179 ], [ -4.23963, 55.86209 ], [ -4.23902, 55.86187 ], [ -4.23871, 55.86202 ], [ -4.2385, 55.86295 ], [ -4.23797, 55.86288 ] ] ] ] } },
{ "type": "Feature", "properties": { "LSOA11_CD": "S01010261", "Neighborhood_Name": "City Centre East - 03", "uk_imd2019_LSOA": "S01010261", "uk_imd2019_Rank": "3373", "uk_imd2019_SOA_pct": "48", "uk_imd2019_SOA_decile": "5" }, "geometry": { "type": "MultiPolygon", "coordinates": [ [ [ [ -4.25031, 55.87027 ], [ -4.24693, 55.86988 ], [ -4.24429, 55.86961 ], [ -4.24421, 55.8698 ], [ -4.24087, 55.86939 ], [ -4.23948, 55.8696 ], [ -4.23914, 55.86933 ], [ -4.23812, 55.86903 ], [ -4.23751, 55.86921 ], [ -4.23741, 55.8699 ], [ -4.23625, 55.87007 ], [ -4.23638, 55.87025 ], [ -4.23536, 55.87047 ], [ -4.23368, 55.87084 ], [ -4.23402, 55.87015 ], [ -4.23373, 55.86962 ], [ -4.23352, 55.86885 ], [ -4.2344, 55.86873 ], [ -4.23691, 55.86885 ], [ -4.23795, 55.86875 ], [ -4.23956, 55.86835 ], [ -4.23914, 55.86708 ], [ -4.24059, 55.86691 ], [ -4.24035, 55.86617 ], [ -4.24031, 55.86548 ], [ -4.24153, 55.86546 ], [ -4.2415, 55.86492 ], [ -4.24202, 55.86483 ], [ -4.24191, 55.86408 ], [ -4.24304, 55.86427 ], [ -4.24379, 55.86467 ], [ -4.24385, 55.86487 ], [ -4.24467, 55.86512 ], [ -4.24471, 55.86552 ], [ -4.24401, 55.86552 ], [ -4.24399, 55.86608 ], [ -4.24566, 55.86615 ], [ -4.24565, 55.86589 ], [ -4.24737, 55.86587 ], [ -4.24724, 55.86509 ], [ -4.24826, 55.86506 ], [ -4.24795, 55.86599 ], [ -4.24737, 55.86628 ], [ -4.24649, 55.86626 ], [ -4.24774, 55.86707 ], [ -4.2499, 55.86839 ], [ -4.25046, 55.8688 ], [ -4.25156, 55.86952 ], [ -4.25151, 55.87054 ], [ -4.25089, 55.87032 ], [ -4.25031, 55.87027 ] ] ] ] } },
{ "type": "Feature", "properties": { "LSOA11_CD": "S01010262", "Neighborhood_Name": "City Centre East - 04", "uk_imd2019_LSOA": "S01010262", "uk_imd2019_Rank": "275", "uk_imd2019_SOA_pct": "4", "uk_imd2019_SOA_decile": "1" }, "geometry": { "type": "MultiPolygon", "coordinates": [ [ [ [ -4.2344, 55.86873 ], [ -4.23465, 55.86767 ], [ -4.23515, 55.86742 ], [ -4.23324, 55.86667 ], [ -4.23238, 55.86644 ], [ -4.23024, 55.86622 ], [ -4.23037, 55.86579 ], [ -4.23068, 55.8658 ], [ -4.2306, 55.86493 ], [ -4.22949, 55.86543 ], [ -4.22933, 55.86432 ], [ -4.22706, 55.86223 ], [ -4.22681, 55.86195 ], [ -4.22825, 55.86193 ], [ -4.22845, 55.86109 ], [ -4.22748, 55.86117 ], [ -4.22737, 55.86098 ], [ -4.22812, 55.85927 ], [ -4.22729, 55.85913 ], [ -4.22753, 55.85857 ], [ -4.2289, 55.85879 ], [ -4.22915, 55.85829 ], [ -4.22947, 55.85835 ], [ -4.22928, 55.85884 ], [ -4.23083, 55.85905 ], [ -4.23076, 55.85917 ], [ -4.23189, 55.85965 ], [ -4.23231, 55.86075 ], [ -4.23289, 55.86084 ], [ -4.23353, 55.86115 ], [ -4.234, 55.86115 ], [ -4.23385, 55.86042 ], [ -4.2338, 55.85949 ], [ -4.23685, 55.8599 ], [ -4.23678, 55.86016 ], [ -4.23596, 55.86019 ], [ -4.236, 55.86041 ], [ -4.2366, 55.86065 ], [ -4.23752, 55.86062 ], [ -4.23741, 55.86094 ], [ -4.2368, 55.86134 ], [ -4.23818, 55.86148 ], [ -4.23797, 55.8625 ], [ -4.23797, 55.86288 ], [ -4.23713, 55.86286 ], [ -4.23733, 55.86315 ], [ -4.2372, 55.86357 ], [ -4.23768, 55.8642 ], [ -4.23856, 55.86385 ], [ -4.23882, 55.86418 ], [ -4.24013, 55.86418 ], [ -4.24021, 55.86492 ], [ -4.2415, 55.86492 ], [ -4.24153, 55.86546 ], [ -4.24031, 55.86548 ], [ -4.24035, 55.86617 ], [ -4.24059, 55.86691 ], [ -4.23914, 55.86708 ], [ -4.23956, 55.86835 ], [ -4.23795, 55.86875 ], [ -4.23691, 55.86885 ], [ -4.2344, 55.86873 ] ] ] ] } },
{ "type": "Feature", "properties": { "LSOA11_CD": "S01010270", "Neighborhood_Name": "City Centre West - 05", "uk_imd2019_LSOA": "S01010270", "uk_imd2019_Rank": "389", "uk_imd2019_SOA_pct": "6", "uk_imd2019_SOA_decile": "1" }, "geometry": { "type": "MultiPolygon", "coordinates": [ [ [ [ -4.25046, 55.8688 ], [ -4.2499, 55.86839 ], [ -4.24774, 55.86707 ], [ -4.24649, 55.86626 ], [ -4.24737, 55.86628 ], [ -4.24795, 55.86599 ], [ -4.24826, 55.86506 ], [ -4.24833, 55.86486 ], [ -4.24873, 55.86477 ], [ -4.24934, 55.86312 ], [ -4.25182, 55.86331 ], [ -4.25195, 55.86293 ], [ -4.25312, 55.86306 ], [ -4.25301, 55.8634 ], [ -4.2528, 55.86406 ], [ -4.25189, 55.86395 ], [ -4.25162, 55.86477 ], [ -4.25242, 55.86486 ], [ -4.25226, 55.86528 ], [ -4.25366, 55.86545 ], [ -4.25366, 55.86572 ], [ -4.25402, 55.86633 ], [ -4.25554, 55.86666 ], [ -4.25562, 55.86699 ], [ -4.25682, 55.86682 ], [ -4.25785, 55.86701 ], [ -4.25872, 55.8673 ], [ -4.26004, 55.86804 ], [ -4.26002, 55.86831 ], [ -4.26102, 55.86861 ], [ -4.26157, 55.86814 ], [ -4.26219, 55.86816 ], [ -4.26233, 55.86847 ], [ -4.26311, 55.86861 ], [ -4.26283, 55.86879 ], [ -4.26209, 55.86869 ], [ -4.26203, 55.86893 ], [ -4.26286, 55.86922 ], [ -4.26289, 55.86984 ], [ -4.26017, 55.87005 ], [ -4.26007, 55.86964 ], [ -4.25771, 55.86983 ], [ -4.25756, 55.8694 ], [ -4.25826, 55.86936 ], [ -4.25814, 55.86883 ], [ -4.25675, 55.86896 ], [ -4.25691, 55.86952 ], [ -4.25728, 55.86986 ], [ -4.25489, 55.86985 ], [ -4.25454, 55.86906 ], [ -4.25363, 55.86915 ], [ -4.25333, 55.86814 ], [ -4.25139, 55.86833 ], [ -4.25046, 55.8688 ] ] ] ] } },
{ "type": "Feature", "properties": { "LSOA11_CD": "S01010267", "Neighborhood_Name": "City Centre West - 02", "uk_imd2019_LSOA": "S01010267", "uk_imd2019_Rank": "3207", "uk_imd2019_SOA_pct": "46", "uk_imd2019_SOA_decile": "5" }, "geometry": { "type": "MultiPolygon", "coordinates": [ [ [ [ -4.26439, 55.86597 ], [ -4.26462, 55.86551 ], [ -4.26811, 55.86592 ], [ -4.26776, 55.86551 ], [ -4.26642, 55.86536 ], [ -4.26609, 55.86493 ], [ -4.26498, 55.86481 ], [ -4.2651, 55.86447 ], [ -4.26579, 55.86455 ], [ -4.2659, 55.86422 ], [ -4.26513, 55.86412 ], [ -4.26499, 55.86446 ], [ -4.26357, 55.86425 ], [ -4.2637, 55.86391 ], [ -4.26684, 55.86423 ], [ -4.26708, 55.86355 ], [ -4.26538, 55.86334 ], [ -4.26556, 55.86294 ], [ -4.26785, 55.86322 ], [ -4.26833, 55.86281 ], [ -4.26822, 55.8633 ], [ -4.26881, 55.86335 ], [ -4.26898, 55.86315 ], [ -4.26958, 55.86317 ], [ -4.27001, 55.86297 ], [ -4.27037, 55.86398 ], [ -4.27088, 55.86397 ], [ -4.27131, 55.86571 ], [ -4.27132, 55.86613 ], [ -4.27131, 55.86625 ], [ -4.27093, 55.86654 ], [ -4.27066, 55.86628 ], [ -4.27014, 55.86663 ], [ -4.26901, 55.86649 ], [ -4.26906, 55.86635 ], [ -4.26745, 55.86657 ], [ -4.26725, 55.86616 ], [ -4.26643, 55.86607 ], [ -4.26581, 55.86613 ], [ -4.26439, 55.86597 ] ] ] ] } },
{ "type": "Feature", "properties": { "LSOA11_CD": "S01010268", "Neighborhood_Name": "City Centre West - 03", "uk_imd2019_LSOA": "S01010268", "uk_imd2019_Rank": "3742", "uk_imd2019_SOA_pct": "54", "uk_imd2019_SOA_decile": "6" }, "geometry": { "type": "MultiPolygon", "coordinates": [ [ [ [ -4.26508, 55.86846 ], [ -4.26359, 55.86829 ], [ -4.26363, 55.86816 ], [ -4.26215, 55.86798 ], [ -4.26221, 55.86783 ], [ -4.26232, 55.86746 ], [ -4.26307, 55.8672 ], [ -4.264, 55.86717 ], [ -4.26433, 55.86736 ], [ -4.26551, 55.86751 ], [ -4.26563, 55.86716 ], [ -4.26885, 55.8675 ], [ -4.26873, 55.86786 ], [ -4.26737, 55.86773 ], [ -4.26692, 55.86801 ], [ -4.26834, 55.86821 ], [ -4.26789, 55.86843 ], [ -4.26776, 55.86876 ], [ -4.26508, 55.86846 ] ] ] ] } },
{ "type": "Feature", "properties": { "LSOA11_CD": "S01010271", "Neighborhood_Name": "City Centre West - 06", "uk_imd2019_LSOA": "S01010271", "uk_imd2019_Rank": "2198", "uk_imd2019_SOA_pct": "32", "uk_imd2019_SOA_decile": "4" }, "geometry": { "type": "MultiPolygon", "coordinates": [ [ [ [ -4.25682, 55.86682 ], [ -4.25638, 55.86674 ], [ -4.25726, 55.86427 ], [ -4.2588, 55.86449 ], [ -4.26149, 55.86481 ], [ -4.26213, 55.86499 ], [ -4.2623, 55.86523 ], [ -4.2631, 55.86532 ], [ -4.26384, 55.86519 ], [ -4.26469, 55.86531 ], [ -4.26499, 55.86446 ], [ -4.26513, 55.86412 ], [ -4.2659, 55.86422 ], [ -4.26579, 55.86455 ], [ -4.2651, 55.86447 ], [ -4.26498, 55.86481 ], [ -4.26609, 55.86493 ], [ -4.26642, 55.86536 ], [ -4.26776, 55.86551 ], [ -4.26811, 55.86592 ], [ -4.26462, 55.86551 ], [ -4.26439, 55.86597 ], [ -4.264, 55.86717 ], [ -4.26307, 55.8672 ], [ -4.26232, 55.86746 ], [ -4.26221, 55.86783 ], [ -4.26073, 55.86767 ], [ -4.2609, 55.86733 ], [ -4.26071, 55.86694 ], [ -4.25994, 55.86685 ], [ -4.25995, 55.86651 ], [ -4.25794, 55.86629 ], [ -4.25772, 55.86684 ], [ -4.25875, 55.86712 ], [ -4.25956, 55.86743 ], [ -4.2603, 55.86791 ], [ -4.26002, 55.86831 ], [ -4.26004, 55.86804 ], [ -4.25872, 55.8673 ], [ -4.25785, 55.86701 ], [ -4.25682, 55.86682 ] ] ] ] } },
{ "type": "Feature", "properties": { "LSOA11_CD": "S01010272", "Neighborhood_Name": "City Centre South - 01", "uk_imd2019_LSOA": "S01010272", "uk_imd2019_Rank": "851", "uk_imd2019_SOA_pct": "12", "uk_imd2019_SOA_decile": "2" }, "geometry": { "type": "MultiPolygon", "coordinates": [ [ [ [ -4.26833, 55.86281 ], [ -4.26857, 55.86212 ], [ -4.26681, 55.86184 ], [ -4.26698, 55.86147 ], [ -4.26785, 55.86158 ], [ -4.26812, 55.86109 ], [ -4.2649, 55.86073 ], [ -4.26457, 55.86158 ], [ -4.26505, 55.86163 ], [ -4.26524, 55.86203 ], [ -4.26455, 55.86194 ], [ -4.26428, 55.86207 ], [ -4.26291, 55.86192 ], [ -4.26325, 55.861 ], [ -4.26231, 55.86114 ], [ -4.26171, 55.86108 ], [ -4.26202, 55.86011 ], [ -4.26238, 55.85931 ], [ -4.2631, 55.85938 ], [ -4.26345, 55.85896 ], [ -4.26487, 55.85905 ], [ -4.26494, 55.85801 ], [ -4.26699, 55.85809 ], [ -4.26707, 55.85727 ], [ -4.26616, 55.85676 ], [ -4.26731, 55.85671 ], [ -4.26729, 55.85689 ], [ -4.26978, 55.85693 ], [ -4.27013, 55.85716 ], [ -4.27027, 55.85959 ], [ -4.27004, 55.85956 ], [ -4.27002, 55.86033 ], [ -4.27053, 55.86035 ], [ -4.27054, 55.861 ], [ -4.27144, 55.86103 ], [ -4.27202, 55.86123 ], [ -4.27227, 55.86093 ], [ -4.27492, 55.86182 ], [ -4.27245, 55.86186 ], [ -4.27248, 55.86205 ], [ -4.27334, 55.86206 ], [ -4.27335, 55.86256 ], [ -4.27265, 55.86255 ], [ -4.2723, 55.86306 ], [ -4.27047, 55.86301 ], [ -4.27088, 55.86397 ], [ -4.27037, 55.86398 ], [ -4.27001, 55.86297 ], [ -4.26958, 55.86317 ], [ -4.26898, 55.86315 ], [ -4.26881, 55.86335 ], [ -4.26822, 55.8633 ], [ -4.26833, 55.86281 ] ] ] ] } },
{ "type": "Feature", "properties": { "LSOA11_CD": "S01010273", "Neighborhood_Name": "City Centre South - 02", "uk_imd2019_LSOA": "S01010273", "uk_imd2019_Rank": "4881", "uk_imd2019_SOA_pct": "70", "uk_imd2019_SOA_decile": "7" }, "geometry": { "type": "MultiPolygon", "coordinates": [ [ [ [ -4.25955, 55.85854 ], [ -4.25966, 55.85828 ], [ -4.25765, 55.85801 ], [ -4.25786, 55.85744 ], [ -4.25906, 55.85747 ], [ -4.25904, 55.85667 ], [ -4.25748, 55.85645 ], [ -4.25763, 55.85607 ], [ -4.25805, 55.85606 ], [ -4.26119, 55.85626 ], [ -4.2645, 55.85656 ], [ -4.26635, 55.8564 ], [ -4.26728, 55.85642 ], [ -4.26731, 55.85671 ], [ -4.26616, 55.85676 ], [ -4.26707, 55.85727 ], [ -4.26699, 55.85809 ], [ -4.26494, 55.85801 ], [ -4.26487, 55.85905 ], [ -4.26345, 55.85896 ], [ -4.2631, 55.85938 ], [ -4.26238, 55.85931 ], [ -4.26145, 55.85923 ], [ -4.2614, 55.85899 ], [ -4.26028, 55.85891 ], [ -4.25951, 55.85895 ], [ -4.25955, 55.85854 ] ] ] ] } },
{ "type": "Feature", "properties": { "LSOA11_CD": "S01010274", "Neighborhood_Name": "City Centre South - 03", "uk_imd2019_LSOA": "S01010274", "uk_imd2019_Rank": "4127", "uk_imd2019_SOA_pct": "59", "uk_imd2019_SOA_decile": "6" }, "geometry": { "type": "MultiPolygon", "coordinates": [ [ [ [ -4.25149, 55.86085 ], [ -4.25257, 55.85799 ], [ -4.2502, 55.85757 ], [ -4.2492, 55.85741 ], [ -4.24936, 55.85709 ], [ -4.24865, 55.85698 ], [ -4.24883, 55.85654 ], [ -4.2496, 55.85647 ], [ -4.25001, 55.85544 ], [ -4.24971, 55.85525 ], [ -4.24983, 55.85463 ], [ -4.25028, 55.85423 ], [ -4.25061, 55.85418 ], [ -4.25068, 55.85421 ], [ -4.25763, 55.85607 ], [ -4.25748, 55.85645 ], [ -4.25904, 55.85667 ], [ -4.25906, 55.85747 ], [ -4.25786, 55.85744 ], [ -4.25765, 55.85801 ], [ -4.25966, 55.85828 ], [ -4.25955, 55.85854 ], [ -4.25677, 55.85831 ], [ -4.25678, 55.8585 ], [ -4.25582, 55.85846 ], [ -4.25432, 55.85828 ], [ -4.25419, 55.85896 ], [ -4.25375, 55.8596 ], [ -4.25389, 55.86011 ], [ -4.25328, 55.86004 ], [ -4.25316, 55.86036 ], [ -4.25373, 55.86044 ], [ -4.25359, 55.8608 ], [ -4.25383, 55.86111 ], [ -4.25352, 55.86194 ], [ -4.25117, 55.86166 ], [ -4.25164, 55.86151 ], [ -4.25181, 55.86119 ], [ -4.25149, 55.86085 ] ] ] ] } },
{ "type": "Feature", "properties": { "LSOA11_CD": "S01010275", "Neighborhood_Name": "City Centre South - 04", "uk_imd2019_LSOA": "S01010275", "uk_imd2019_Rank": "4943", "uk_imd2019_SOA_pct": "71", "uk_imd2019_SOA_decile": "8" }, "geometry": { "type": "MultiPolygon", "coordinates": [ [ [ [ -4.25301, 55.8634 ], [ -4.2536, 55.86347 ], [ -4.25376, 55.86306 ], [ -4.25451, 55.86314 ], [ -4.25481, 55.86229 ], [ -4.25423, 55.86251 ], [ -4.25337, 55.86236 ], [ -4.25352, 55.86194 ], [ -4.25383, 55.86111 ], [ -4.25359, 55.8608 ], [ -4.25373, 55.86044 ], [ -4.25316, 55.86036 ], [ -4.25328, 55.86004 ], [ -4.25389, 55.86011 ], [ -4.25375, 55.8596 ], [ -4.25419, 55.85896 ], [ -4.25432, 55.85828 ], [ -4.25582, 55.85846 ], [ -4.25678, 55.8585 ], [ -4.25677, 55.85831 ], [ -4.25955, 55.85854 ], [ -4.25951, 55.85895 ], [ -4.26028, 55.85891 ], [ -4.2614, 55.85899 ], [ -4.26145, 55.85923 ], [ -4.26238, 55.85931 ], [ -4.26202, 55.86011 ], [ -4.26171, 55.86108 ], [ -4.26231, 55.86114 ], [ -4.26325, 55.861 ], [ -4.26291, 55.86192 ], [ -4.26428, 55.86207 ], [ -4.26455, 55.86194 ], [ -4.26524, 55.86203 ], [ -4.26505, 55.86163 ], [ -4.26457, 55.86158 ], [ -4.2649, 55.86073 ], [ -4.26812, 55.86109 ], [ -4.26785, 55.86158 ], [ -4.26698, 55.86147 ], [ -4.26681, 55.86184 ], [ -4.26857, 55.86212 ], [ -4.26833, 55.86281 ], [ -4.26785, 55.86322 ], [ -4.26556, 55.86294 ], [ -4.26538, 55.86334 ], [ -4.26708, 55.86355 ], [ -4.26684, 55.86423 ], [ -4.2637, 55.86391 ], [ -4.26357, 55.86425 ], [ -4.26499, 55.86446 ], [ -4.26469, 55.86531 ], [ -4.26384, 55.86519 ], [ -4.2631, 55.86532 ], [ -4.2623, 55.86523 ], [ -4.26213, 55.86499 ], [ -4.26149, 55.86481 ], [ -4.2588, 55.86449 ], [ -4.25726, 55.86427 ], [ -4.25638, 55.86674 ], [ -4.25682, 55.86682 ], [ -4.25562, 55.86699 ], [ -4.25554, 55.86666 ], [ -4.25402, 55.86633 ], [ -4.25366, 55.86572 ], [ -4.25366, 55.86545 ], [ -4.25226, 55.86528 ], [ -4.25242, 55.86486 ], [ -4.25162, 55.86477 ], [ -4.25189, 55.86395 ], [ -4.2528, 55.86406 ], [ -4.25301, 55.8634 ] ] ] ] } },
{ "type": "Feature", "properties": { "LSOA11_CD": "S01010277", "Neighborhood_Name": "Anderston - 02", "uk_imd2019_LSOA": "S01010277", "uk_imd2019_Rank": "839", "uk_imd2019_SOA_pct": "12", "uk_imd2019_SOA_decile": "2" }, "geometry": { "type": "MultiPolygon", "coordinates": [ [ [ [ -4.27588, 55.86254 ], [ -4.27581, 55.86192 ], [ -4.27492, 55.86182 ], [ -4.27227, 55.86093 ], [ -4.27202, 55.86123 ], [ -4.27144, 55.86103 ], [ -4.27054, 55.861 ], [ -4.27053, 55.86035 ], [ -4.27002, 55.86033 ], [ -4.27004, 55.85956 ], [ -4.27027, 55.85959 ], [ -4.27013, 55.85716 ], [ -4.26978, 55.85693 ], [ -4.27111, 55.85688 ], [ -4.27118, 55.85728 ], [ -4.27194, 55.85735 ], [ -4.27198, 55.85849 ], [ -4.27158, 55.8585 ], [ -4.27162, 55.85926 ], [ -4.272, 55.85926 ], [ -4.27177, 55.85982 ], [ -4.27342, 55.86018 ], [ -4.2759, 55.86021 ], [ -4.27756, 55.86019 ], [ -4.27744, 55.86029 ], [ -4.27748, 55.86137 ], [ -4.27843, 55.86143 ], [ -4.27849, 55.86207 ], [ -4.27881, 55.86267 ], [ -4.27751, 55.86255 ], [ -4.27588, 55.86254 ] ] ] ] } },
{ "type": "Feature", "properties": { "LSOA11_CD": "S01010278", "Neighborhood_Name": "Anderston - 03", "uk_imd2019_LSOA": "S01010278", "uk_imd2019_Rank": "1212", "uk_imd2019_SOA_pct": "17", "uk_imd2019_SOA_decile": "2" }, "geometry": { "type": "MultiPolygon", "coordinates": [ [ [ [ -4.2751, 55.86373 ], [ -4.27496, 55.86334 ], [ -4.27388, 55.86337 ], [ -4.27385, 55.86304 ], [ -4.2723, 55.86306 ], [ -4.27265, 55.86255 ], [ -4.27335, 55.86256 ], [ -4.27334, 55.86206 ], [ -4.27248, 55.86205 ], [ -4.27245, 55.86186 ], [ -4.27492, 55.86182 ], [ -4.27581, 55.86192 ], [ -4.27588, 55.86254 ], [ -4.27538, 55.86304 ], [ -4.27576, 55.86321 ], [ -4.27644, 55.8632 ], [ -4.27651, 55.8635 ], [ -4.27586, 55.86356 ], [ -4.27521, 55.86419 ], [ -4.2751, 55.86373 ] ] ] ] } },
{ "type": "Feature", "properties": { "LSOA11_CD": "S01010279", "Neighborhood_Name": "Anderston - 04", "uk_imd2019_LSOA": "S01010279", "uk_imd2019_Rank": "1506", "uk_imd2019_SOA_pct": "22", "uk_imd2019_SOA_decile": "3" }, "geometry": { "type": "MultiPolygon", "coordinates": [ [ [ [ -4.28163, 55.86391 ], [ -4.28114, 55.86398 ], [ -4.28135, 55.8648 ], [ -4.28105, 55.86517 ], [ -4.28379, 55.86497 ], [ -4.28435, 55.86474 ], [ -4.28454, 55.86519 ], [ -4.284, 55.86536 ], [ -4.28023, 55.86568 ], [ -4.28002, 55.86488 ], [ -4.27865, 55.86496 ], [ -4.27847, 55.86416 ], [ -4.27975, 55.86405 ], [ -4.27962, 55.86349 ], [ -4.27766, 55.86361 ], [ -4.27761, 55.86343 ], [ -4.27651, 55.8635 ], [ -4.27644, 55.8632 ], [ -4.27576, 55.86321 ], [ -4.27538, 55.86304 ], [ -4.27874, 55.86294 ], [ -4.27868, 55.8632 ], [ -4.27907, 55.86338 ], [ -4.27951, 55.86315 ], [ -4.2807, 55.86352 ], [ -4.28163, 55.86391 ] ] ] ] } },
{ "type": "Feature", "properties": { "LSOA11_CD": "S01010283", "Neighborhood_Name": "Finnieston and Kelvinhaugh - 02", "uk_imd2019_LSOA": "S01010283", "uk_imd2019_Rank": "4375", "uk_imd2019_SOA_pct": "63", "uk_imd2019_SOA_decile": "7" }, "geometry": { "type": "MultiPolygon", "coordinates": [ [ [ [ -4.29482, 55.86376 ], [ -4.2947, 55.86318 ], [ -4.2929, 55.86319 ], [ -4.29078, 55.86311 ], [ -4.29013, 55.86311 ], [ -4.29004, 55.86372 ], [ -4.28652, 55.86418 ], [ -4.28541, 55.86407 ], [ -4.28424, 55.86356 ], [ -4.28373, 55.86325 ], [ -4.28284, 55.86298 ], [ -4.28196, 55.86326 ], [ -4.2807, 55.86352 ], [ -4.27951, 55.86315 ], [ -4.27907, 55.86338 ], [ -4.27868, 55.8632 ], [ -4.27874, 55.86294 ], [ -4.27538, 55.86304 ], [ -4.27588, 55.86254 ], [ -4.27751, 55.86255 ], [ -4.27881, 55.86267 ], [ -4.27849, 55.86207 ], [ -4.27843, 55.86143 ], [ -4.27748, 55.86137 ], [ -4.27744, 55.86029 ], [ -4.27756, 55.86019 ], [ -4.27844, 55.86018 ], [ -4.28097, 55.86033 ], [ -4.28124, 55.85938 ], [ -4.28161, 55.8575 ], [ -4.2831, 55.85777 ], [ -4.28619, 55.85852 ], [ -4.29429, 55.86037 ], [ -4.29604, 55.86094 ], [ -4.29704, 55.86143 ], [ -4.29675, 55.86198 ], [ -4.29756, 55.86203 ], [ -4.29736, 55.86258 ], [ -4.30386, 55.86439 ], [ -4.30389, 55.86455 ], [ -4.30239, 55.86544 ], [ -4.3031, 55.86581 ], [ -4.30342, 55.86573 ], [ -4.30518, 55.86471 ], [ -4.30599, 55.86487 ], [ -4.30669, 55.86452 ], [ -4.30504, 55.8655 ], [ -4.30352, 55.86648 ], [ -4.30295, 55.86694 ], [ -4.30257, 55.86673 ], [ -4.30196, 55.86706 ], [ -4.30134, 55.86665 ], [ -4.29931, 55.86561 ], [ -4.2993, 55.86541 ], [ -4.30013, 55.86434 ], [ -4.29878, 55.86375 ], [ -4.29702, 55.86314 ], [ -4.29664, 55.86307 ], [ -4.2965, 55.86353 ], [ -4.29482, 55.86376 ] ] ] ] } },
{ "type": "Feature", "properties": { "LSOA11_CD": "S01010300", "Neighborhood_Name": "Woodside - 04", "uk_imd2019_LSOA": "S01010300", "uk_imd2019_Rank": "1457", "uk_imd2019_SOA_pct": "21", "uk_imd2019_SOA_decile": "3" }, "geometry": { "type": "MultiPolygon", "coordinates": [ [ [ [ -4.2699, 55.87348 ], [ -4.26909, 55.87251 ], [ -4.26797, 55.87282 ], [ -4.26736, 55.87339 ], [ -4.26667, 55.87321 ], [ -4.26639, 55.87355 ], [ -4.26533, 55.8732 ], [ -4.26635, 55.87229 ], [ -4.26716, 55.87139 ], [ -4.26779, 55.87082 ], [ -4.26996, 55.87149 ], [ -4.27093, 55.87184 ], [ -4.27077, 55.87198 ], [ -4.27159, 55.87238 ], [ -4.27216, 55.87226 ], [ -4.27119, 55.87323 ], [ -4.27109, 55.87363 ], [ -4.27024, 55.8734 ], [ -4.2699, 55.87348 ] ] ] ] } },
{ "type": "Feature", "properties": { "LSOA11_CD": "S01010301", "Neighborhood_Name": "Firhill - 01", "uk_imd2019_LSOA": "S01010301", "uk_imd2019_Rank": "4818", "uk_imd2019_SOA_pct": "69", "uk_imd2019_SOA_decile": "7" }, "geometry": { "type": "MultiPolygon", "coordinates": [ [ [ [ -4.26293, 55.87703 ], [ -4.26182, 55.87672 ], [ -4.26175, 55.8765 ], [ -4.26237, 55.87604 ], [ -4.26246, 55.87561 ], [ -4.26122, 55.87544 ], [ -4.26088, 55.87531 ], [ -4.26142, 55.87418 ], [ -4.26165, 55.87427 ], [ -4.26153, 55.87447 ], [ -4.26202, 55.87491 ], [ -4.26275, 55.87501 ], [ -4.26323, 55.8754 ], [ -4.26433, 55.8751 ], [ -4.26478, 55.87519 ], [ -4.26607, 55.87412 ], [ -4.26667, 55.87365 ], [ -4.26864, 55.87423 ], [ -4.27033, 55.87488 ], [ -4.27078, 55.87513 ], [ -4.26839, 55.87607 ], [ -4.26804, 55.87584 ], [ -4.26764, 55.87603 ], [ -4.26796, 55.87625 ], [ -4.26742, 55.87646 ], [ -4.26677, 55.876 ], [ -4.26602, 55.87632 ], [ -4.26655, 55.87678 ], [ -4.26575, 55.87717 ], [ -4.26492, 55.8775 ], [ -4.26404, 55.87716 ], [ -4.26293, 55.87703 ] ] ] ] } },
{ "type": "Feature", "properties": { "LSOA11_CD": "S01010284", "Neighborhood_Name": "Finnieston and Kelvinhaugh - 03", "uk_imd2019_LSOA": "S01010284", "uk_imd2019_Rank": "5981", "uk_imd2019_SOA_pct": "86", "uk_imd2019_SOA_decile": "9" }, "geometry": { "type": "MultiPolygon", "coordinates": [ [ [ [ -4.2983, 55.86846 ], [ -4.29741, 55.86856 ], [ -4.29666, 55.86799 ], [ -4.29522, 55.86783 ], [ -4.29414, 55.86745 ], [ -4.29327, 55.86726 ], [ -4.29332, 55.86702 ], [ -4.29143, 55.86679 ], [ -4.29144, 55.86646 ], [ -4.29233, 55.8665 ], [ -4.29241, 55.86621 ], [ -4.29289, 55.86619 ], [ -4.29288, 55.86547 ], [ -4.29249, 55.86535 ], [ -4.29256, 55.86479 ], [ -4.2924, 55.86433 ], [ -4.29251, 55.86412 ], [ -4.29308, 55.86405 ], [ -4.29295, 55.86465 ], [ -4.29411, 55.86468 ], [ -4.29461, 55.86444 ], [ -4.29482, 55.86376 ], [ -4.2965, 55.86353 ], [ -4.29664, 55.86307 ], [ -4.29702, 55.86314 ], [ -4.29878, 55.86375 ], [ -4.30013, 55.86434 ], [ -4.2993, 55.86541 ], [ -4.29931, 55.86561 ], [ -4.30134, 55.86665 ], [ -4.30196, 55.86706 ], [ -4.30084, 55.86757 ], [ -4.30121, 55.86776 ], [ -4.30026, 55.86806 ], [ -4.30012, 55.86852 ], [ -4.29913, 55.86848 ], [ -4.29857, 55.86833 ], [ -4.2983, 55.86846 ] ] ] ] } },
{ "type": "Feature", "properties": { "LSOA11_CD": "S01010286", "Neighborhood_Name": "Finnieston and Kelvinhaugh - 05", "uk_imd2019_LSOA": "S01010286", "uk_imd2019_Rank": "6347", "uk_imd2019_SOA_pct": "91", "uk_imd2019_SOA_decile": "10" }, "geometry": { "type": "MultiPolygon", "coordinates": [ [ [ [ -4.29008, 55.86662 ], [ -4.29001, 55.86648 ], [ -4.28911, 55.86617 ], [ -4.28741, 55.86569 ], [ -4.28562, 55.86512 ], [ -4.28556, 55.86466 ], [ -4.28808, 55.86429 ], [ -4.28971, 55.86414 ], [ -4.29058, 55.864 ], [ -4.29099, 55.86373 ], [ -4.29078, 55.86311 ], [ -4.2929, 55.86319 ], [ -4.2947, 55.86318 ], [ -4.29482, 55.86376 ], [ -4.29461, 55.86444 ], [ -4.29411, 55.86468 ], [ -4.29295, 55.86465 ], [ -4.29308, 55.86405 ], [ -4.29251, 55.86412 ], [ -4.2924, 55.86433 ], [ -4.29256, 55.86479 ], [ -4.28996, 55.86581 ], [ -4.2908, 55.86597 ], [ -4.29058, 55.86672 ], [ -4.29008, 55.86662 ] ] ] ] } },
{ "type": "Feature", "properties": { "LSOA11_CD": "S01010287", "Neighborhood_Name": "Finnieston and Kelvinhaugh - 06", "uk_imd2019_LSOA": "S01010287", "uk_imd2019_Rank": "5783", "uk_imd2019_SOA_pct": "83", "uk_imd2019_SOA_decile": "9" }, "geometry": { "type": "MultiPolygon", "coordinates": [ [ [ [ -4.28687, 55.86627 ], [ -4.28508, 55.86571 ], [ -4.2845, 55.86576 ], [ -4.284, 55.86536 ], [ -4.28454, 55.86519 ], [ -4.28435, 55.86474 ], [ -4.28479, 55.86487 ], [ -4.28541, 55.86407 ], [ -4.28652, 55.86418 ], [ -4.29004, 55.86372 ], [ -4.29013, 55.86311 ], [ -4.29078, 55.86311 ], [ -4.29099, 55.86373 ], [ -4.29058, 55.864 ], [ -4.28971, 55.86414 ], [ -4.28808, 55.86429 ], [ -4.28556, 55.86466 ], [ -4.28562, 55.86512 ], [ -4.28741, 55.86569 ], [ -4.28911, 55.86617 ], [ -4.29001, 55.86648 ], [ -4.29008, 55.86662 ], [ -4.2913, 55.86772 ], [ -4.28687, 55.86627 ] ] ] ] } },
{ "type": "Feature", "properties": { "LSOA11_CD": "S01010288", "Neighborhood_Name": "Finnieston and Kelvinhaugh - 07", "uk_imd2019_LSOA": "S01010288", "uk_imd2019_Rank": "6520", "uk_imd2019_SOA_pct": "93", "uk_imd2019_SOA_decile": "10" }, "geometry": { "type": "MultiPolygon", "coordinates": [ [ [ [ -4.27872, 55.8658 ], [ -4.28023, 55.86568 ], [ -4.284, 55.86536 ], [ -4.2845, 55.86576 ], [ -4.28508, 55.86571 ], [ -4.28687, 55.86627 ], [ -4.28584, 55.86729 ], [ -4.28386, 55.86672 ], [ -4.28049, 55.86664 ], [ -4.28036, 55.86719 ], [ -4.28112, 55.86736 ], [ -4.28067, 55.86782 ], [ -4.27907, 55.86736 ], [ -4.27893, 55.86638 ], [ -4.27844, 55.86616 ], [ -4.27872, 55.8658 ] ] ] ] } },
{ "type": "Feature", "properties": { "LSOA11_CD": "S01010289", "Neighborhood_Name": "Woodlands - 01", "uk_imd2019_LSOA": "S01010289", "uk_imd2019_Rank": "6759", "uk_imd2019_SOA_pct": "97", "uk_imd2019_SOA_decile": "10" }, "geometry": { "type": "MultiPolygon", "coordinates": [ [ [ [ -4.27154, 55.86765 ], [ -4.27131, 55.8675 ], [ -4.27094, 55.86726 ], [ -4.27093, 55.86654 ], [ -4.27131, 55.86625 ], [ -4.27208, 55.86626 ], [ -4.27872, 55.8658 ], [ -4.27844, 55.86616 ], [ -4.27893, 55.86638 ], [ -4.27907, 55.86736 ], [ -4.28067, 55.86782 ], [ -4.27986, 55.8686 ], [ -4.28042, 55.86883 ], [ -4.28071, 55.86954 ], [ -4.28012, 55.86979 ], [ -4.27965, 55.86994 ], [ -4.27889, 55.86998 ], [ -4.27783, 55.86962 ], [ -4.27761, 55.86927 ], [ -4.2764, 55.86911 ], [ -4.2763, 55.86852 ], [ -4.27572, 55.86825 ], [ -4.2747, 55.86832 ], [ -4.2741, 55.8682 ], [ -4.27317, 55.86826 ], [ -4.27277, 55.86812 ], [ -4.27187, 55.86754 ], [ -4.27154, 55.86765 ] ] ] ] } },
{ "type": "Feature", "properties": { "LSOA11_CD": "S01010290", "Neighborhood_Name": "Woodlands - 02", "uk_imd2019_LSOA": "S01010290", "uk_imd2019_Rank": "3485", "uk_imd2019_SOA_pct": "50", "uk_imd2019_SOA_decile": "5" }, "geometry": { "type": "MultiPolygon", "coordinates": [ [ [ [ -4.27758, 55.8715 ], [ -4.27685, 55.8709 ], [ -4.27606, 55.87117 ], [ -4.27544, 55.87096 ], [ -4.2747, 55.87092 ], [ -4.27442, 55.87064 ], [ -4.27513, 55.86994 ], [ -4.27526, 55.86981 ], [ -4.27154, 55.86765 ], [ -4.27187, 55.86754 ], [ -4.27277, 55.86812 ], [ -4.27317, 55.86826 ], [ -4.2741, 55.8682 ], [ -4.2747, 55.86832 ], [ -4.27572, 55.86825 ], [ -4.2763, 55.86852 ], [ -4.2764, 55.86911 ], [ -4.27761, 55.86927 ], [ -4.27783, 55.86962 ], [ -4.27889, 55.86998 ], [ -4.27965, 55.86994 ], [ -4.28012, 55.86979 ], [ -4.2798, 55.87014 ], [ -4.2788, 55.8701 ], [ -4.27867, 55.87047 ], [ -4.2782, 55.87034 ], [ -4.2779, 55.87062 ], [ -4.28022, 55.8715 ], [ -4.27999, 55.87194 ], [ -4.279, 55.87195 ], [ -4.27835, 55.87183 ], [ -4.27758, 55.8715 ] ] ] ] } },
{ "type": "Feature", "properties": { "LSOA11_CD": "S01010291", "Neighborhood_Name": "Woodlands - 03", "uk_imd2019_LSOA": "S01010291", "uk_imd2019_Rank": "4769", "uk_imd2019_SOA_pct": "68", "uk_imd2019_SOA_decile": "7" }, "geometry": { "type": "MultiPolygon", "coordinates": [ [ [ [ -4.27803, 55.87415 ], [ -4.27898, 55.87317 ], [ -4.27787, 55.87281 ], [ -4.27816, 55.87208 ], [ -4.27766, 55.87201 ], [ -4.27726, 55.8716 ], [ -4.27758, 55.8715 ], [ -4.27835, 55.87183 ], [ -4.279, 55.87195 ], [ -4.27999, 55.87194 ], [ -4.28135, 55.87217 ], [ -4.28332, 55.87149 ], [ -4.2835, 55.87187 ], [ -4.2827, 55.872 ], [ -4.28296, 55.87254 ], [ -4.28449, 55.8729 ], [ -4.28473, 55.87316 ], [ -4.28444, 55.87355 ], [ -4.28461, 55.87378 ], [ -4.28429, 55.87416 ], [ -4.28381, 55.87406 ], [ -4.28408, 55.87371 ], [ -4.2838, 55.87343 ], [ -4.28273, 55.87352 ], [ -4.28241, 55.87334 ], [ -4.28264, 55.87297 ], [ -4.28125, 55.87266 ], [ -4.2815, 55.87412 ], [ -4.28062, 55.87456 ], [ -4.27984, 55.87466 ], [ -4.27964, 55.87468 ], [ -4.27803, 55.87415 ] ] ] ] } },
{ "type": "Feature", "properties": { "LSOA11_CD": "S01010292", "Neighborhood_Name": "Woodlands - 04", "uk_imd2019_LSOA": "S01010292", "uk_imd2019_Rank": "6293", "uk_imd2019_SOA_pct": "90", "uk_imd2019_SOA_decile": "10" }, "geometry": { "type": "MultiPolygon", "coordinates": [ [ [ [ -4.27507, 55.87366 ], [ -4.27464, 55.87353 ], [ -4.2747, 55.87311 ], [ -4.27561, 55.87217 ], [ -4.27726, 55.8716 ], [ -4.27766, 55.87201 ], [ -4.27816, 55.87208 ], [ -4.27787, 55.87281 ], [ -4.27898, 55.87317 ], [ -4.27803, 55.87415 ], [ -4.27746, 55.87396 ], [ -4.27624, 55.874 ], [ -4.27574, 55.87362 ], [ -4.27507, 55.87366 ] ] ] ] } },
{ "type": "Feature", "properties": { "LSOA11_CD": "S01010293", "Neighborhood_Name": "Woodlands - 05", "uk_imd2019_LSOA": "S01010293", "uk_imd2019_Rank": "4130", "uk_imd2019_SOA_pct": "59", "uk_imd2019_SOA_decile": "6" }, "geometry": { "type": "MultiPolygon", "coordinates": [ [ [ [ -4.2736, 55.87141 ], [ -4.27379, 55.87123 ], [ -4.27241, 55.87079 ], [ -4.27292, 55.87029 ], [ -4.27253, 55.87016 ], [ -4.27329, 55.86994 ], [ -4.27392, 55.86933 ], [ -4.27513, 55.86994 ], [ -4.27442, 55.87064 ], [ -4.2747, 55.87092 ], [ -4.27544, 55.87096 ], [ -4.27606, 55.87117 ], [ -4.27685, 55.8709 ], [ -4.27758, 55.8715 ], [ -4.27682, 55.87129 ], [ -4.27571, 55.87172 ], [ -4.27539, 55.87204 ], [ -4.27466, 55.87175 ], [ -4.27446, 55.8719 ], [ -4.27366, 55.87169 ], [ -4.2736, 55.87141 ] ] ] ] } },
{ "type": "Feature", "properties": { "LSOA11_CD": "S01010294", "Neighborhood_Name": "Woodlands - 06", "uk_imd2019_LSOA": "S01010294", "uk_imd2019_Rank": "5769", "uk_imd2019_SOA_pct": "83", "uk_imd2019_SOA_decile": "9" }, "geometry": { "type": "MultiPolygon", "coordinates": [ [ [ [ -4.27216, 55.87226 ], [ -4.27286, 55.8714 ], [ -4.2736, 55.87141 ], [ -4.27366, 55.87169 ], [ -4.27446, 55.8719 ], [ -4.27466, 55.87175 ], [ -4.27539, 55.87204 ], [ -4.27571, 55.87172 ], [ -4.27682, 55.87129 ], [ -4.27758, 55.8715 ], [ -4.27726, 55.8716 ], [ -4.27561, 55.87217 ], [ -4.2747, 55.87311 ], [ -4.27364, 55.87272 ], [ -4.27216, 55.87226 ] ] ] ] } },
{ "type": "Feature", "properties": { "LSOA11_CD": "S01010295", "Neighborhood_Name": "Woodlands - 07", "uk_imd2019_LSOA": "S01010295", "uk_imd2019_Rank": "5128", "uk_imd2019_SOA_pct": "74", "uk_imd2019_SOA_decile": "8" }, "geometry": { "type": "MultiPolygon", "coordinates": [ [ [ [ -4.26779, 55.87082 ], [ -4.2682, 55.87041 ], [ -4.2689, 55.87061 ], [ -4.26765, 55.86951 ], [ -4.26886, 55.86986 ], [ -4.27, 55.86865 ], [ -4.27025, 55.86912 ], [ -4.27209, 55.8697 ], [ -4.27185, 55.86994 ], [ -4.27253, 55.87016 ], [ -4.27292, 55.87029 ], [ -4.27241, 55.87079 ], [ -4.27379, 55.87123 ], [ -4.2736, 55.87141 ], [ -4.27286, 55.8714 ], [ -4.27216, 55.87226 ], [ -4.27159, 55.87238 ], [ -4.27077, 55.87198 ], [ -4.27093, 55.87184 ], [ -4.26996, 55.87149 ], [ -4.26779, 55.87082 ] ] ] ] } },
{ "type": "Feature", "properties": { "LSOA11_CD": "S01010296", "Neighborhood_Name": "Woodlands - 08", "uk_imd2019_LSOA": "S01010296", "uk_imd2019_Rank": "1749", "uk_imd2019_SOA_pct": "25", "uk_imd2019_SOA_decile": "3" }, "geometry": { "type": "MultiPolygon", "coordinates": [ [ [ [ -4.27253, 55.87016 ], [ -4.27185, 55.86994 ], [ -4.27209, 55.8697 ], [ -4.27025, 55.86912 ], [ -4.27, 55.86865 ], [ -4.27081, 55.86801 ], [ -4.27131, 55.8675 ], [ -4.27154, 55.86765 ], [ -4.27526, 55.86981 ], [ -4.27513, 55.86994 ], [ -4.27392, 55.86933 ], [ -4.27329, 55.86994 ], [ -4.27253, 55.87016 ] ] ] ] } },
{ "type": "Feature", "properties": { "LSOA11_CD": "S01010399", "Neighborhood_Name": "Partickhill and Hyndland - 03", "uk_imd2019_LSOA": "S01010399", "uk_imd2019_Rank": "6947", "uk_imd2019_SOA_pct": "100", "uk_imd2019_SOA_decile": "10" }, "geometry": { "type": "MultiPolygon", "coordinates": [ [ [ [ -4.31045, 55.8802 ], [ -4.31023, 55.88001 ], [ -4.30927, 55.87986 ], [ -4.30945, 55.8794 ], [ -4.30887, 55.87932 ], [ -4.30896, 55.87905 ], [ -4.30824, 55.87896 ], [ -4.30834, 55.87873 ], [ -4.3097, 55.8789 ], [ -4.30977, 55.87872 ], [ -4.31092, 55.87885 ], [ -4.31144, 55.87748 ], [ -4.31269, 55.87766 ], [ -4.31262, 55.87789 ], [ -4.31197, 55.87782 ], [ -4.31184, 55.87817 ], [ -4.31309, 55.87841 ], [ -4.3132, 55.8779 ], [ -4.31385, 55.87796 ], [ -4.31391, 55.87841 ], [ -4.31442, 55.87961 ], [ -4.31336, 55.88047 ], [ -4.31261, 55.88058 ], [ -4.31151, 55.88093 ], [ -4.31093, 55.88078 ], [ -4.31089, 55.88056 ], [ -4.31183, 55.88036 ], [ -4.31253, 55.87996 ], [ -4.31198, 55.87978 ], [ -4.3115, 55.88004 ], [ -4.31045, 55.8802 ] ] ] ] } },
{ "type": "Feature", "properties": { "LSOA11_CD": "S01010297", "Neighborhood_Name": "Woodside - 01", "uk_imd2019_LSOA": "S01010297", "uk_imd2019_Rank": "924", "uk_imd2019_SOA_pct": "13", "uk_imd2019_SOA_decile": "2" }, "geometry": { "type": "MultiPolygon", "coordinates": [ [ [ [ -4.25597, 55.87771 ], [ -4.25777, 55.8773 ], [ -4.25863, 55.87701 ], [ -4.25974, 55.87628 ], [ -4.25786, 55.87536 ], [ -4.25742, 55.87502 ], [ -4.25749, 55.87477 ], [ -4.25828, 55.87409 ], [ -4.25774, 55.87136 ], [ -4.2567, 55.87131 ], [ -4.25565, 55.87088 ], [ -4.25496, 55.87109 ], [ -4.25136, 55.87237 ], [ -4.24949, 55.873 ], [ -4.24834, 55.87326 ], [ -4.24677, 55.87341 ], [ -4.24601, 55.87207 ], [ -4.24611, 55.87178 ], [ -4.24758, 55.87091 ], [ -4.24795, 55.87092 ], [ -4.2484, 55.87122 ], [ -4.25031, 55.87027 ], [ -4.25089, 55.87032 ], [ -4.25151, 55.87054 ], [ -4.25156, 55.86952 ], [ -4.25046, 55.8688 ], [ -4.25139, 55.86833 ], [ -4.25333, 55.86814 ], [ -4.25363, 55.86915 ], [ -4.25454, 55.86906 ], [ -4.25489, 55.86985 ], [ -4.25728, 55.86986 ], [ -4.25691, 55.86952 ], [ -4.25675, 55.86896 ], [ -4.25814, 55.86883 ], [ -4.25826, 55.86936 ], [ -4.25756, 55.8694 ], [ -4.25771, 55.86983 ], [ -4.26007, 55.86964 ], [ -4.26017, 55.87005 ], [ -4.26289, 55.86984 ], [ -4.26286, 55.86922 ], [ -4.26203, 55.86893 ], [ -4.26209, 55.86869 ], [ -4.26283, 55.86879 ], [ -4.26311, 55.86861 ], [ -4.26427, 55.8687 ], [ -4.2649, 55.86892 ], [ -4.26508, 55.86846 ], [ -4.26776, 55.86876 ], [ -4.26753, 55.86938 ], [ -4.26765, 55.86951 ], [ -4.2689, 55.87061 ], [ -4.2682, 55.87041 ], [ -4.26779, 55.87082 ], [ -4.26716, 55.87139 ], [ -4.26635, 55.87229 ], [ -4.26583, 55.87208 ], [ -4.26557, 55.87253 ], [ -4.26497, 55.87288 ], [ -4.26465, 55.87255 ], [ -4.26401, 55.87229 ], [ -4.26433, 55.87165 ], [ -4.26309, 55.87146 ], [ -4.26252, 55.87235 ], [ -4.26384, 55.87286 ], [ -4.26303, 55.87329 ], [ -4.26335, 55.87383 ], [ -4.26181, 55.87433 ], [ -4.26165, 55.87427 ], [ -4.26142, 55.87418 ], [ -4.26088, 55.87531 ], [ -4.26122, 55.87544 ], [ -4.26246, 55.87561 ], [ -4.26237, 55.87604 ], [ -4.26175, 55.8765 ], [ -4.26182, 55.87672 ], [ -4.26293, 55.87703 ], [ -4.26276, 55.87748 ], [ -4.26109, 55.87733 ], [ -4.2603, 55.87718 ], [ -4.25963, 55.87731 ], [ -4.25896, 55.8772 ], [ -4.25798, 55.87769 ], [ -4.25626, 55.87781 ], [ -4.25597, 55.87771 ] ] ] ] } },
{ "type": "Feature", "properties": { "LSOA11_CD": "S01010311", "Neighborhood_Name": "Keppochhill - 03", "uk_imd2019_LSOA": "S01010311", "uk_imd2019_Rank": "167", "uk_imd2019_SOA_pct": "2", "uk_imd2019_SOA_decile": "1" }, "geometry": { "type": "MultiPolygon", "coordinates": [ [ [ [ -4.25424, 55.88372 ], [ -4.25426, 55.88224 ], [ -4.25391, 55.88206 ], [ -4.25388, 55.88172 ], [ -4.253, 55.88158 ], [ -4.25299, 55.88224 ], [ -4.25238, 55.88176 ], [ -4.25126, 55.88174 ], [ -4.25127, 55.8815 ], [ -4.25291, 55.88151 ], [ -4.25306, 55.88101 ], [ -4.25393, 55.88096 ], [ -4.25432, 55.88073 ], [ -4.25486, 55.8807 ], [ -4.25662, 55.88062 ], [ -4.25666, 55.88093 ], [ -4.25797, 55.88088 ], [ -4.25803, 55.8811 ], [ -4.26022, 55.88091 ], [ -4.26083, 55.88117 ], [ -4.26265, 55.88105 ], [ -4.26322, 55.88069 ], [ -4.26372, 55.8811 ], [ -4.26369, 55.88185 ], [ -4.2635, 55.88214 ], [ -4.26263, 55.88283 ], [ -4.26227, 55.883 ], [ -4.26227, 55.88339 ], [ -4.26195, 55.88346 ], [ -4.25932, 55.88367 ], [ -4.25731, 55.88389 ], [ -4.25588, 55.88394 ], [ -4.25571, 55.88407 ], [ -4.25491, 55.8838 ], [ -4.25424, 55.88372 ] ] ] ] } },
{ "type": "Feature", "properties": { "LSOA11_CD": "S01010312", "Neighborhood_Name": "Keppochhill - 04", "uk_imd2019_LSOA": "S01010312", "uk_imd2019_Rank": "33", "uk_imd2019_SOA_pct": "0", "uk_imd2019_SOA_decile": "1" }, "geometry": { "type": "MultiPolygon", "coordinates": [ [ [ [ -4.25424, 55.88372 ], [ -4.25491, 55.8838 ], [ -4.25571, 55.88407 ], [ -4.25588, 55.88394 ], [ -4.25731, 55.88389 ], [ -4.25932, 55.88367 ], [ -4.26195, 55.88346 ], [ -4.26227, 55.88339 ], [ -4.26227, 55.883 ], [ -4.26263, 55.88283 ], [ -4.26303, 55.88284 ], [ -4.26306, 55.88319 ], [ -4.26389, 55.88322 ], [ -4.2642, 55.88355 ], [ -4.26445, 55.88436 ], [ -4.26475, 55.88463 ], [ -4.26302, 55.88481 ], [ -4.26233, 55.88574 ], [ -4.26125, 55.8857 ], [ -4.25688, 55.88599 ], [ -4.25622, 55.88487 ], [ -4.25573, 55.88439 ], [ -4.25424, 55.88372 ] ] ] ] } },
{ "type": "Feature", "properties": { "LSOA11_CD": "S01010323", "Neighborhood_Name": "Possil Park - 01", "uk_imd2019_LSOA": "S01010323", "uk_imd2019_Rank": "12", "uk_imd2019_SOA_pct": "0", "uk_imd2019_SOA_decile": "1" }, "geometry": { "type": "MultiPolygon", "coordinates": [ [ [ [ -4.24272, 55.88529 ], [ -4.24274, 55.88503 ], [ -4.24165, 55.88498 ], [ -4.24152, 55.88548 ], [ -4.2407, 55.88544 ], [ -4.24103, 55.88403 ], [ -4.24287, 55.88414 ], [ -4.24285, 55.88428 ], [ -4.24443, 55.88429 ], [ -4.24446, 55.88399 ], [ -4.24601, 55.88401 ], [ -4.24603, 55.88331 ], [ -4.24639, 55.88296 ], [ -4.24687, 55.88297 ], [ -4.24684, 55.88372 ], [ -4.24859, 55.88367 ], [ -4.24956, 55.88371 ], [ -4.25414, 55.88374 ], [ -4.25424, 55.88372 ], [ -4.25414, 55.88511 ], [ -4.254, 55.88547 ], [ -4.25397, 55.88649 ], [ -4.25289, 55.88644 ], [ -4.24954, 55.88636 ], [ -4.24945, 55.88576 ], [ -4.2495, 55.88497 ], [ -4.24697, 55.88492 ], [ -4.24704, 55.8853 ], [ -4.24272, 55.88529 ] ] ] ] } },
{ "type": "Feature", "properties": { "LSOA11_CD": "S01010313", "Neighborhood_Name": "Keppochhill - 05", "uk_imd2019_LSOA": "S01010313", "uk_imd2019_Rank": "118", "uk_imd2019_SOA_pct": "2", "uk_imd2019_SOA_decile": "1" }, "geometry": { "type": "MultiPolygon", "coordinates": [ [ [ [ -4.26263, 55.88283 ], [ -4.2635, 55.88214 ], [ -4.26369, 55.88185 ], [ -4.26372, 55.8811 ], [ -4.26394, 55.87965 ], [ -4.264, 55.87877 ], [ -4.26351, 55.87826 ], [ -4.26294, 55.87812 ], [ -4.25946, 55.87782 ], [ -4.25936, 55.87802 ], [ -4.25859, 55.87797 ], [ -4.25855, 55.87844 ], [ -4.25797, 55.87842 ], [ -4.25798, 55.87769 ], [ -4.25896, 55.8772 ], [ -4.25963, 55.87731 ], [ -4.2603, 55.87718 ], [ -4.26109, 55.87733 ], [ -4.26276, 55.87748 ], [ -4.26293, 55.87703 ], [ -4.26404, 55.87716 ], [ -4.26492, 55.8775 ], [ -4.26645, 55.87822 ], [ -4.267, 55.87855 ], [ -4.26785, 55.87925 ], [ -4.26803, 55.87954 ], [ -4.26806, 55.88037 ], [ -4.2678, 55.88105 ], [ -4.26686, 55.88173 ], [ -4.2666, 55.88217 ], [ -4.26669, 55.88291 ], [ -4.26731, 55.88331 ], [ -4.26739, 55.88369 ], [ -4.26494, 55.88406 ], [ -4.26519, 55.88459 ], [ -4.26475, 55.88463 ], [ -4.26445, 55.88436 ], [ -4.2642, 55.88355 ], [ -4.26389, 55.88322 ], [ -4.26306, 55.88319 ], [ -4.26303, 55.88284 ], [ -4.26263, 55.88283 ] ] ] ] } },
{ "type": "Feature", "properties": { "LSOA11_CD": "S01010314", "Neighborhood_Name": "Keppochhill - 06", "uk_imd2019_LSOA": "S01010314", "uk_imd2019_Rank": "803", "uk_imd2019_SOA_pct": "12", "uk_imd2019_SOA_decile": "2" }, "geometry": { "type": "MultiPolygon", "coordinates": [ [ [ [ -4.26302, 55.88481 ], [ -4.26475, 55.88463 ], [ -4.26519, 55.88459 ], [ -4.26494, 55.88406 ], [ -4.26739, 55.88369 ], [ -4.26731, 55.88331 ], [ -4.26669, 55.88291 ], [ -4.2666, 55.88217 ], [ -4.26686, 55.88173 ], [ -4.2678, 55.88105 ], [ -4.26806, 55.88037 ], [ -4.26803, 55.87954 ], [ -4.26785, 55.87925 ], [ -4.267, 55.87855 ], [ -4.26645, 55.87822 ], [ -4.26492, 55.8775 ], [ -4.26575, 55.87717 ], [ -4.26621, 55.87761 ], [ -4.26712, 55.87787 ], [ -4.26808, 55.87829 ], [ -4.26854, 55.87811 ], [ -4.26896, 55.87841 ], [ -4.26953, 55.87836 ], [ -4.26974, 55.87867 ], [ -4.26893, 55.87876 ], [ -4.26904, 55.87908 ], [ -4.27071, 55.87986 ], [ -4.27051, 55.88017 ], [ -4.27083, 55.88034 ], [ -4.27139, 55.87992 ], [ -4.27217, 55.88006 ], [ -4.27197, 55.87964 ], [ -4.27324, 55.87975 ], [ -4.27387, 55.88 ], [ -4.27395, 55.8804 ], [ -4.27478, 55.88041 ], [ -4.27514, 55.88074 ], [ -4.27564, 55.88059 ], [ -4.27756, 55.88124 ], [ -4.27837, 55.88157 ], [ -4.27801, 55.88176 ], [ -4.27647, 55.88113 ], [ -4.27623, 55.88133 ], [ -4.27503, 55.88113 ], [ -4.27396, 55.88114 ], [ -4.27327, 55.88134 ], [ -4.27274, 55.88163 ], [ -4.27202, 55.88238 ], [ -4.27146, 55.88267 ], [ -4.27163, 55.88287 ], [ -4.27275, 55.88258 ], [ -4.27296, 55.88287 ], [ -4.27214, 55.88307 ], [ -4.27218, 55.88356 ], [ -4.27138, 55.88382 ], [ -4.27113, 55.88355 ], [ -4.26974, 55.88386 ], [ -4.26849, 55.88405 ], [ -4.26876, 55.88458 ], [ -4.26723, 55.88504 ], [ -4.2673, 55.88515 ], [ -4.26675, 55.8852 ], [ -4.26656, 55.8849 ], [ -4.26391, 55.8851 ], [ -4.264, 55.88558 ], [ -4.26345, 55.88563 ], [ -4.26311, 55.88532 ], [ -4.26302, 55.88481 ] ] ] ] } },
{ "type": "Feature", "properties": { "LSOA11_CD": "S01010315", "Neighborhood_Name": "Ruchill - 01", "uk_imd2019_LSOA": "S01010315", "uk_imd2019_Rank": "1805", "uk_imd2019_SOA_pct": "26", "uk_imd2019_SOA_decile": "3" }, "geometry": { "type": "MultiPolygon", "coordinates": [ [ [ [ -4.26999, 55.89034 ], [ -4.26984, 55.88995 ], [ -4.27343, 55.88953 ], [ -4.27411, 55.88918 ], [ -4.27415, 55.88883 ], [ -4.27371, 55.88775 ], [ -4.27433, 55.88794 ], [ -4.27749, 55.88744 ], [ -4.28091, 55.88709 ], [ -4.28104, 55.88845 ], [ -4.28127, 55.88877 ], [ -4.28143, 55.88945 ], [ -4.28193, 55.88993 ], [ -4.2809, 55.89035 ], [ -4.27944, 55.88983 ], [ -4.27718, 55.88923 ], [ -4.27594, 55.88921 ], [ -4.27512, 55.88963 ], [ -4.27468, 55.88944 ], [ -4.2742, 55.88978 ], [ -4.27272, 55.89056 ], [ -4.27193, 55.89001 ], [ -4.27118, 55.89007 ], [ -4.26999, 55.89034 ] ] ] ] } },
{ "type": "Feature", "properties": { "LSOA11_CD": "S01010316", "Neighborhood_Name": "Ruchill - 02", "uk_imd2019_LSOA": "S01010316", "uk_imd2019_Rank": "182", "uk_imd2019_SOA_pct": "3", "uk_imd2019_SOA_decile": "1" }, "geometry": { "type": "MultiPolygon", "coordinates": [ [ [ [ -4.2673, 55.88515 ], [ -4.26723, 55.88504 ], [ -4.26876, 55.88458 ], [ -4.26849, 55.88405 ], [ -4.26974, 55.88386 ], [ -4.27113, 55.88355 ], [ -4.27138, 55.88382 ], [ -4.27218, 55.88356 ], [ -4.27214, 55.88307 ], [ -4.27296, 55.88287 ], [ -4.27392, 55.88264 ], [ -4.2737, 55.88236 ], [ -4.27469, 55.88213 ], [ -4.27519, 55.88217 ], [ -4.27636, 55.8828 ], [ -4.277, 55.88357 ], [ -4.27716, 55.884 ], [ -4.27685, 55.88484 ], [ -4.27609, 55.88555 ], [ -4.2756, 55.88615 ], [ -4.27534, 55.88726 ], [ -4.27649, 55.88714 ], [ -4.27722, 55.88637 ], [ -4.27764, 55.88636 ], [ -4.28067, 55.88684 ], [ -4.28091, 55.88709 ], [ -4.27749, 55.88744 ], [ -4.27433, 55.88794 ], [ -4.27371, 55.88775 ], [ -4.27361, 55.88747 ], [ -4.27163, 55.88786 ], [ -4.27062, 55.88804 ], [ -4.26979, 55.8858 ], [ -4.26796, 55.88593 ], [ -4.26746, 55.88512 ], [ -4.2673, 55.88515 ] ] ] ] } },
{ "type": "Feature", "properties": { "LSOA11_CD": "S01010317", "Neighborhood_Name": "Ruchill - 03", "uk_imd2019_LSOA": "S01010317", "uk_imd2019_Rank": "3133", "uk_imd2019_SOA_pct": "45", "uk_imd2019_SOA_decile": "5" }, "geometry": { "type": "MultiPolygon", "coordinates": [ [ [ [ -4.27623, 55.88133 ], [ -4.27647, 55.88113 ], [ -4.27801, 55.88176 ], [ -4.27837, 55.88157 ], [ -4.27756, 55.88124 ], [ -4.27796, 55.88097 ], [ -4.27952, 55.88163 ], [ -4.27965, 55.88134 ], [ -4.27777, 55.88057 ], [ -4.27836, 55.88035 ], [ -4.27887, 55.88067 ], [ -4.28003, 55.8811 ], [ -4.2814, 55.88119 ], [ -4.28141, 55.88092 ], [ -4.28311, 55.88077 ], [ -4.28391, 55.88037 ], [ -4.28472, 55.88027 ], [ -4.28508, 55.88055 ], [ -4.28483, 55.88078 ], [ -4.2854, 55.88101 ], [ -4.2839, 55.88219 ], [ -4.28437, 55.88287 ], [ -4.28415, 55.88322 ], [ -4.28413, 55.88363 ], [ -4.28351, 55.88414 ], [ -4.28264, 55.88389 ], [ -4.28256, 55.88365 ], [ -4.28204, 55.88337 ], [ -4.28152, 55.88382 ], [ -4.2807, 55.88431 ], [ -4.2803, 55.88394 ], [ -4.27912, 55.88239 ], [ -4.27852, 55.88202 ], [ -4.27795, 55.88227 ], [ -4.27686, 55.8816 ], [ -4.27623, 55.88133 ] ] ] ] } },
{ "type": "Feature", "properties": { "LSOA11_CD": "S01010318", "Neighborhood_Name": "Ruchill - 04", "uk_imd2019_LSOA": "S01010318", "uk_imd2019_Rank": "2174", "uk_imd2019_SOA_pct": "31", "uk_imd2019_SOA_decile": "4" }, "geometry": { "type": "MultiPolygon", "coordinates": [ [ [ [ -4.27296, 55.88287 ], [ -4.27275, 55.88258 ], [ -4.27163, 55.88287 ], [ -4.27146, 55.88267 ], [ -4.27202, 55.88238 ], [ -4.27274, 55.88163 ], [ -4.27327, 55.88134 ], [ -4.27396, 55.88114 ], [ -4.27503, 55.88113 ], [ -4.27623, 55.88133 ], [ -4.27686, 55.8816 ], [ -4.27795, 55.88227 ], [ -4.27852, 55.88202 ], [ -4.27912, 55.88239 ], [ -4.2803, 55.88394 ], [ -4.2807, 55.88431 ], [ -4.28139, 55.88477 ], [ -4.28117, 55.885 ], [ -4.28171, 55.88529 ], [ -4.28128, 55.88555 ], [ -4.28064, 55.88522 ], [ -4.28008, 55.88553 ], [ -4.27931, 55.88569 ], [ -4.27865, 55.88527 ], [ -4.2791, 55.88456 ], [ -4.2783, 55.88449 ], [ -4.27686, 55.88543 ], [ -4.27722, 55.88637 ], [ -4.27649, 55.88714 ], [ -4.27534, 55.88726 ], [ -4.2756, 55.88615 ], [ -4.27609, 55.88555 ], [ -4.27685, 55.88484 ], [ -4.27716, 55.884 ], [ -4.277, 55.88357 ], [ -4.27636, 55.8828 ], [ -4.27519, 55.88217 ], [ -4.27469, 55.88213 ], [ -4.2737, 55.88236 ], [ -4.27392, 55.88264 ], [ -4.27296, 55.88287 ] ] ] ] } },
{ "type": "Feature", "properties": { "LSOA11_CD": "S01010319", "Neighborhood_Name": "Ruchill - 05", "uk_imd2019_LSOA": "S01010319", "uk_imd2019_Rank": "2501", "uk_imd2019_SOA_pct": "36", "uk_imd2019_SOA_decile": "4" }, "geometry": { "type": "MultiPolygon", "coordinates": [ [ [ [ -4.28091, 55.88709 ], [ -4.28067, 55.88684 ], [ -4.27764, 55.88636 ], [ -4.27722, 55.88637 ], [ -4.27686, 55.88543 ], [ -4.2783, 55.88449 ], [ -4.2791, 55.88456 ], [ -4.27865, 55.88527 ], [ -4.27931, 55.88569 ], [ -4.28008, 55.88553 ], [ -4.28064, 55.88522 ], [ -4.28128, 55.88555 ], [ -4.28171, 55.88529 ], [ -4.28117, 55.885 ], [ -4.28139, 55.88477 ], [ -4.2807, 55.88431 ], [ -4.28152, 55.88382 ], [ -4.28204, 55.88337 ], [ -4.28256, 55.88365 ], [ -4.28264, 55.88389 ], [ -4.28351, 55.88414 ], [ -4.28259, 55.88489 ], [ -4.28281, 55.88538 ], [ -4.28471, 55.88658 ], [ -4.28452, 55.88669 ], [ -4.28318, 55.88684 ], [ -4.28261, 55.88691 ], [ -4.28295, 55.88731 ], [ -4.28183, 55.88742 ], [ -4.28113, 55.88732 ], [ -4.28091, 55.88709 ] ] ] ] } },
{ "type": "Feature", "properties": { "LSOA11_CD": "S01010320", "Neighborhood_Name": "Ruchill - 06", "uk_imd2019_LSOA": "S01010320", "uk_imd2019_Rank": "1177", "uk_imd2019_SOA_pct": "17", "uk_imd2019_SOA_decile": "2" }, "geometry": { "type": "MultiPolygon", "coordinates": [ [ [ [ -4.28318, 55.88684 ], [ -4.28452, 55.88669 ], [ -4.28471, 55.88658 ], [ -4.28281, 55.88538 ], [ -4.28259, 55.88489 ], [ -4.28351, 55.88414 ], [ -4.28413, 55.88363 ], [ -4.28415, 55.88322 ], [ -4.28479, 55.88313 ], [ -4.28745, 55.8841 ], [ -4.28759, 55.88438 ], [ -4.28698, 55.88486 ], [ -4.28587, 55.88572 ], [ -4.28637, 55.88591 ], [ -4.28691, 55.88582 ], [ -4.28698, 55.88616 ], [ -4.28526, 55.88652 ], [ -4.28461, 55.88673 ], [ -4.28318, 55.88684 ] ] ] ] } },
{ "type": "Feature", "properties": { "LSOA11_CD": "S01010321", "Neighborhood_Name": "Ruchill - 07", "uk_imd2019_LSOA": "S01010321", "uk_imd2019_Rank": "1356", "uk_imd2019_SOA_pct": "19", "uk_imd2019_SOA_decile": "2" }, "geometry": { "type": "MultiPolygon", "coordinates": [ [ [ [ -4.28193, 55.88993 ], [ -4.28143, 55.88945 ], [ -4.28127, 55.88877 ], [ -4.28104, 55.88845 ], [ -4.28091, 55.88709 ], [ -4.28113, 55.88732 ], [ -4.28183, 55.88742 ], [ -4.28295, 55.88731 ], [ -4.28261, 55.88691 ], [ -4.28318, 55.88684 ], [ -4.28461, 55.88673 ], [ -4.28526, 55.88652 ], [ -4.28698, 55.88616 ], [ -4.28691, 55.88582 ], [ -4.28637, 55.88591 ], [ -4.28587, 55.88572 ], [ -4.28698, 55.88486 ], [ -4.28771, 55.88459 ], [ -4.28801, 55.88514 ], [ -4.28908, 55.88488 ], [ -4.28967, 55.8851 ], [ -4.28873, 55.88535 ], [ -4.28871, 55.88569 ], [ -4.28836, 55.88584 ], [ -4.28852, 55.88618 ], [ -4.28829, 55.88696 ], [ -4.2874, 55.88736 ], [ -4.28626, 55.88775 ], [ -4.28754, 55.88882 ], [ -4.28682, 55.88935 ], [ -4.28607, 55.88912 ], [ -4.28498, 55.88942 ], [ -4.28438, 55.88926 ], [ -4.28406, 55.88951 ], [ -4.28429, 55.89037 ], [ -4.28472, 55.89104 ], [ -4.2851, 55.89142 ], [ -4.28396, 55.89139 ], [ -4.28292, 55.89049 ], [ -4.28193, 55.88993 ] ] ] ] } },
{ "type": "Feature", "properties": { "LSOA11_CD": "S01010337", "Neighborhood_Name": "Milton East - 03", "uk_imd2019_LSOA": "S01010337", "uk_imd2019_Rank": "272", "uk_imd2019_SOA_pct": "4", "uk_imd2019_SOA_decile": "1" }, "geometry": { "type": "MultiPolygon", "coordinates": [ [ [ [ -4.24608, 55.90079 ], [ -4.24694, 55.90046 ], [ -4.2484, 55.90053 ], [ -4.24838, 55.90021 ], [ -4.24896, 55.90003 ], [ -4.24912, 55.89975 ], [ -4.24849, 55.89905 ], [ -4.24847, 55.8987 ], [ -4.24673, 55.89875 ], [ -4.24622, 55.89849 ], [ -4.24672, 55.89814 ], [ -4.24621, 55.89792 ], [ -4.24669, 55.89762 ], [ -4.24714, 55.8979 ], [ -4.24831, 55.89789 ], [ -4.24899, 55.89823 ], [ -4.25007, 55.89824 ], [ -4.25018, 55.89813 ], [ -4.25238, 55.89814 ], [ -4.25251, 55.89838 ], [ -4.25223, 55.89872 ], [ -4.25096, 55.89869 ], [ -4.25154, 55.89899 ], [ -4.25203, 55.89898 ], [ -4.25252, 55.89969 ], [ -4.25238, 55.90022 ], [ -4.25293, 55.90039 ], [ -4.25311, 55.90079 ], [ -4.2524, 55.90129 ], [ -4.25116, 55.90131 ], [ -4.25048, 55.90141 ], [ -4.25051, 55.90166 ], [ -4.24914, 55.90169 ], [ -4.24861, 55.90196 ], [ -4.24666, 55.90172 ], [ -4.24616, 55.90134 ], [ -4.24659, 55.90112 ], [ -4.24608, 55.90079 ] ] ] ] } },
{ "type": "Feature", "properties": { "LSOA11_CD": "S01010322", "Neighborhood_Name": "Ruchill - 08", "uk_imd2019_LSOA": "S01010322", "uk_imd2019_Rank": "5869", "uk_imd2019_SOA_pct": "84", "uk_imd2019_SOA_decile": "9" }, "geometry": { "type": "MultiPolygon", "coordinates": [ [ [ [ -4.28698, 55.88486 ], [ -4.28759, 55.88438 ], [ -4.28745, 55.8841 ], [ -4.28479, 55.88313 ], [ -4.28415, 55.88322 ], [ -4.28437, 55.88287 ], [ -4.2839, 55.88219 ], [ -4.2854, 55.88101 ], [ -4.28646, 55.88145 ], [ -4.28672, 55.88121 ], [ -4.28947, 55.88227 ], [ -4.28982, 55.88254 ], [ -4.29078, 55.88223 ], [ -4.29182, 55.8817 ], [ -4.29203, 55.88127 ], [ -4.29362, 55.88125 ], [ -4.29452, 55.88142 ], [ -4.29448, 55.88176 ], [ -4.29516, 55.88244 ], [ -4.2958, 55.88217 ], [ -4.29614, 55.88242 ], [ -4.29553, 55.88268 ], [ -4.29611, 55.88314 ], [ -4.29425, 55.88327 ], [ -4.29398, 55.88314 ], [ -4.29329, 55.88353 ], [ -4.2927, 55.88331 ], [ -4.29198, 55.88328 ], [ -4.29205, 55.88372 ], [ -4.29124, 55.88488 ], [ -4.2916, 55.88501 ], [ -4.28984, 55.8859 ], [ -4.28947, 55.88607 ], [ -4.28852, 55.88618 ], [ -4.28836, 55.88584 ], [ -4.28871, 55.88569 ], [ -4.28873, 55.88535 ], [ -4.28967, 55.8851 ], [ -4.28908, 55.88488 ], [ -4.28801, 55.88514 ], [ -4.28771, 55.88459 ], [ -4.28698, 55.88486 ] ] ] ] } },
{ "type": "Feature", "properties": { "LSOA11_CD": "S01010324", "Neighborhood_Name": "Possil Park - 02", "uk_imd2019_LSOA": "S01010324", "uk_imd2019_Rank": "448", "uk_imd2019_SOA_pct": "6", "uk_imd2019_SOA_decile": "1" }, "geometry": { "type": "MultiPolygon", "coordinates": [ [ [ [ -4.23845, 55.89501 ], [ -4.23929, 55.89405 ], [ -4.23874, 55.89369 ], [ -4.23881, 55.89349 ], [ -4.23953, 55.89301 ], [ -4.23966, 55.89272 ], [ -4.23952, 55.89231 ], [ -4.23889, 55.89208 ], [ -4.23814, 55.89165 ], [ -4.23858, 55.8901 ], [ -4.24002, 55.88924 ], [ -4.24136, 55.88913 ], [ -4.24198, 55.88921 ], [ -4.24284, 55.88884 ], [ -4.24393, 55.88865 ], [ -4.2444, 55.88863 ], [ -4.24438, 55.88915 ], [ -4.24382, 55.88954 ], [ -4.2452, 55.89002 ], [ -4.24824, 55.89014 ], [ -4.24916, 55.8899 ], [ -4.24935, 55.89047 ], [ -4.24832, 55.89099 ], [ -4.24829, 55.89154 ], [ -4.24825, 55.89232 ], [ -4.24961, 55.8924 ], [ -4.25258, 55.8927 ], [ -4.25238, 55.89333 ], [ -4.24898, 55.89303 ], [ -4.24897, 55.89333 ], [ -4.24734, 55.8933 ], [ -4.2473, 55.89297 ], [ -4.24549, 55.89293 ], [ -4.24452, 55.89303 ], [ -4.24379, 55.8936 ], [ -4.24365, 55.89416 ], [ -4.24183, 55.89466 ], [ -4.24143, 55.89459 ], [ -4.24047, 55.89399 ], [ -4.23928, 55.89475 ], [ -4.23894, 55.89517 ], [ -4.23845, 55.89501 ] ] ] ] } },
{ "type": "Feature", "properties": { "LSOA11_CD": "S01010325", "Neighborhood_Name": "Possil Park - 03", "uk_imd2019_LSOA": "S01010325", "uk_imd2019_Rank": "428", "uk_imd2019_SOA_pct": "6", "uk_imd2019_SOA_decile": "1" }, "geometry": { "type": "MultiPolygon", "coordinates": [ [ [ [ -4.24829, 55.89154 ], [ -4.24832, 55.89099 ], [ -4.24935, 55.89047 ], [ -4.24916, 55.8899 ], [ -4.24824, 55.89014 ], [ -4.2452, 55.89002 ], [ -4.24382, 55.88954 ], [ -4.24438, 55.88915 ], [ -4.2444, 55.88863 ], [ -4.24643, 55.88864 ], [ -4.24847, 55.8888 ], [ -4.24989, 55.88896 ], [ -4.25266, 55.88943 ], [ -4.25605, 55.88992 ], [ -4.25899, 55.89013 ], [ -4.25905, 55.89055 ], [ -4.25773, 55.89076 ], [ -4.25818, 55.89169 ], [ -4.2579, 55.89173 ], [ -4.25549, 55.89167 ], [ -4.25491, 55.89158 ], [ -4.25467, 55.8919 ], [ -4.25358, 55.89167 ], [ -4.25321, 55.89201 ], [ -4.25287, 55.89195 ], [ -4.24829, 55.89154 ] ] ] ] } },
{ "type": "Feature", "properties": { "LSOA11_CD": "S01010326", "Neighborhood_Name": "Possil Park - 04", "uk_imd2019_LSOA": "S01010326", "uk_imd2019_Rank": "14", "uk_imd2019_SOA_pct": "0", "uk_imd2019_SOA_decile": "1" }, "geometry": { "type": "MultiPolygon", "coordinates": [ [ [ [ -4.26177, 55.88845 ], [ -4.26047, 55.88822 ], [ -4.25981, 55.88821 ], [ -4.25927, 55.88778 ], [ -4.25855, 55.88811 ], [ -4.25831, 55.88776 ], [ -4.25788, 55.88785 ], [ -4.25765, 55.88742 ], [ -4.25808, 55.88736 ], [ -4.25791, 55.88686 ], [ -4.25736, 55.8869 ], [ -4.25715, 55.88657 ], [ -4.25626, 55.88657 ], [ -4.25585, 55.88647 ], [ -4.25397, 55.88649 ], [ -4.254, 55.88547 ], [ -4.25414, 55.88511 ], [ -4.25424, 55.88372 ], [ -4.25573, 55.88439 ], [ -4.25622, 55.88487 ], [ -4.25688, 55.88599 ], [ -4.26125, 55.8857 ], [ -4.26233, 55.88574 ], [ -4.26302, 55.88481 ], [ -4.26311, 55.88532 ], [ -4.26345, 55.88563 ], [ -4.264, 55.88558 ], [ -4.26391, 55.8851 ], [ -4.26656, 55.8849 ], [ -4.26675, 55.8852 ], [ -4.2673, 55.88515 ], [ -4.26746, 55.88512 ], [ -4.26796, 55.88593 ], [ -4.26979, 55.8858 ], [ -4.27062, 55.88804 ], [ -4.27163, 55.88786 ], [ -4.27211, 55.88808 ], [ -4.27241, 55.88878 ], [ -4.27119, 55.8889 ], [ -4.27141, 55.88858 ], [ -4.27129, 55.88823 ], [ -4.27073, 55.88828 ], [ -4.2696, 55.88864 ], [ -4.2695, 55.88896 ], [ -4.26976, 55.88976 ], [ -4.26779, 55.88993 ], [ -4.26763, 55.88942 ], [ -4.2672, 55.88969 ], [ -4.26672, 55.88955 ], [ -4.26648, 55.88903 ], [ -4.26791, 55.8889 ], [ -4.26776, 55.8886 ], [ -4.26693, 55.88871 ], [ -4.26537, 55.88872 ], [ -4.26398, 55.88856 ], [ -4.2638, 55.88885 ], [ -4.26177, 55.88845 ] ] ] ] } },
{ "type": "Feature", "properties": { "LSOA11_CD": "S01010327", "Neighborhood_Name": "Possil Park - 05", "uk_imd2019_LSOA": "S01010327", "uk_imd2019_Rank": "790", "uk_imd2019_SOA_pct": "11", "uk_imd2019_SOA_decile": "2" }, "geometry": { "type": "MultiPolygon", "coordinates": [ [ [ [ -4.26351, 55.89056 ], [ -4.2638, 55.89009 ], [ -4.26159, 55.8896 ], [ -4.26119, 55.88943 ], [ -4.26177, 55.88845 ], [ -4.2638, 55.88885 ], [ -4.26398, 55.88856 ], [ -4.26537, 55.88872 ], [ -4.26693, 55.88871 ], [ -4.26776, 55.8886 ], [ -4.26791, 55.8889 ], [ -4.26648, 55.88903 ], [ -4.26672, 55.88955 ], [ -4.2672, 55.88969 ], [ -4.26763, 55.88942 ], [ -4.26779, 55.88993 ], [ -4.26976, 55.88976 ], [ -4.2695, 55.88896 ], [ -4.2696, 55.88864 ], [ -4.27073, 55.88828 ], [ -4.27129, 55.88823 ], [ -4.27141, 55.88858 ], [ -4.27119, 55.8889 ], [ -4.27241, 55.88878 ], [ -4.27211, 55.88808 ], [ -4.27163, 55.88786 ], [ -4.27361, 55.88747 ], [ -4.27371, 55.88775 ], [ -4.27415, 55.88883 ], [ -4.27411, 55.88918 ], [ -4.27343, 55.88953 ], [ -4.26984, 55.88995 ], [ -4.26999, 55.89034 ], [ -4.27026, 55.8911 ], [ -4.26772, 55.89097 ], [ -4.26756, 55.89137 ], [ -4.2661, 55.89103 ], [ -4.26351, 55.89056 ] ] ] ] } },
{ "type": "Feature", "properties": { "LSOA11_CD": "S01010328", "Neighborhood_Name": "Possil Park - 06", "uk_imd2019_LSOA": "S01010328", "uk_imd2019_Rank": "1867", "uk_imd2019_SOA_pct": "27", "uk_imd2019_SOA_decile": "3" }, "geometry": { "type": "MultiPolygon", "coordinates": [ [ [ [ -4.25899, 55.89013 ], [ -4.25605, 55.88992 ], [ -4.25266, 55.88943 ], [ -4.24989, 55.88896 ], [ -4.24847, 55.8888 ], [ -4.24643, 55.88864 ], [ -4.2444, 55.88863 ], [ -4.24393, 55.88865 ], [ -4.24291, 55.88855 ], [ -4.24169, 55.88824 ], [ -4.24113, 55.88801 ], [ -4.24051, 55.88753 ], [ -4.24019, 55.88712 ], [ -4.24241, 55.88693 ], [ -4.24272, 55.88529 ], [ -4.24704, 55.8853 ], [ -4.24697, 55.88492 ], [ -4.2495, 55.88497 ], [ -4.24945, 55.88576 ], [ -4.24954, 55.88636 ], [ -4.25289, 55.88644 ], [ -4.25397, 55.88649 ], [ -4.25585, 55.88647 ], [ -4.25626, 55.88657 ], [ -4.25715, 55.88657 ], [ -4.25736, 55.8869 ], [ -4.25791, 55.88686 ], [ -4.25808, 55.88736 ], [ -4.25765, 55.88742 ], [ -4.25788, 55.88785 ], [ -4.25831, 55.88776 ], [ -4.25855, 55.88811 ], [ -4.25927, 55.88778 ], [ -4.25981, 55.88821 ], [ -4.26047, 55.88822 ], [ -4.26177, 55.88845 ], [ -4.26119, 55.88943 ], [ -4.26159, 55.8896 ], [ -4.2638, 55.89009 ], [ -4.26351, 55.89056 ], [ -4.26233, 55.8904 ], [ -4.25899, 55.89013 ] ] ] ] } },
{ "type": "Feature", "properties": { "LSOA11_CD": "S01010329", "Neighborhood_Name": "Possil Park - 07", "uk_imd2019_LSOA": "S01010329", "uk_imd2019_Rank": "1717", "uk_imd2019_SOA_pct": "25", "uk_imd2019_SOA_decile": "3" }, "geometry": { "type": "MultiPolygon", "coordinates": [ [ [ [ -4.2819, 55.89337 ], [ -4.28153, 55.89329 ], [ -4.27859, 55.89299 ], [ -4.27711, 55.89259 ], [ -4.27553, 55.89271 ], [ -4.27484, 55.89259 ], [ -4.27427, 55.89266 ], [ -4.27313, 55.89318 ], [ -4.27147, 55.89246 ], [ -4.27066, 55.89225 ], [ -4.27026, 55.8911 ], [ -4.26999, 55.89034 ], [ -4.27118, 55.89007 ], [ -4.27193, 55.89001 ], [ -4.27272, 55.89056 ], [ -4.2742, 55.88978 ], [ -4.27468, 55.88944 ], [ -4.27512, 55.88963 ], [ -4.27594, 55.88921 ], [ -4.27718, 55.88923 ], [ -4.27944, 55.88983 ], [ -4.2809, 55.89035 ], [ -4.28193, 55.88993 ], [ -4.28292, 55.89049 ], [ -4.28396, 55.89139 ], [ -4.2851, 55.89142 ], [ -4.28563, 55.89184 ], [ -4.28603, 55.89246 ], [ -4.28349, 55.89321 ], [ -4.28321, 55.89332 ], [ -4.2819, 55.89337 ] ] ] ] } },
{ "type": "Feature", "properties": { "LSOA11_CD": "S01010330", "Neighborhood_Name": "Milton West - 01", "uk_imd2019_LSOA": "S01010330", "uk_imd2019_Rank": "70", "uk_imd2019_SOA_pct": "1", "uk_imd2019_SOA_decile": "1" }, "geometry": { "type": "MultiPolygon", "coordinates": [ [ [ [ -4.24669, 55.89762 ], [ -4.24501, 55.89764 ], [ -4.24499, 55.89734 ], [ -4.24426, 55.89734 ], [ -4.24443, 55.89667 ], [ -4.24493, 55.89666 ], [ -4.24666, 55.89662 ], [ -4.24667, 55.89694 ], [ -4.24934, 55.89692 ], [ -4.25172, 55.89694 ], [ -4.25463, 55.89708 ], [ -4.25467, 55.89781 ], [ -4.25486, 55.89826 ], [ -4.25358, 55.89831 ], [ -4.25318, 55.89863 ], [ -4.25262, 55.89866 ], [ -4.25203, 55.89898 ], [ -4.25154, 55.89899 ], [ -4.25096, 55.89869 ], [ -4.25223, 55.89872 ], [ -4.25251, 55.89838 ], [ -4.25238, 55.89814 ], [ -4.25018, 55.89813 ], [ -4.25007, 55.89824 ], [ -4.24899, 55.89823 ], [ -4.24831, 55.89789 ], [ -4.24714, 55.8979 ], [ -4.24669, 55.89762 ] ] ] ] } },
{ "type": "Feature", "properties": { "LSOA11_CD": "S01010331", "Neighborhood_Name": "Milton West - 02", "uk_imd2019_LSOA": "S01010331", "uk_imd2019_Rank": "183", "uk_imd2019_SOA_pct": "3", "uk_imd2019_SOA_decile": "1" }, "geometry": { "type": "MultiPolygon", "coordinates": [ [ [ [ -4.2564, 55.89369 ], [ -4.25547, 55.89368 ], [ -4.25314, 55.89348 ], [ -4.25238, 55.89333 ], [ -4.25258, 55.8927 ], [ -4.24961, 55.8924 ], [ -4.24825, 55.89232 ], [ -4.24829, 55.89154 ], [ -4.25287, 55.89195 ], [ -4.25321, 55.89201 ], [ -4.25358, 55.89167 ], [ -4.25467, 55.8919 ], [ -4.25491, 55.89158 ], [ -4.25549, 55.89167 ], [ -4.2579, 55.89173 ], [ -4.25818, 55.89169 ], [ -4.25773, 55.89076 ], [ -4.25905, 55.89055 ], [ -4.25912, 55.89085 ], [ -4.26027, 55.89102 ], [ -4.26019, 55.89117 ], [ -4.25938, 55.89131 ], [ -4.26038, 55.89335 ], [ -4.26119, 55.89472 ], [ -4.26204, 55.89524 ], [ -4.26208, 55.8957 ], [ -4.26152, 55.89593 ], [ -4.26128, 55.89551 ], [ -4.26034, 55.8946 ], [ -4.25981, 55.89432 ], [ -4.26002, 55.89411 ], [ -4.25981, 55.8937 ], [ -4.2564, 55.89369 ] ] ] ] } },
{ "type": "Feature", "properties": { "LSOA11_CD": "S01010332", "Neighborhood_Name": "Milton West - 03", "uk_imd2019_LSOA": "S01010332", "uk_imd2019_Rank": "68", "uk_imd2019_SOA_pct": "1", "uk_imd2019_SOA_decile": "1" }, "geometry": { "type": "MultiPolygon", "coordinates": [ [ [ [ -4.25486, 55.89826 ], [ -4.25467, 55.89781 ], [ -4.25463, 55.89708 ], [ -4.25172, 55.89694 ], [ -4.24934, 55.89692 ], [ -4.24667, 55.89694 ], [ -4.24666, 55.89662 ], [ -4.24493, 55.89666 ], [ -4.24501, 55.8952 ], [ -4.24571, 55.8952 ], [ -4.24559, 55.89557 ], [ -4.24649, 55.896 ], [ -4.24654, 55.89496 ], [ -4.24916, 55.89521 ], [ -4.24948, 55.89519 ], [ -4.25002, 55.89466 ], [ -4.24964, 55.89459 ], [ -4.24551, 55.89433 ], [ -4.24365, 55.89416 ], [ -4.24379, 55.8936 ], [ -4.24452, 55.89303 ], [ -4.24549, 55.89293 ], [ -4.2473, 55.89297 ], [ -4.24734, 55.8933 ], [ -4.24897, 55.89333 ], [ -4.24898, 55.89303 ], [ -4.25238, 55.89333 ], [ -4.25314, 55.89348 ], [ -4.25547, 55.89368 ], [ -4.2564, 55.89369 ], [ -4.25649, 55.89411 ], [ -4.25707, 55.89537 ], [ -4.25832, 55.89515 ], [ -4.25845, 55.89548 ], [ -4.25967, 55.89639 ], [ -4.25965, 55.89653 ], [ -4.25757, 55.89736 ], [ -4.25776, 55.89757 ], [ -4.25699, 55.89864 ], [ -4.25655, 55.89847 ], [ -4.25486, 55.89826 ] ] ] ] } },
{ "type": "Feature", "properties": { "LSOA11_CD": "S01010333", "Neighborhood_Name": "Milton West - 04", "uk_imd2019_LSOA": "S01010333", "uk_imd2019_Rank": "323", "uk_imd2019_SOA_pct": "5", "uk_imd2019_SOA_decile": "1" }, "geometry": { "type": "MultiPolygon", "coordinates": [ [ [ [ -4.26204, 55.89524 ], [ -4.26119, 55.89472 ], [ -4.26038, 55.89335 ], [ -4.25938, 55.89131 ], [ -4.26019, 55.89117 ], [ -4.26027, 55.89102 ], [ -4.25912, 55.89085 ], [ -4.25905, 55.89055 ], [ -4.25899, 55.89013 ], [ -4.26233, 55.8904 ], [ -4.26351, 55.89056 ], [ -4.2661, 55.89103 ], [ -4.26756, 55.89137 ], [ -4.26772, 55.89097 ], [ -4.27026, 55.8911 ], [ -4.27066, 55.89225 ], [ -4.27147, 55.89246 ], [ -4.27313, 55.89318 ], [ -4.27257, 55.89348 ], [ -4.27161, 55.89384 ], [ -4.27035, 55.89412 ], [ -4.26965, 55.89457 ], [ -4.26885, 55.89459 ], [ -4.26629, 55.89478 ], [ -4.26664, 55.89576 ], [ -4.26535, 55.89607 ], [ -4.26458, 55.89574 ], [ -4.26204, 55.89524 ] ] ] ] } },
{ "type": "Feature", "properties": { "LSOA11_CD": "S01010358", "Neighborhood_Name": "Wyndford - 01", "uk_imd2019_LSOA": "S01010358", "uk_imd2019_Rank": "128", "uk_imd2019_SOA_pct": "2", "uk_imd2019_SOA_decile": "1" }, "geometry": { "type": "MultiPolygon", "coordinates": [ [ [ [ -4.29082, 55.88833 ], [ -4.28875, 55.88818 ], [ -4.28878, 55.88792 ], [ -4.28791, 55.88786 ], [ -4.28787, 55.88763 ], [ -4.2874, 55.88736 ], [ -4.28829, 55.88696 ], [ -4.28852, 55.88618 ], [ -4.28947, 55.88607 ], [ -4.28984, 55.8859 ], [ -4.29022, 55.88602 ], [ -4.29011, 55.88635 ], [ -4.29041, 55.88657 ], [ -4.29178, 55.88667 ], [ -4.29192, 55.88727 ], [ -4.29266, 55.8875 ], [ -4.29261, 55.88801 ], [ -4.29238, 55.88854 ], [ -4.29117, 55.88848 ], [ -4.29082, 55.88833 ] ] ] ] } },
{ "type": "Feature", "properties": { "LSOA11_CD": "S01010359", "Neighborhood_Name": "Wyndford - 02", "uk_imd2019_LSOA": "S01010359", "uk_imd2019_Rank": "135", "uk_imd2019_SOA_pct": "2", "uk_imd2019_SOA_decile": "1" }, "geometry": { "type": "MultiPolygon", "coordinates": [ [ [ [ -4.2851, 55.89142 ], [ -4.28472, 55.89104 ], [ -4.28429, 55.89037 ], [ -4.28406, 55.88951 ], [ -4.28438, 55.88926 ], [ -4.28498, 55.88942 ], [ -4.28607, 55.88912 ], [ -4.28682, 55.88935 ], [ -4.28754, 55.88882 ], [ -4.28626, 55.88775 ], [ -4.2874, 55.88736 ], [ -4.28787, 55.88763 ], [ -4.28791, 55.88786 ], [ -4.28878, 55.88792 ], [ -4.28875, 55.88818 ], [ -4.29082, 55.88833 ], [ -4.29065, 55.88901 ], [ -4.29106, 55.88918 ], [ -4.29107, 55.88952 ], [ -4.29201, 55.88953 ], [ -4.29209, 55.89013 ], [ -4.29007, 55.89034 ], [ -4.29024, 55.89078 ], [ -4.28999, 55.89061 ], [ -4.28934, 55.89087 ], [ -4.28864, 55.89064 ], [ -4.28721, 55.89038 ], [ -4.28636, 55.8905 ], [ -4.28678, 55.8917 ], [ -4.28563, 55.89184 ], [ -4.2851, 55.89142 ] ] ] ] } },
{ "type": "Feature", "properties": { "LSOA11_CD": "S01010334", "Neighborhood_Name": "Milton West - 05", "uk_imd2019_LSOA": "S01010334", "uk_imd2019_Rank": "1450", "uk_imd2019_SOA_pct": "21", "uk_imd2019_SOA_decile": "3" }, "geometry": { "type": "MultiPolygon", "coordinates": [ [ [ [ -4.25311, 55.90079 ], [ -4.25293, 55.90039 ], [ -4.25238, 55.90022 ], [ -4.25252, 55.89969 ], [ -4.25203, 55.89898 ], [ -4.25262, 55.89866 ], [ -4.25318, 55.89863 ], [ -4.25358, 55.89831 ], [ -4.25486, 55.89826 ], [ -4.25655, 55.89847 ], [ -4.25699, 55.89864 ], [ -4.25776, 55.89757 ], [ -4.25757, 55.89736 ], [ -4.25965, 55.89653 ], [ -4.25967, 55.89639 ], [ -4.25845, 55.89548 ], [ -4.25832, 55.89515 ], [ -4.25707, 55.89537 ], [ -4.25649, 55.89411 ], [ -4.2564, 55.89369 ], [ -4.25981, 55.8937 ], [ -4.26002, 55.89411 ], [ -4.25981, 55.89432 ], [ -4.26034, 55.8946 ], [ -4.26128, 55.89551 ], [ -4.26152, 55.89593 ], [ -4.26208, 55.8957 ], [ -4.26204, 55.89524 ], [ -4.26458, 55.89574 ], [ -4.26535, 55.89607 ], [ -4.26664, 55.89576 ], [ -4.26629, 55.89478 ], [ -4.26885, 55.89459 ], [ -4.26965, 55.89457 ], [ -4.26951, 55.895 ], [ -4.27013, 55.896 ], [ -4.26983, 55.89639 ], [ -4.26892, 55.89675 ], [ -4.26806, 55.89682 ], [ -4.26669, 55.89678 ], [ -4.26587, 55.89684 ], [ -4.26593, 55.89713 ], [ -4.26596, 55.89728 ], [ -4.26497, 55.89748 ], [ -4.26439, 55.89716 ], [ -4.26349, 55.89764 ], [ -4.26326, 55.89812 ], [ -4.26333, 55.89857 ], [ -4.26322, 55.89908 ], [ -4.26236, 55.89947 ], [ -4.26143, 55.90017 ], [ -4.261, 55.90109 ], [ -4.26109, 55.90213 ], [ -4.26001, 55.90218 ], [ -4.25999, 55.90157 ], [ -4.25506, 55.90152 ], [ -4.25513, 55.90106 ], [ -4.2546, 55.90073 ], [ -4.25391, 55.90098 ], [ -4.25311, 55.90079 ] ] ] ] } },
{ "type": "Feature", "properties": { "LSOA11_CD": "S01010335", "Neighborhood_Name": "Milton East - 01", "uk_imd2019_LSOA": "S01010335", "uk_imd2019_Rank": "430", "uk_imd2019_SOA_pct": "6", "uk_imd2019_SOA_decile": "1" }, "geometry": { "type": "MultiPolygon", "coordinates": [ [ [ [ -4.23641, 55.89901 ], [ -4.23633, 55.89826 ], [ -4.23553, 55.89744 ], [ -4.23632, 55.89679 ], [ -4.23845, 55.89501 ], [ -4.23894, 55.89517 ], [ -4.23928, 55.89475 ], [ -4.24047, 55.89399 ], [ -4.24143, 55.89459 ], [ -4.24183, 55.89466 ], [ -4.24365, 55.89416 ], [ -4.24551, 55.89433 ], [ -4.24964, 55.89459 ], [ -4.25002, 55.89466 ], [ -4.24948, 55.89519 ], [ -4.24916, 55.89521 ], [ -4.24654, 55.89496 ], [ -4.24649, 55.896 ], [ -4.24559, 55.89557 ], [ -4.24571, 55.8952 ], [ -4.24501, 55.8952 ], [ -4.24493, 55.89666 ], [ -4.24443, 55.89667 ], [ -4.24426, 55.89734 ], [ -4.24201, 55.89741 ], [ -4.24205, 55.89757 ], [ -4.24046, 55.89757 ], [ -4.24047, 55.89799 ], [ -4.23916, 55.89794 ], [ -4.23873, 55.89776 ], [ -4.23765, 55.89773 ], [ -4.23724, 55.89872 ], [ -4.23768, 55.89895 ], [ -4.23727, 55.89924 ], [ -4.23641, 55.89901 ] ] ] ] } },
{ "type": "Feature", "properties": { "LSOA11_CD": "S01010336", "Neighborhood_Name": "Milton East - 02", "uk_imd2019_LSOA": "S01010336", "uk_imd2019_Rank": "48", "uk_imd2019_SOA_pct": "1", "uk_imd2019_SOA_decile": "1" }, "geometry": { "type": "MultiPolygon", "coordinates": [ [ [ [ -4.24097, 55.90109 ], [ -4.2421, 55.90083 ], [ -4.24379, 55.90079 ], [ -4.24608, 55.90079 ], [ -4.24659, 55.90112 ], [ -4.24616, 55.90134 ], [ -4.24666, 55.90172 ], [ -4.24861, 55.90196 ], [ -4.24914, 55.90169 ], [ -4.24969, 55.90198 ], [ -4.25126, 55.90196 ], [ -4.25126, 55.90212 ], [ -4.25188, 55.90252 ], [ -4.25072, 55.90258 ], [ -4.25089, 55.9029 ], [ -4.24928, 55.90262 ], [ -4.24937, 55.90234 ], [ -4.24795, 55.90219 ], [ -4.24581, 55.90192 ], [ -4.24517, 55.90178 ], [ -4.24504, 55.90204 ], [ -4.24262, 55.90194 ], [ -4.24097, 55.90192 ], [ -4.24097, 55.90109 ] ] ] ] } },
{ "type": "Feature", "properties": { "LSOA11_CD": "S01010338", "Neighborhood_Name": "Milton East - 04", "uk_imd2019_LSOA": "S01010338", "uk_imd2019_Rank": "122", "uk_imd2019_SOA_pct": "2", "uk_imd2019_SOA_decile": "1" }, "geometry": { "type": "MultiPolygon", "coordinates": [ [ [ [ -4.24379, 55.90079 ], [ -4.24455, 55.90047 ], [ -4.24405, 55.89949 ], [ -4.24341, 55.89945 ], [ -4.24377, 55.89901 ], [ -4.24369, 55.89859 ], [ -4.24312, 55.89887 ], [ -4.24118, 55.89887 ], [ -4.24059, 55.89915 ], [ -4.23979, 55.89893 ], [ -4.2398, 55.89825 ], [ -4.23939, 55.89824 ], [ -4.23916, 55.89794 ], [ -4.24047, 55.89799 ], [ -4.24046, 55.89757 ], [ -4.24205, 55.89757 ], [ -4.24201, 55.89741 ], [ -4.24426, 55.89734 ], [ -4.24499, 55.89734 ], [ -4.24501, 55.89764 ], [ -4.24669, 55.89762 ], [ -4.24621, 55.89792 ], [ -4.24672, 55.89814 ], [ -4.24622, 55.89849 ], [ -4.24673, 55.89875 ], [ -4.24847, 55.8987 ], [ -4.24849, 55.89905 ], [ -4.24912, 55.89975 ], [ -4.24896, 55.90003 ], [ -4.24838, 55.90021 ], [ -4.2484, 55.90053 ], [ -4.24694, 55.90046 ], [ -4.24608, 55.90079 ], [ -4.24379, 55.90079 ] ] ] ] } },
{ "type": "Feature", "properties": { "LSOA11_CD": "S01010339", "Neighborhood_Name": "Milton East - 05", "uk_imd2019_LSOA": "S01010339", "uk_imd2019_Rank": "1314", "uk_imd2019_SOA_pct": "19", "uk_imd2019_SOA_decile": "2" }, "geometry": { "type": "MultiPolygon", "coordinates": [ [ [ [ -4.23712, 55.90062 ], [ -4.23647, 55.89942 ], [ -4.23641, 55.89901 ], [ -4.23727, 55.89924 ], [ -4.23768, 55.89895 ], [ -4.23724, 55.89872 ], [ -4.23765, 55.89773 ], [ -4.23873, 55.89776 ], [ -4.23916, 55.89794 ], [ -4.23939, 55.89824 ], [ -4.2398, 55.89825 ], [ -4.23979, 55.89893 ], [ -4.24059, 55.89915 ], [ -4.24118, 55.89887 ], [ -4.24312, 55.89887 ], [ -4.24369, 55.89859 ], [ -4.24377, 55.89901 ], [ -4.24341, 55.89945 ], [ -4.24405, 55.89949 ], [ -4.24455, 55.90047 ], [ -4.24379, 55.90079 ], [ -4.2421, 55.90083 ], [ -4.24097, 55.90109 ], [ -4.23918, 55.90152 ], [ -4.23845, 55.90164 ], [ -4.23804, 55.90163 ], [ -4.23755, 55.90137 ], [ -4.23712, 55.90062 ] ] ] ] } },
{ "type": "Feature", "properties": { "LSOA11_CD": "S01010341", "Neighborhood_Name": "Summerston Central and West - 02", "uk_imd2019_LSOA": "S01010341", "uk_imd2019_Rank": "2903", "uk_imd2019_SOA_pct": "42", "uk_imd2019_SOA_decile": "5" }, "geometry": { "type": "MultiPolygon", "coordinates": [ [ [ [ -4.28688, 55.90469 ], [ -4.28626, 55.90438 ], [ -4.28605, 55.90409 ], [ -4.28477, 55.90418 ], [ -4.28544, 55.90229 ], [ -4.28553, 55.90173 ], [ -4.28585, 55.90167 ], [ -4.28559, 55.90117 ], [ -4.28667, 55.90099 ], [ -4.28747, 55.90178 ], [ -4.28799, 55.90254 ], [ -4.28902, 55.90233 ], [ -4.29016, 55.90265 ], [ -4.2896, 55.90346 ], [ -4.28966, 55.90396 ], [ -4.28898, 55.90553 ], [ -4.28688, 55.90469 ] ] ] ] } },
{ "type": "Feature", "properties": { "LSOA11_CD": "S01010342", "Neighborhood_Name": "Summerston Central and West - 03", "uk_imd2019_LSOA": "S01010342", "uk_imd2019_Rank": "4152", "uk_imd2019_SOA_pct": "60", "uk_imd2019_SOA_decile": "6" }, "geometry": { "type": "MultiPolygon", "coordinates": [ [ [ [ -4.28417, 55.90004 ], [ -4.28436, 55.90027 ], [ -4.28685, 55.89996 ], [ -4.28736, 55.89942 ], [ -4.28801, 55.89961 ], [ -4.28839, 55.90004 ], [ -4.28886, 55.89984 ], [ -4.28996, 55.90088 ], [ -4.29075, 55.90129 ], [ -4.28955, 55.90212 ], [ -4.28902, 55.90233 ], [ -4.28799, 55.90254 ], [ -4.28747, 55.90178 ], [ -4.28667, 55.90099 ], [ -4.28559, 55.90117 ], [ -4.28585, 55.90167 ], [ -4.28553, 55.90173 ], [ -4.28544, 55.90229 ], [ -4.28486, 55.90227 ], [ -4.28469, 55.90269 ], [ -4.28406, 55.90263 ], [ -4.28404, 55.90295 ], [ -4.28337, 55.90316 ], [ -4.28277, 55.90308 ], [ -4.28168, 55.9042 ], [ -4.27967, 55.90462 ], [ -4.27951, 55.90378 ], [ -4.28305, 55.90284 ], [ -4.28322, 55.90167 ], [ -4.28284, 55.90051 ], [ -4.28417, 55.90004 ] ] ] ] } },
{ "type": "Feature", "properties": { "LSOA11_CD": "S01010343", "Neighborhood_Name": "Summerston Central and West - 04", "uk_imd2019_LSOA": "S01010343", "uk_imd2019_Rank": "4658", "uk_imd2019_SOA_pct": "67", "uk_imd2019_SOA_decile": "7" }, "geometry": { "type": "MultiPolygon", "coordinates": [ [ [ [ -4.27967, 55.90462 ], [ -4.28168, 55.9042 ], [ -4.28277, 55.90308 ], [ -4.28337, 55.90316 ], [ -4.28404, 55.90295 ], [ -4.28406, 55.90263 ], [ -4.28469, 55.90269 ], [ -4.28486, 55.90227 ], [ -4.28544, 55.90229 ], [ -4.28477, 55.90418 ], [ -4.28605, 55.90409 ], [ -4.28626, 55.90438 ], [ -4.28688, 55.90469 ], [ -4.28563, 55.90555 ], [ -4.28576, 55.90597 ], [ -4.28675, 55.90616 ], [ -4.28665, 55.9065 ], [ -4.28496, 55.90649 ], [ -4.28373, 55.90655 ], [ -4.28006, 55.90636 ], [ -4.27967, 55.90462 ] ] ] ] } },
{ "type": "Feature", "properties": { "LSOA11_CD": "S01010344", "Neighborhood_Name": "Summerston Central and West - 05", "uk_imd2019_LSOA": "S01010344", "uk_imd2019_Rank": "37", "uk_imd2019_SOA_pct": "1", "uk_imd2019_SOA_decile": "1" }, "geometry": { "type": "MultiPolygon", "coordinates": [ [ [ [ -4.25089, 55.9029 ], [ -4.25072, 55.90258 ], [ -4.25188, 55.90252 ], [ -4.25126, 55.90212 ], [ -4.25126, 55.90196 ], [ -4.24969, 55.90198 ], [ -4.24914, 55.90169 ], [ -4.25051, 55.90166 ], [ -4.25048, 55.90141 ], [ -4.25116, 55.90131 ], [ -4.2524, 55.90129 ], [ -4.25311, 55.90079 ], [ -4.25391, 55.90098 ], [ -4.2546, 55.90073 ], [ -4.25513, 55.90106 ], [ -4.25506, 55.90152 ], [ -4.25999, 55.90157 ], [ -4.26001, 55.90218 ], [ -4.26109, 55.90213 ], [ -4.26104, 55.90227 ], [ -4.26146, 55.90343 ], [ -4.26119, 55.90424 ], [ -4.25704, 55.90702 ], [ -4.25671, 55.90697 ], [ -4.25643, 55.9066 ], [ -4.25329, 55.90415 ], [ -4.25205, 55.90343 ], [ -4.25089, 55.9029 ] ] ] ] } },
{ "type": "Feature", "properties": { "LSOA11_CD": "S01010361", "Neighborhood_Name": "Wyndford - 04", "uk_imd2019_LSOA": "S01010361", "uk_imd2019_Rank": "103", "uk_imd2019_SOA_pct": "1", "uk_imd2019_SOA_decile": "1" }, "geometry": { "type": "MultiPolygon", "coordinates": [ [ [ [ -4.29774, 55.8921 ], [ -4.29857, 55.89209 ], [ -4.29877, 55.89107 ], [ -4.29838, 55.89008 ], [ -4.2971, 55.8893 ], [ -4.29642, 55.88898 ], [ -4.29582, 55.88906 ], [ -4.29512, 55.88879 ], [ -4.29443, 55.88907 ], [ -4.29341, 55.88934 ], [ -4.29359, 55.88868 ], [ -4.29306, 55.88864 ], [ -4.29272, 55.88917 ], [ -4.29106, 55.88918 ], [ -4.29065, 55.88901 ], [ -4.29082, 55.88833 ], [ -4.29117, 55.88848 ], [ -4.29238, 55.88854 ], [ -4.29261, 55.88801 ], [ -4.29337, 55.88807 ], [ -4.29348, 55.88748 ], [ -4.2944, 55.88714 ], [ -4.29547, 55.88766 ], [ -4.2972, 55.88666 ], [ -4.29807, 55.88714 ], [ -4.29846, 55.88753 ], [ -4.29846, 55.88797 ], [ -4.29876, 55.88932 ], [ -4.29894, 55.88967 ], [ -4.29989, 55.89087 ], [ -4.29906, 55.89163 ], [ -4.30098, 55.89254 ], [ -4.29972, 55.89306 ], [ -4.29853, 55.89332 ], [ -4.29854, 55.89287 ], [ -4.29786, 55.89291 ], [ -4.29774, 55.8921 ] ] ] ] } },
{ "type": "Feature", "properties": { "LSOA11_CD": "S01010345", "Neighborhood_Name": "Summerston Central and West - 06", "uk_imd2019_LSOA": "S01010345", "uk_imd2019_Rank": "5150", "uk_imd2019_SOA_pct": "74", "uk_imd2019_SOA_decile": "8" }, "geometry": { "type": "MultiPolygon", "coordinates": [ [ [ [ -4.25616, 55.91405 ], [ -4.25551, 55.91301 ], [ -4.2513, 55.91119 ], [ -4.25105, 55.91097 ], [ -4.2531, 55.90984 ], [ -4.25161, 55.90873 ], [ -4.25121, 55.90873 ], [ -4.24935, 55.90898 ], [ -4.24947, 55.90814 ], [ -4.24862, 55.90735 ], [ -4.24911, 55.90648 ], [ -4.24869, 55.90612 ], [ -4.24672, 55.90362 ], [ -4.24623, 55.9035 ], [ -4.24554, 55.90368 ], [ -4.24118, 55.90418 ], [ -4.24114, 55.90425 ], [ -4.241, 55.90458 ], [ -4.23766, 55.90472 ], [ -4.23742, 55.90395 ], [ -4.23704, 55.90206 ], [ -4.23833, 55.90183 ], [ -4.23845, 55.90164 ], [ -4.23918, 55.90152 ], [ -4.24097, 55.90109 ], [ -4.24097, 55.90192 ], [ -4.24262, 55.90194 ], [ -4.24504, 55.90204 ], [ -4.24517, 55.90178 ], [ -4.24581, 55.90192 ], [ -4.24795, 55.90219 ], [ -4.24937, 55.90234 ], [ -4.24928, 55.90262 ], [ -4.25089, 55.9029 ], [ -4.25205, 55.90343 ], [ -4.25329, 55.90415 ], [ -4.25643, 55.9066 ], [ -4.25671, 55.90697 ], [ -4.25704, 55.90702 ], [ -4.26119, 55.90424 ], [ -4.26146, 55.90343 ], [ -4.26104, 55.90227 ], [ -4.26109, 55.90213 ], [ -4.261, 55.90109 ], [ -4.26143, 55.90017 ], [ -4.26236, 55.89947 ], [ -4.26322, 55.89908 ], [ -4.26333, 55.89857 ], [ -4.26326, 55.89812 ], [ -4.26349, 55.89764 ], [ -4.26439, 55.89716 ], [ -4.26497, 55.89748 ], [ -4.26596, 55.89728 ], [ -4.26622, 55.89863 ], [ -4.26702, 55.89864 ], [ -4.26724, 55.89833 ], [ -4.26999, 55.89865 ], [ -4.2705, 55.89863 ], [ -4.27257, 55.8989 ], [ -4.27534, 55.89894 ], [ -4.27876, 55.89892 ], [ -4.27882, 55.89961 ], [ -4.27991, 55.89954 ], [ -4.27987, 55.89982 ], [ -4.2817, 55.89981 ], [ -4.2817, 55.89896 ], [ -4.28379, 55.89898 ], [ -4.28417, 55.90004 ], [ -4.28284, 55.90051 ], [ -4.28322, 55.90167 ], [ -4.28305, 55.90284 ], [ -4.27951, 55.90378 ], [ -4.27967, 55.90462 ], [ -4.28006, 55.90636 ], [ -4.28373, 55.90655 ], [ -4.28496, 55.90649 ], [ -4.28665, 55.9065 ], [ -4.28888, 55.90644 ], [ -4.28886, 55.90626 ], [ -4.28948, 55.90607 ], [ -4.28937, 55.9056 ], [ -4.29024, 55.90564 ], [ -4.29048, 55.90624 ], [ -4.2946, 55.90573 ], [ -4.29749, 55.90538 ], [ -4.29726, 55.90719 ], [ -4.29789, 55.90927 ], [ -4.29658, 55.90939 ], [ -4.29568, 55.90966 ], [ -4.29471, 55.91011 ], [ -4.29438, 55.91043 ], [ -4.29406, 55.9113 ], [ -4.29372, 55.91154 ], [ -4.29314, 55.91159 ], [ -4.29149, 55.91142 ], [ -4.29089, 55.91146 ], [ -4.29038, 55.91175 ], [ -4.2904, 55.91214 ], [ -4.29194, 55.91427 ], [ -4.29604, 55.91494 ], [ -4.30122, 55.91632 ], [ -4.30034, 55.91736 ], [ -4.29962, 55.91899 ], [ -4.29951, 55.92067 ], [ -4.29908, 55.9207 ], [ -4.29882, 55.92249 ], [ -4.29843, 55.92546 ], [ -4.29801, 55.92912 ], [ -4.2965, 55.92857 ], [ -4.29585, 55.92842 ], [ -4.29485, 55.92836 ], [ -4.28578, 55.9277 ], [ -4.28423, 55.92755 ], [ -4.28194, 55.92768 ], [ -4.28033, 55.92824 ], [ -4.27893, 55.92855 ], [ -4.27792, 55.92857 ], [ -4.27757, 55.92897 ], [ -4.27798, 55.9293 ], [ -4.27769, 55.92945 ], [ -4.2763, 55.92959 ], [ -4.27577, 55.92956 ], [ -4.27411, 55.92918 ], [ -4.27211, 55.92856 ], [ -4.2711, 55.92805 ], [ -4.27044, 55.928 ], [ -4.26968, 55.92838 ], [ -4.269, 55.9286 ], [ -4.26834, 55.92845 ], [ -4.26744, 55.92788 ], [ -4.26712, 55.92749 ], [ -4.26789, 55.92694 ], [ -4.26784, 55.92651 ], [ -4.26824, 55.92613 ], [ -4.26804, 55.92557 ], [ -4.26841, 55.92509 ], [ -4.26945, 55.92417 ], [ -4.26982, 55.92312 ], [ -4.26904, 55.92226 ], [ -4.26876, 55.92184 ], [ -4.26907, 55.92085 ], [ -4.26876, 55.92017 ], [ -4.26604, 55.9198 ], [ -4.26361, 55.91885 ], [ -4.26362, 55.91847 ], [ -4.26021, 55.91288 ], [ -4.25616, 55.91405 ] ] ] ] } },
{ "type": "Feature", "properties": { "LSOA11_CD": "S01010348", "Neighborhood_Name": "Summerston North - 03", "uk_imd2019_LSOA": "S01010348", "uk_imd2019_Rank": "1862", "uk_imd2019_SOA_pct": "27", "uk_imd2019_SOA_decile": "3" }, "geometry": { "type": "MultiPolygon", "coordinates": [ [ [ [ -4.28665, 55.9065 ], [ -4.28675, 55.90616 ], [ -4.28576, 55.90597 ], [ -4.28563, 55.90555 ], [ -4.28688, 55.90469 ], [ -4.28898, 55.90553 ], [ -4.28966, 55.90396 ], [ -4.2896, 55.90346 ], [ -4.29196, 55.90364 ], [ -4.2936, 55.9037 ], [ -4.29472, 55.90356 ], [ -4.29471, 55.90407 ], [ -4.29351, 55.9041 ], [ -4.29387, 55.90449 ], [ -4.29459, 55.9047 ], [ -4.29445, 55.90503 ], [ -4.2946, 55.90573 ], [ -4.29048, 55.90624 ], [ -4.29024, 55.90564 ], [ -4.28937, 55.9056 ], [ -4.28948, 55.90607 ], [ -4.28886, 55.90626 ], [ -4.28888, 55.90644 ], [ -4.28665, 55.9065 ] ] ] ] } },
{ "type": "Feature", "properties": { "LSOA11_CD": "S01010349", "Neighborhood_Name": "Summerston North - 04", "uk_imd2019_LSOA": "S01010349", "uk_imd2019_Rank": "1324", "uk_imd2019_SOA_pct": "19", "uk_imd2019_SOA_decile": "2" }, "geometry": { "type": "MultiPolygon", "coordinates": [ [ [ [ -4.2896, 55.90346 ], [ -4.29016, 55.90265 ], [ -4.28902, 55.90233 ], [ -4.28955, 55.90212 ], [ -4.29075, 55.90129 ], [ -4.28996, 55.90088 ], [ -4.28886, 55.89984 ], [ -4.28839, 55.90004 ], [ -4.28801, 55.89961 ], [ -4.28736, 55.89942 ], [ -4.28685, 55.89996 ], [ -4.28436, 55.90027 ], [ -4.28417, 55.90004 ], [ -4.28379, 55.89898 ], [ -4.28363, 55.89829 ], [ -4.28305, 55.8977 ], [ -4.28322, 55.89749 ], [ -4.28536, 55.89804 ], [ -4.28793, 55.89846 ], [ -4.28927, 55.89864 ], [ -4.29103, 55.89875 ], [ -4.29323, 55.89881 ], [ -4.2933, 55.9002 ], [ -4.29297, 55.90022 ], [ -4.293, 55.90082 ], [ -4.29318, 55.90116 ], [ -4.29376, 55.90163 ], [ -4.29436, 55.90138 ], [ -4.29629, 55.90191 ], [ -4.29632, 55.90251 ], [ -4.29721, 55.90264 ], [ -4.29745, 55.90303 ], [ -4.29742, 55.90346 ], [ -4.29563, 55.90342 ], [ -4.29472, 55.90356 ], [ -4.2936, 55.9037 ], [ -4.29196, 55.90364 ], [ -4.2896, 55.90346 ] ] ] ] } },
{ "type": "Feature", "properties": { "LSOA11_CD": "S01010351", "Neighborhood_Name": "Maryhill East - 02", "uk_imd2019_LSOA": "S01010351", "uk_imd2019_Rank": "1810", "uk_imd2019_SOA_pct": "26", "uk_imd2019_SOA_decile": "3" }, "geometry": { "type": "MultiPolygon", "coordinates": [ [ [ [ -4.27513, 55.89739 ], [ -4.27515, 55.89733 ], [ -4.27263, 55.8969 ], [ -4.27162, 55.89666 ], [ -4.27131, 55.89683 ], [ -4.27075, 55.89673 ], [ -4.27062, 55.89701 ], [ -4.26927, 55.89701 ], [ -4.26767, 55.89719 ], [ -4.26593, 55.89713 ], [ -4.26587, 55.89684 ], [ -4.26669, 55.89678 ], [ -4.26806, 55.89682 ], [ -4.26892, 55.89675 ], [ -4.26983, 55.89639 ], [ -4.27013, 55.896 ], [ -4.26951, 55.895 ], [ -4.26965, 55.89457 ], [ -4.27035, 55.89412 ], [ -4.27161, 55.89384 ], [ -4.27257, 55.89348 ], [ -4.27313, 55.89318 ], [ -4.27427, 55.89266 ], [ -4.27484, 55.89259 ], [ -4.27553, 55.89271 ], [ -4.27711, 55.89259 ], [ -4.27859, 55.89299 ], [ -4.28153, 55.89329 ], [ -4.2819, 55.89337 ], [ -4.28228, 55.89459 ], [ -4.28146, 55.8948 ], [ -4.28192, 55.8952 ], [ -4.28217, 55.89602 ], [ -4.282, 55.89631 ], [ -4.28284, 55.89621 ], [ -4.28337, 55.89727 ], [ -4.28322, 55.89749 ], [ -4.28305, 55.8977 ], [ -4.28276, 55.89791 ], [ -4.28162, 55.89756 ], [ -4.27951, 55.89679 ], [ -4.27885, 55.89723 ], [ -4.2774, 55.89776 ], [ -4.2759, 55.89797 ], [ -4.27589, 55.89744 ], [ -4.27513, 55.89739 ] ] ] ] } },
{ "type": "Feature", "properties": { "LSOA11_CD": "S01010352", "Neighborhood_Name": "Maryhill East - 03", "uk_imd2019_LSOA": "S01010352", "uk_imd2019_Rank": "421", "uk_imd2019_SOA_pct": "6", "uk_imd2019_SOA_decile": "1" }, "geometry": { "type": "MultiPolygon", "coordinates": [ [ [ [ -4.28322, 55.89749 ], [ -4.28337, 55.89727 ], [ -4.28284, 55.89621 ], [ -4.282, 55.89631 ], [ -4.28217, 55.89602 ], [ -4.28192, 55.8952 ], [ -4.28146, 55.8948 ], [ -4.28228, 55.89459 ], [ -4.2819, 55.89337 ], [ -4.28321, 55.89332 ], [ -4.28349, 55.89321 ], [ -4.28389, 55.89449 ], [ -4.28421, 55.89531 ], [ -4.28806, 55.89544 ], [ -4.28925, 55.89556 ], [ -4.28974, 55.89554 ], [ -4.28984, 55.89584 ], [ -4.28888, 55.8958 ], [ -4.28892, 55.89677 ], [ -4.28919, 55.89726 ], [ -4.28959, 55.89729 ], [ -4.28927, 55.89864 ], [ -4.28793, 55.89846 ], [ -4.28536, 55.89804 ], [ -4.28322, 55.89749 ] ] ] ] } },
{ "type": "Feature", "properties": { "LSOA11_CD": "S01010353", "Neighborhood_Name": "Maryhill East - 04", "uk_imd2019_LSOA": "S01010353", "uk_imd2019_Rank": "77", "uk_imd2019_SOA_pct": "1", "uk_imd2019_SOA_decile": "1" }, "geometry": { "type": "MultiPolygon", "coordinates": [ [ [ [ -4.28927, 55.89864 ], [ -4.28959, 55.89729 ], [ -4.28919, 55.89726 ], [ -4.28892, 55.89677 ], [ -4.28888, 55.8958 ], [ -4.28984, 55.89584 ], [ -4.29131, 55.8958 ], [ -4.29133, 55.89625 ], [ -4.29447, 55.8962 ], [ -4.29638, 55.89636 ], [ -4.29692, 55.8968 ], [ -4.29765, 55.89706 ], [ -4.29799, 55.89732 ], [ -4.29768, 55.89764 ], [ -4.29808, 55.89833 ], [ -4.29678, 55.89857 ], [ -4.2954, 55.89873 ], [ -4.29323, 55.89881 ], [ -4.29103, 55.89875 ], [ -4.28927, 55.89864 ] ] ] ] } },
{ "type": "Feature", "properties": { "LSOA11_CD": "S01010354", "Neighborhood_Name": "Maryhill West - 01", "uk_imd2019_LSOA": "S01010354", "uk_imd2019_Rank": "781", "uk_imd2019_SOA_pct": "11", "uk_imd2019_SOA_decile": "2" }, "geometry": { "type": "MultiPolygon", "coordinates": [ [ [ [ -4.28984, 55.89584 ], [ -4.28974, 55.89554 ], [ -4.28925, 55.89556 ], [ -4.28806, 55.89544 ], [ -4.28775, 55.89451 ], [ -4.28697, 55.89435 ], [ -4.28673, 55.89369 ], [ -4.28948, 55.89326 ], [ -4.28998, 55.89327 ], [ -4.29059, 55.89334 ], [ -4.29141, 55.8932 ], [ -4.29197, 55.89322 ], [ -4.2929, 55.89371 ], [ -4.29136, 55.89368 ], [ -4.29134, 55.89393 ], [ -4.29239, 55.89406 ], [ -4.29203, 55.8943 ], [ -4.29212, 55.89493 ], [ -4.29282, 55.89544 ], [ -4.29138, 55.89548 ], [ -4.29131, 55.8958 ], [ -4.28984, 55.89584 ] ] ] ] } },
{ "type": "Feature", "properties": { "LSOA11_CD": "S01010356", "Neighborhood_Name": "Maryhill West - 03", "uk_imd2019_LSOA": "S01010356", "uk_imd2019_Rank": "1659", "uk_imd2019_SOA_pct": "24", "uk_imd2019_SOA_decile": "3" }, "geometry": { "type": "MultiPolygon", "coordinates": [ [ [ [ -4.29717, 55.89503 ], [ -4.29649, 55.89371 ], [ -4.29618, 55.89358 ], [ -4.29668, 55.89326 ], [ -4.29416, 55.89206 ], [ -4.29335, 55.89216 ], [ -4.29228, 55.89218 ], [ -4.29107, 55.89263 ], [ -4.28998, 55.89327 ], [ -4.28948, 55.89326 ], [ -4.28673, 55.89369 ], [ -4.28697, 55.89435 ], [ -4.28775, 55.89451 ], [ -4.28806, 55.89544 ], [ -4.28421, 55.89531 ], [ -4.28389, 55.89449 ], [ -4.28349, 55.89321 ], [ -4.28603, 55.89246 ], [ -4.28563, 55.89184 ], [ -4.28678, 55.8917 ], [ -4.28636, 55.8905 ], [ -4.28721, 55.89038 ], [ -4.28864, 55.89064 ], [ -4.28934, 55.89087 ], [ -4.28999, 55.89061 ], [ -4.29024, 55.89078 ], [ -4.29113, 55.89111 ], [ -4.29137, 55.8909 ], [ -4.29251, 55.89075 ], [ -4.29279, 55.89107 ], [ -4.295, 55.89111 ], [ -4.29522, 55.89128 ], [ -4.29637, 55.89135 ], [ -4.29639, 55.89194 ], [ -4.29774, 55.8921 ], [ -4.29786, 55.89291 ], [ -4.29854, 55.89287 ], [ -4.29853, 55.89332 ], [ -4.29972, 55.89306 ], [ -4.30098, 55.89254 ], [ -4.29906, 55.89163 ], [ -4.29989, 55.89087 ], [ -4.30093, 55.89163 ], [ -4.30194, 55.89227 ], [ -4.30269, 55.89272 ], [ -4.30259, 55.89287 ], [ -4.30135, 55.89338 ], [ -4.30081, 55.89397 ], [ -4.30005, 55.8941 ], [ -4.29912, 55.89405 ], [ -4.2999, 55.89508 ], [ -4.30027, 55.89569 ], [ -4.29954, 55.89571 ], [ -4.29921, 55.89577 ], [ -4.29858, 55.89499 ], [ -4.29777, 55.89527 ], [ -4.29717, 55.89503 ] ] ] ] } },
{ "type": "Feature", "properties": { "LSOA11_CD": "S01010363", "Neighborhood_Name": "Kelvindale - 01", "uk_imd2019_LSOA": "S01010363", "uk_imd2019_Rank": "4289", "uk_imd2019_SOA_pct": "61", "uk_imd2019_SOA_decile": "7" }, "geometry": { "type": "MultiPolygon", "coordinates": [ [ [ [ -4.30194, 55.89227 ], [ -4.30093, 55.89163 ], [ -4.30188, 55.89107 ], [ -4.30184, 55.89056 ], [ -4.30255, 55.89061 ], [ -4.30283, 55.89014 ], [ -4.30261, 55.88996 ], [ -4.30271, 55.88924 ], [ -4.30311, 55.88869 ], [ -4.30365, 55.88902 ], [ -4.30323, 55.8896 ], [ -4.30366, 55.88969 ], [ -4.30313, 55.89049 ], [ -4.30377, 55.89103 ], [ -4.30451, 55.89104 ], [ -4.30506, 55.89137 ], [ -4.30546, 55.89135 ], [ -4.30605, 55.89034 ], [ -4.30672, 55.89044 ], [ -4.30691, 55.89086 ], [ -4.30792, 55.89081 ], [ -4.30832, 55.89171 ], [ -4.31114, 55.89139 ], [ -4.31123, 55.89209 ], [ -4.31181, 55.89201 ], [ -4.31375, 55.89128 ], [ -4.31401, 55.89114 ], [ -4.31443, 55.89137 ], [ -4.31543, 55.8916 ], [ -4.31547, 55.89189 ], [ -4.31372, 55.8923 ], [ -4.31446, 55.89254 ], [ -4.31421, 55.89332 ], [ -4.31361, 55.89319 ], [ -4.30836, 55.89294 ], [ -4.3067, 55.89297 ], [ -4.30583, 55.89287 ], [ -4.3044, 55.89248 ], [ -4.30332, 55.89225 ], [ -4.30245, 55.89217 ], [ -4.30194, 55.89227 ] ] ] ] } },
{ "type": "Feature", "properties": { "LSOA11_CD": "S01010364", "Neighborhood_Name": "Kelvindale - 02", "uk_imd2019_LSOA": "S01010364", "uk_imd2019_Rank": "6163", "uk_imd2019_SOA_pct": "88", "uk_imd2019_SOA_decile": "9" }, "geometry": { "type": "MultiPolygon", "coordinates": [ [ [ [ -4.30792, 55.89081 ], [ -4.30765, 55.88929 ], [ -4.30633, 55.88801 ], [ -4.30688, 55.88783 ], [ -4.30815, 55.88913 ], [ -4.30911, 55.88886 ], [ -4.30913, 55.88858 ], [ -4.30829, 55.88847 ], [ -4.30779, 55.88807 ], [ -4.31035, 55.88841 ], [ -4.3128, 55.88917 ], [ -4.31315, 55.8894 ], [ -4.31367, 55.88921 ], [ -4.31395, 55.88958 ], [ -4.31461, 55.88955 ], [ -4.31455, 55.88989 ], [ -4.314, 55.89059 ], [ -4.31333, 55.89101 ], [ -4.31375, 55.89128 ], [ -4.31181, 55.89201 ], [ -4.31123, 55.89209 ], [ -4.31114, 55.89139 ], [ -4.30832, 55.89171 ], [ -4.30792, 55.89081 ] ] ] ] } },
{ "type": "Feature", "properties": { "LSOA11_CD": "S01010365", "Neighborhood_Name": "Kelvindale - 03", "uk_imd2019_LSOA": "S01010365", "uk_imd2019_Rank": "6466", "uk_imd2019_SOA_pct": "93", "uk_imd2019_SOA_decile": "10" }, "geometry": { "type": "MultiPolygon", "coordinates": [ [ [ [ -4.30633, 55.88801 ], [ -4.30404, 55.88578 ], [ -4.30375, 55.88532 ], [ -4.30265, 55.88473 ], [ -4.30217, 55.8842 ], [ -4.30206, 55.88389 ], [ -4.30209, 55.88364 ], [ -4.30269, 55.88352 ], [ -4.3031, 55.8836 ], [ -4.30408, 55.8827 ], [ -4.30873, 55.88427 ], [ -4.31209, 55.88545 ], [ -4.3106, 55.88681 ], [ -4.31124, 55.88701 ], [ -4.31052, 55.8877 ], [ -4.31145, 55.8879 ], [ -4.31263, 55.8883 ], [ -4.31331, 55.88877 ], [ -4.31367, 55.88921 ], [ -4.31315, 55.8894 ], [ -4.3128, 55.88917 ], [ -4.31035, 55.88841 ], [ -4.30779, 55.88807 ], [ -4.30829, 55.88847 ], [ -4.30913, 55.88858 ], [ -4.30911, 55.88886 ], [ -4.30815, 55.88913 ], [ -4.30688, 55.88783 ], [ -4.30633, 55.88801 ] ] ] ] } },
{ "type": "Feature", "properties": { "LSOA11_CD": "S01010366", "Neighborhood_Name": "Kelvindale - 04", "uk_imd2019_LSOA": "S01010366", "uk_imd2019_Rank": "6173", "uk_imd2019_SOA_pct": "88", "uk_imd2019_SOA_decile": "9" }, "geometry": { "type": "MultiPolygon", "coordinates": [ [ [ [ -4.29989, 55.89087 ], [ -4.29894, 55.88967 ], [ -4.29876, 55.88932 ], [ -4.29846, 55.88797 ], [ -4.29846, 55.88753 ], [ -4.29994, 55.88753 ], [ -4.30203, 55.888 ], [ -4.30592, 55.88794 ], [ -4.30633, 55.88801 ], [ -4.30765, 55.88929 ], [ -4.30792, 55.89081 ], [ -4.30691, 55.89086 ], [ -4.30672, 55.89044 ], [ -4.30605, 55.89034 ], [ -4.30546, 55.89135 ], [ -4.30506, 55.89137 ], [ -4.30451, 55.89104 ], [ -4.30377, 55.89103 ], [ -4.30313, 55.89049 ], [ -4.30366, 55.88969 ], [ -4.30323, 55.8896 ], [ -4.30365, 55.88902 ], [ -4.30311, 55.88869 ], [ -4.30271, 55.88924 ], [ -4.30261, 55.88996 ], [ -4.30283, 55.89014 ], [ -4.30255, 55.89061 ], [ -4.30184, 55.89056 ], [ -4.30188, 55.89107 ], [ -4.30093, 55.89163 ], [ -4.29989, 55.89087 ] ] ] ] } },
{ "type": "Feature", "properties": { "LSOA11_CD": "S01010368", "Neighborhood_Name": "Kelvindale - 06", "uk_imd2019_LSOA": "S01010368", "uk_imd2019_Rank": "6377", "uk_imd2019_SOA_pct": "91", "uk_imd2019_SOA_decile": "10" }, "geometry": { "type": "MultiPolygon", "coordinates": [ [ [ [ -4.29611, 55.88314 ], [ -4.29553, 55.88268 ], [ -4.29614, 55.88242 ], [ -4.2958, 55.88217 ], [ -4.29516, 55.88244 ], [ -4.29448, 55.88176 ], [ -4.29452, 55.88142 ], [ -4.29362, 55.88125 ], [ -4.29203, 55.88127 ], [ -4.29178, 55.8808 ], [ -4.29015, 55.88024 ], [ -4.29273, 55.87972 ], [ -4.2946, 55.88037 ], [ -4.29532, 55.87972 ], [ -4.29772, 55.88054 ], [ -4.29948, 55.88121 ], [ -4.29976, 55.88122 ], [ -4.30197, 55.88199 ], [ -4.30408, 55.8827 ], [ -4.3031, 55.8836 ], [ -4.30269, 55.88352 ], [ -4.30209, 55.88364 ], [ -4.30206, 55.88389 ], [ -4.30093, 55.88385 ], [ -4.30097, 55.88368 ], [ -4.29905, 55.88362 ], [ -4.29883, 55.88321 ], [ -4.29611, 55.88314 ] ] ] ] } },
{ "type": "Feature", "properties": { "LSOA11_CD": "S01010369", "Neighborhood_Name": "North Kelvin - 01", "uk_imd2019_LSOA": "S01010369", "uk_imd2019_Rank": "3284", "uk_imd2019_SOA_pct": "47", "uk_imd2019_SOA_decile": "5" }, "geometry": { "type": "MultiPolygon", "coordinates": [ [ [ [ -4.27756, 55.88124 ], [ -4.27564, 55.88059 ], [ -4.27514, 55.88074 ], [ -4.27478, 55.88041 ], [ -4.27395, 55.8804 ], [ -4.27387, 55.88 ], [ -4.27418, 55.8799 ], [ -4.27424, 55.87912 ], [ -4.27524, 55.87923 ], [ -4.2752, 55.87974 ], [ -4.27576, 55.87973 ], [ -4.27586, 55.87887 ], [ -4.27702, 55.8791 ], [ -4.27727, 55.87867 ], [ -4.27808, 55.87855 ], [ -4.27833, 55.87885 ], [ -4.27809, 55.87927 ], [ -4.28035, 55.87946 ], [ -4.27995, 55.87975 ], [ -4.27985, 55.88015 ], [ -4.28051, 55.88019 ], [ -4.28038, 55.8805 ], [ -4.27836, 55.88035 ], [ -4.27777, 55.88057 ], [ -4.27965, 55.88134 ], [ -4.27952, 55.88163 ], [ -4.27796, 55.88097 ], [ -4.27756, 55.88124 ] ] ] ] } },
{ "type": "Feature", "properties": { "LSOA11_CD": "S01010370", "Neighborhood_Name": "North Kelvin - 02", "uk_imd2019_LSOA": "S01010370", "uk_imd2019_Rank": "6601", "uk_imd2019_SOA_pct": "95", "uk_imd2019_SOA_decile": "10" }, "geometry": { "type": "MultiPolygon", "coordinates": [ [ [ [ -4.2854, 55.88101 ], [ -4.28483, 55.88078 ], [ -4.28508, 55.88055 ], [ -4.28472, 55.88027 ], [ -4.28479, 55.88019 ], [ -4.2862, 55.87948 ], [ -4.28719, 55.87908 ], [ -4.28829, 55.8782 ], [ -4.28991, 55.87784 ], [ -4.29076, 55.87785 ], [ -4.29142, 55.87767 ], [ -4.29357, 55.87842 ], [ -4.29416, 55.87878 ], [ -4.29372, 55.87917 ], [ -4.29532, 55.87972 ], [ -4.2946, 55.88037 ], [ -4.29273, 55.87972 ], [ -4.29015, 55.88024 ], [ -4.29178, 55.8808 ], [ -4.29203, 55.88127 ], [ -4.29182, 55.8817 ], [ -4.29078, 55.88223 ], [ -4.28982, 55.88254 ], [ -4.28947, 55.88227 ], [ -4.28672, 55.88121 ], [ -4.28646, 55.88145 ], [ -4.2854, 55.88101 ] ] ] ] } },
{ "type": "Feature", "properties": { "LSOA11_CD": "S01010371", "Neighborhood_Name": "North Kelvin - 03", "uk_imd2019_LSOA": "S01010371", "uk_imd2019_Rank": "5816", "uk_imd2019_SOA_pct": "83", "uk_imd2019_SOA_decile": "9" }, "geometry": { "type": "MultiPolygon", "coordinates": [ [ [ [ -4.27898, 55.87872 ], [ -4.27833, 55.87885 ], [ -4.27808, 55.87855 ], [ -4.27878, 55.87825 ], [ -4.27908, 55.87799 ], [ -4.27958, 55.87749 ], [ -4.28156, 55.87552 ], [ -4.28207, 55.8758 ], [ -4.28336, 55.87599 ], [ -4.28353, 55.8759 ], [ -4.28582, 55.87658 ], [ -4.28796, 55.87723 ], [ -4.28777, 55.87773 ], [ -4.2886, 55.87796 ], [ -4.28942, 55.87769 ], [ -4.28991, 55.87784 ], [ -4.28829, 55.8782 ], [ -4.28719, 55.87908 ], [ -4.2862, 55.87948 ], [ -4.28549, 55.87928 ], [ -4.28475, 55.8786 ], [ -4.28419, 55.87888 ], [ -4.28271, 55.87834 ], [ -4.2808, 55.87829 ], [ -4.2805, 55.87898 ], [ -4.27898, 55.87872 ] ] ] ] } },
{ "type": "Feature", "properties": { "LSOA11_CD": "S01010372", "Neighborhood_Name": "North Kelvin - 04", "uk_imd2019_LSOA": "S01010372", "uk_imd2019_Rank": "6641", "uk_imd2019_SOA_pct": "95", "uk_imd2019_SOA_decile": "10" }, "geometry": { "type": "MultiPolygon", "coordinates": [ [ [ [ -4.27898, 55.87872 ], [ -4.2805, 55.87898 ], [ -4.2808, 55.87829 ], [ -4.28271, 55.87834 ], [ -4.28419, 55.87888 ], [ -4.28475, 55.8786 ], [ -4.28549, 55.87928 ], [ -4.2862, 55.87948 ], [ -4.28479, 55.88019 ], [ -4.28374, 55.88005 ], [ -4.28266, 55.88037 ], [ -4.28192, 55.87975 ], [ -4.2835, 55.87948 ], [ -4.28232, 55.87896 ], [ -4.28096, 55.879 ], [ -4.28088, 55.87924 ], [ -4.28019, 55.8792 ], [ -4.27895, 55.87897 ], [ -4.27898, 55.87872 ] ] ] ] } },
{ "type": "Feature", "properties": { "LSOA11_CD": "S01010373", "Neighborhood_Name": "North Kelvin - 05", "uk_imd2019_LSOA": "S01010373", "uk_imd2019_Rank": "5758", "uk_imd2019_SOA_pct": "83", "uk_imd2019_SOA_decile": "9" }, "geometry": { "type": "MultiPolygon", "coordinates": [ [ [ [ -4.27836, 55.88035 ], [ -4.28038, 55.8805 ], [ -4.28051, 55.88019 ], [ -4.27985, 55.88015 ], [ -4.27995, 55.87975 ], [ -4.28035, 55.87946 ], [ -4.27809, 55.87927 ], [ -4.27833, 55.87885 ], [ -4.27898, 55.87872 ], [ -4.27895, 55.87897 ], [ -4.28019, 55.8792 ], [ -4.28088, 55.87924 ], [ -4.28096, 55.879 ], [ -4.28232, 55.87896 ], [ -4.2835, 55.87948 ], [ -4.28192, 55.87975 ], [ -4.28266, 55.88037 ], [ -4.28374, 55.88005 ], [ -4.28479, 55.88019 ], [ -4.28472, 55.88027 ], [ -4.28391, 55.88037 ], [ -4.28311, 55.88077 ], [ -4.28141, 55.88092 ], [ -4.2814, 55.88119 ], [ -4.28003, 55.8811 ], [ -4.27887, 55.88067 ], [ -4.27836, 55.88035 ] ] ] ] } },
{ "type": "Feature", "properties": { "LSOA11_CD": "S01010374", "Neighborhood_Name": "Kelvingrove and University - 01", "uk_imd2019_LSOA": "S01010374", "uk_imd2019_Rank": "6956", "uk_imd2019_SOA_pct": "100", "uk_imd2019_SOA_decile": "10" }, "geometry": { "type": "MultiPolygon", "coordinates": [ [ [ [ -4.29876, 55.87663 ], [ -4.29787, 55.8761 ], [ -4.2974, 55.87617 ], [ -4.29696, 55.87594 ], [ -4.29605, 55.87509 ], [ -4.29586, 55.87462 ], [ -4.29516, 55.87428 ], [ -4.29496, 55.87394 ], [ -4.29552, 55.87389 ], [ -4.29604, 55.87364 ], [ -4.29607, 55.87334 ], [ -4.29779, 55.87355 ], [ -4.29748, 55.87395 ], [ -4.29792, 55.87424 ], [ -4.29932, 55.87442 ], [ -4.29998, 55.87497 ], [ -4.30104, 55.87494 ], [ -4.30092, 55.87528 ], [ -4.30051, 55.87536 ], [ -4.30108, 55.87586 ], [ -4.30099, 55.8764 ], [ -4.30302, 55.87648 ], [ -4.30302, 55.87696 ], [ -4.30181, 55.8769 ], [ -4.30161, 55.87726 ], [ -4.3003, 55.87713 ], [ -4.29876, 55.87663 ] ] ] ] } },
{ "type": "Feature", "properties": { "LSOA11_CD": "S01010375", "Neighborhood_Name": "Kelvingrove and University - 02", "uk_imd2019_LSOA": "S01010375", "uk_imd2019_Rank": "5295", "uk_imd2019_SOA_pct": "76", "uk_imd2019_SOA_decile": "8" }, "geometry": { "type": "MultiPolygon", "coordinates": [ [ [ [ -4.28582, 55.87658 ], [ -4.28656, 55.87655 ], [ -4.28732, 55.87579 ], [ -4.28794, 55.87605 ], [ -4.28743, 55.87665 ], [ -4.28869, 55.87693 ], [ -4.28895, 55.8766 ], [ -4.28976, 55.87654 ], [ -4.2904, 55.87608 ], [ -4.29128, 55.87616 ], [ -4.2916, 55.87561 ], [ -4.29223, 55.87544 ], [ -4.29288, 55.87559 ], [ -4.2921, 55.87619 ], [ -4.29237, 55.87629 ], [ -4.29144, 55.87695 ], [ -4.29144, 55.87707 ], [ -4.28991, 55.87784 ], [ -4.28942, 55.87769 ], [ -4.2886, 55.87796 ], [ -4.28777, 55.87773 ], [ -4.28796, 55.87723 ], [ -4.28582, 55.87658 ] ] ] ] } },
{ "type": "Feature", "properties": { "LSOA11_CD": "S01010376", "Neighborhood_Name": "Kelvingrove and University - 03", "uk_imd2019_LSOA": "S01010376", "uk_imd2019_Rank": "5934", "uk_imd2019_SOA_pct": "85", "uk_imd2019_SOA_decile": "9" }, "geometry": { "type": "MultiPolygon", "coordinates": [ [ [ [ -4.28227, 55.87549 ], [ -4.28045, 55.87493 ], [ -4.27984, 55.87466 ], [ -4.28062, 55.87456 ], [ -4.2815, 55.87412 ], [ -4.28125, 55.87266 ], [ -4.28264, 55.87297 ], [ -4.28241, 55.87334 ], [ -4.28273, 55.87352 ], [ -4.2838, 55.87343 ], [ -4.28408, 55.87371 ], [ -4.28381, 55.87406 ], [ -4.28429, 55.87416 ], [ -4.28409, 55.87451 ], [ -4.28427, 55.87477 ], [ -4.28353, 55.87483 ], [ -4.28305, 55.87549 ], [ -4.28227, 55.87549 ] ] ] ] } },
{ "type": "Feature", "properties": { "LSOA11_CD": "S01010377", "Neighborhood_Name": "Kelvingrove and University - 04", "uk_imd2019_LSOA": "S01010377", "uk_imd2019_Rank": "5541", "uk_imd2019_SOA_pct": "79", "uk_imd2019_SOA_decile": "8" }, "geometry": { "type": "MultiPolygon", "coordinates": [ [ [ [ -4.28207, 55.8758 ], [ -4.28227, 55.87549 ], [ -4.28305, 55.87549 ], [ -4.28353, 55.87483 ], [ -4.28427, 55.87477 ], [ -4.28409, 55.87451 ], [ -4.28429, 55.87416 ], [ -4.28461, 55.87378 ], [ -4.28444, 55.87355 ], [ -4.28473, 55.87316 ], [ -4.28486, 55.87299 ], [ -4.28674, 55.87341 ], [ -4.28661, 55.8736 ], [ -4.28729, 55.87374 ], [ -4.2868, 55.8741 ], [ -4.28682, 55.87445 ], [ -4.28635, 55.87509 ], [ -4.28766, 55.87533 ], [ -4.28732, 55.87579 ], [ -4.28656, 55.87655 ], [ -4.28582, 55.87658 ], [ -4.28353, 55.8759 ], [ -4.28336, 55.87599 ], [ -4.28207, 55.8758 ] ] ] ] } },
{ "type": "Feature", "properties": { "LSOA11_CD": "S01010379", "Neighborhood_Name": "Kelvingrove and University - 06", "uk_imd2019_LSOA": "S01010379", "uk_imd2019_Rank": "4011", "uk_imd2019_SOA_pct": "57", "uk_imd2019_SOA_decile": "6" }, "geometry": { "type": "MultiPolygon", "coordinates": [ [ [ [ -4.28766, 55.87533 ], [ -4.28635, 55.87509 ], [ -4.28682, 55.87445 ], [ -4.2868, 55.8741 ], [ -4.28729, 55.87374 ], [ -4.28661, 55.8736 ], [ -4.28674, 55.87341 ], [ -4.28486, 55.87299 ], [ -4.28473, 55.87316 ], [ -4.28449, 55.8729 ], [ -4.28296, 55.87254 ], [ -4.2827, 55.872 ], [ -4.2835, 55.87187 ], [ -4.28332, 55.87149 ], [ -4.28357, 55.8714 ], [ -4.28442, 55.87039 ], [ -4.28543, 55.8704 ], [ -4.28627, 55.86999 ], [ -4.28784, 55.86999 ], [ -4.28888, 55.87014 ], [ -4.29066, 55.87064 ], [ -4.29175, 55.87067 ], [ -4.29262, 55.87053 ], [ -4.29345, 55.87028 ], [ -4.29343, 55.87159 ], [ -4.29418, 55.87218 ], [ -4.29415, 55.87264 ], [ -4.29644, 55.87269 ], [ -4.29669, 55.87308 ], [ -4.29607, 55.87334 ], [ -4.29604, 55.87364 ], [ -4.29552, 55.87389 ], [ -4.29496, 55.87394 ], [ -4.29437, 55.87446 ], [ -4.29372, 55.87454 ], [ -4.29348, 55.87493 ], [ -4.29316, 55.87506 ], [ -4.29288, 55.87559 ], [ -4.29223, 55.87544 ], [ -4.2916, 55.87561 ], [ -4.29128, 55.87616 ], [ -4.2908, 55.87604 ], [ -4.29141, 55.87528 ], [ -4.29105, 55.87516 ], [ -4.29058, 55.87537 ], [ -4.29031, 55.8757 ], [ -4.28988, 55.87589 ], [ -4.28893, 55.87561 ], [ -4.28946, 55.87489 ], [ -4.28861, 55.87471 ], [ -4.28804, 55.87479 ], [ -4.28766, 55.87533 ] ] ] ] } },
{ "type": "Feature", "properties": { "LSOA11_CD": "S01010380", "Neighborhood_Name": "Kelvingrove and University - 07", "uk_imd2019_LSOA": "S01010380", "uk_imd2019_Rank": "5524", "uk_imd2019_SOA_pct": "79", "uk_imd2019_SOA_decile": "8" }, "geometry": { "type": "MultiPolygon", "coordinates": [ [ [ [ -4.29779, 55.87355 ], [ -4.29784, 55.87312 ], [ -4.29825, 55.87315 ], [ -4.29848, 55.87275 ], [ -4.29804, 55.87256 ], [ -4.29865, 55.87233 ], [ -4.29915, 55.8722 ], [ -4.29979, 55.87227 ], [ -4.29987, 55.87185 ], [ -4.30026, 55.87189 ], [ -4.30004, 55.87249 ], [ -4.29967, 55.87244 ], [ -4.29938, 55.87282 ], [ -4.30023, 55.87294 ], [ -4.30031, 55.87275 ], [ -4.30152, 55.8729 ], [ -4.30176, 55.87328 ], [ -4.30595, 55.87346 ], [ -4.30559, 55.87364 ], [ -4.30468, 55.87347 ], [ -4.30464, 55.87377 ], [ -4.30385, 55.87372 ], [ -4.30364, 55.87409 ], [ -4.30355, 55.8748 ], [ -4.30278, 55.87453 ], [ -4.30246, 55.8743 ], [ -4.30134, 55.87421 ], [ -4.30104, 55.87494 ], [ -4.29998, 55.87497 ], [ -4.29932, 55.87442 ], [ -4.29792, 55.87424 ], [ -4.29748, 55.87395 ], [ -4.29779, 55.87355 ] ] ] ] } },
{ "type": "Feature", "properties": { "LSOA11_CD": "S01010382", "Neighborhood_Name": "Hillhead - 02", "uk_imd2019_LSOA": "S01010382", "uk_imd2019_Rank": "3861", "uk_imd2019_SOA_pct": "55", "uk_imd2019_SOA_decile": "6" }, "geometry": { "type": "MultiPolygon", "coordinates": [ [ [ [ -4.30026, 55.87189 ], [ -4.30122, 55.87202 ], [ -4.30092, 55.87165 ], [ -4.30113, 55.8711 ], [ -4.30165, 55.87104 ], [ -4.30171, 55.87079 ], [ -4.30268, 55.87078 ], [ -4.30299, 55.87099 ], [ -4.3029, 55.87127 ], [ -4.30248, 55.87144 ], [ -4.30271, 55.8718 ], [ -4.30245, 55.87215 ], [ -4.3033, 55.87223 ], [ -4.30326, 55.87277 ], [ -4.30473, 55.87283 ], [ -4.30471, 55.87314 ], [ -4.30558, 55.87316 ], [ -4.30595, 55.87346 ], [ -4.30176, 55.87328 ], [ -4.30152, 55.8729 ], [ -4.30031, 55.87275 ], [ -4.30023, 55.87294 ], [ -4.29938, 55.87282 ], [ -4.29967, 55.87244 ], [ -4.30004, 55.87249 ], [ -4.30026, 55.87189 ] ] ] ] } },
{ "type": "Feature", "properties": { "LSOA11_CD": "S01010383", "Neighborhood_Name": "Hillhead - 03", "uk_imd2019_LSOA": "S01010383", "uk_imd2019_Rank": "1010", "uk_imd2019_SOA_pct": "14", "uk_imd2019_SOA_decile": "2" }, "geometry": { "type": "MultiPolygon", "coordinates": [ [ [ [ -4.2985, 55.87113 ], [ -4.29898, 55.87111 ], [ -4.29958, 55.87065 ], [ -4.30031, 55.87063 ], [ -4.30076, 55.87077 ], [ -4.30171, 55.87079 ], [ -4.30165, 55.87104 ], [ -4.30113, 55.8711 ], [ -4.30092, 55.87165 ], [ -4.30122, 55.87202 ], [ -4.30026, 55.87189 ], [ -4.29987, 55.87185 ], [ -4.29979, 55.87227 ], [ -4.29915, 55.8722 ], [ -4.29865, 55.87233 ], [ -4.29788, 55.87162 ], [ -4.2985, 55.87113 ] ] ] ] } },
{ "type": "Feature", "properties": { "LSOA11_CD": "S01010384", "Neighborhood_Name": "Hillhead - 04", "uk_imd2019_LSOA": "S01010384", "uk_imd2019_Rank": "6171", "uk_imd2019_SOA_pct": "88", "uk_imd2019_SOA_decile": "9" }, "geometry": { "type": "MultiPolygon", "coordinates": [ [ [ [ -4.29607, 55.87334 ], [ -4.29669, 55.87308 ], [ -4.29644, 55.87269 ], [ -4.29415, 55.87264 ], [ -4.29418, 55.87218 ], [ -4.29343, 55.87159 ], [ -4.29345, 55.87028 ], [ -4.29262, 55.87053 ], [ -4.29175, 55.87067 ], [ -4.29066, 55.87064 ], [ -4.28888, 55.87014 ], [ -4.28784, 55.86999 ], [ -4.28627, 55.86999 ], [ -4.28543, 55.8704 ], [ -4.28442, 55.87039 ], [ -4.28357, 55.8714 ], [ -4.28332, 55.87149 ], [ -4.28135, 55.87217 ], [ -4.27999, 55.87194 ], [ -4.28022, 55.8715 ], [ -4.2779, 55.87062 ], [ -4.2782, 55.87034 ], [ -4.27867, 55.87047 ], [ -4.2788, 55.8701 ], [ -4.2798, 55.87014 ], [ -4.28012, 55.86979 ], [ -4.28071, 55.86954 ], [ -4.28042, 55.86883 ], [ -4.27986, 55.8686 ], [ -4.28067, 55.86782 ], [ -4.28112, 55.86736 ], [ -4.28036, 55.86719 ], [ -4.28049, 55.86664 ], [ -4.28386, 55.86672 ], [ -4.28584, 55.86729 ], [ -4.28687, 55.86627 ], [ -4.2913, 55.86772 ], [ -4.29289, 55.86894 ], [ -4.29353, 55.8693 ], [ -4.29445, 55.86959 ], [ -4.29638, 55.86903 ], [ -4.29741, 55.86856 ], [ -4.2983, 55.86846 ], [ -4.29839, 55.86863 ], [ -4.29924, 55.86876 ], [ -4.3002, 55.86877 ], [ -4.30058, 55.86955 ], [ -4.29949, 55.86963 ], [ -4.299, 55.86937 ], [ -4.29829, 55.86928 ], [ -4.29757, 55.86941 ], [ -4.2972, 55.86963 ], [ -4.29738, 55.86999 ], [ -4.29715, 55.87087 ], [ -4.29768, 55.87108 ], [ -4.2985, 55.87113 ], [ -4.29788, 55.87162 ], [ -4.29865, 55.87233 ], [ -4.29804, 55.87256 ], [ -4.29848, 55.87275 ], [ -4.29825, 55.87315 ], [ -4.29784, 55.87312 ], [ -4.29779, 55.87355 ], [ -4.29607, 55.87334 ] ] ] ] } },
{ "type": "Feature", "properties": { "LSOA11_CD": "S01010385", "Neighborhood_Name": "Hillhead - 05", "uk_imd2019_LSOA": "S01010385", "uk_imd2019_Rank": "3442", "uk_imd2019_SOA_pct": "49", "uk_imd2019_SOA_decile": "5" }, "geometry": { "type": "MultiPolygon", "coordinates": [ [ [ [ -4.30271, 55.8718 ], [ -4.30415, 55.87179 ], [ -4.30426, 55.87147 ], [ -4.30505, 55.87151 ], [ -4.30502, 55.87115 ], [ -4.30544, 55.87114 ], [ -4.30581, 55.87152 ], [ -4.30587, 55.87226 ], [ -4.30668, 55.87264 ], [ -4.3059, 55.87266 ], [ -4.3059, 55.87303 ], [ -4.30558, 55.87316 ], [ -4.30471, 55.87314 ], [ -4.30473, 55.87283 ], [ -4.30326, 55.87277 ], [ -4.3033, 55.87223 ], [ -4.30245, 55.87215 ], [ -4.30271, 55.8718 ] ] ] ] } },
{ "type": "Feature", "properties": { "LSOA11_CD": "S01010386", "Neighborhood_Name": "Hillhead - 06", "uk_imd2019_LSOA": "S01010386", "uk_imd2019_Rank": "1161", "uk_imd2019_SOA_pct": "17", "uk_imd2019_SOA_decile": "2" }, "geometry": { "type": "MultiPolygon", "coordinates": [ [ [ [ -4.30271, 55.8718 ], [ -4.30248, 55.87144 ], [ -4.3029, 55.87127 ], [ -4.30299, 55.87099 ], [ -4.30268, 55.87078 ], [ -4.30171, 55.87079 ], [ -4.30076, 55.87077 ], [ -4.30031, 55.87063 ], [ -4.30071, 55.86969 ], [ -4.30252, 55.86905 ], [ -4.30348, 55.86997 ], [ -4.30391, 55.87007 ], [ -4.30416, 55.8697 ], [ -4.30513, 55.86945 ], [ -4.3054, 55.86923 ], [ -4.30476, 55.86859 ], [ -4.30605, 55.8683 ], [ -4.30654, 55.8686 ], [ -4.30639, 55.86876 ], [ -4.30801, 55.86917 ], [ -4.30923, 55.86981 ], [ -4.30769, 55.8703 ], [ -4.3081, 55.87073 ], [ -4.30572, 55.87076 ], [ -4.30544, 55.87114 ], [ -4.30502, 55.87115 ], [ -4.30505, 55.87151 ], [ -4.30426, 55.87147 ], [ -4.30415, 55.87179 ], [ -4.30271, 55.8718 ] ] ] ] } },
{ "type": "Feature", "properties": { "LSOA11_CD": "S01010387", "Neighborhood_Name": "Hillhead - 07", "uk_imd2019_LSOA": "S01010387", "uk_imd2019_Rank": "3763", "uk_imd2019_SOA_pct": "54", "uk_imd2019_SOA_decile": "6" }, "geometry": { "type": "MultiPolygon", "coordinates": [ [ [ [ -4.30196, 55.86706 ], [ -4.30257, 55.86673 ], [ -4.30295, 55.86694 ], [ -4.30352, 55.86648 ], [ -4.30504, 55.8655 ], [ -4.30669, 55.86452 ], [ -4.30778, 55.86483 ], [ -4.30752, 55.86504 ], [ -4.30763, 55.86536 ], [ -4.30689, 55.86546 ], [ -4.30684, 55.86582 ], [ -4.30625, 55.86622 ], [ -4.30505, 55.86685 ], [ -4.30308, 55.86818 ], [ -4.30198, 55.86841 ], [ -4.30073, 55.86856 ], [ -4.30012, 55.86852 ], [ -4.30026, 55.86806 ], [ -4.30121, 55.86776 ], [ -4.30084, 55.86757 ], [ -4.30196, 55.86706 ] ] ], [ [ [ -4.30935, 55.87072 ], [ -4.3081, 55.87073 ], [ -4.30769, 55.8703 ], [ -4.30923, 55.86981 ], [ -4.30801, 55.86917 ], [ -4.30639, 55.86876 ], [ -4.30654, 55.8686 ], [ -4.30605, 55.8683 ], [ -4.30476, 55.86859 ], [ -4.3054, 55.86923 ], [ -4.30513, 55.86945 ], [ -4.30416, 55.8697 ], [ -4.30391, 55.87007 ], [ -4.30348, 55.86997 ], [ -4.30252, 55.86905 ], [ -4.30071, 55.86969 ], [ -4.30058, 55.86955 ], [ -4.3002, 55.86877 ], [ -4.30188, 55.86863 ], [ -4.30318, 55.86835 ], [ -4.30373, 55.86816 ], [ -4.30465, 55.8676 ], [ -4.30502, 55.86764 ], [ -4.30708, 55.86647 ], [ -4.30754, 55.86675 ], [ -4.30801, 55.8659 ], [ -4.30878, 55.86543 ], [ -4.31047, 55.86568 ], [ -4.31269, 55.86637 ], [ -4.31175, 55.86724 ], [ -4.31151, 55.86791 ], [ -4.30978, 55.86787 ], [ -4.30979, 55.8682 ], [ -4.31076, 55.86821 ], [ -4.31081, 55.86918 ], [ -4.3122, 55.86916 ], [ -4.31223, 55.87 ], [ -4.31234, 55.87023 ], [ -4.31153, 55.87024 ], [ -4.31153, 55.86988 ], [ -4.31083, 55.86989 ], [ -4.31084, 55.87071 ], [ -4.30935, 55.87072 ] ] ] ] } },
{ "type": "Feature", "properties": { "LSOA11_CD": "S01010388", "Neighborhood_Name": "Glasgow Harbour and Partick South - 01", "uk_imd2019_LSOA": "S01010388", "uk_imd2019_Rank": "1100", "uk_imd2019_SOA_pct": "16", "uk_imd2019_SOA_decile": "2" }, "geometry": { "type": "MultiPolygon", "coordinates": [ [ [ [ -4.31653, 55.87065 ], [ -4.31749, 55.87064 ], [ -4.31749, 55.87088 ], [ -4.31686, 55.87088 ], [ -4.31653, 55.87065 ] ] ], [ [ [ -4.31653, 55.87065 ], [ -4.31606, 55.87094 ], [ -4.31598, 55.87128 ], [ -4.31458, 55.87129 ], [ -4.31456, 55.8716 ], [ -4.3134, 55.87165 ], [ -4.31287, 55.87117 ], [ -4.31238, 55.87097 ], [ -4.31101, 55.87105 ], [ -4.31059, 55.87092 ], [ -4.30947, 55.87092 ], [ -4.30935, 55.87072 ], [ -4.31084, 55.87071 ], [ -4.31083, 55.86989 ], [ -4.31153, 55.86988 ], [ -4.31153, 55.87024 ], [ -4.31234, 55.87023 ], [ -4.31223, 55.87 ], [ -4.3122, 55.86916 ], [ -4.31363, 55.86913 ], [ -4.31433, 55.86842 ], [ -4.31568, 55.86871 ], [ -4.31567, 55.87036 ], [ -4.31654, 55.87045 ], [ -4.31653, 55.87065 ] ] ] ] } },
{ "type": "Feature", "properties": { "LSOA11_CD": "S01010389", "Neighborhood_Name": "Glasgow Harbour and Partick South - 02", "uk_imd2019_LSOA": "S01010389", "uk_imd2019_Rank": "6281", "uk_imd2019_SOA_pct": "90", "uk_imd2019_SOA_decile": "10" }, "geometry": { "type": "MultiPolygon", "coordinates": [ [ [ [ -4.31857, 55.87063 ], [ -4.31749, 55.87064 ], [ -4.31653, 55.87065 ], [ -4.31654, 55.87045 ], [ -4.31567, 55.87036 ], [ -4.31568, 55.86871 ], [ -4.31642, 55.86887 ], [ -4.31639, 55.86855 ], [ -4.31712, 55.86843 ], [ -4.31737, 55.86803 ], [ -4.31961, 55.86846 ], [ -4.32144, 55.86872 ], [ -4.32356, 55.86892 ], [ -4.3233, 55.87011 ], [ -4.32251, 55.87002 ], [ -4.32026, 55.86965 ], [ -4.31899, 55.86938 ], [ -4.31893, 55.87043 ], [ -4.31857, 55.87063 ] ] ] ] } },
{ "type": "Feature", "properties": { "LSOA11_CD": "S01010390", "Neighborhood_Name": "Glasgow Harbour and Partick South - 03", "uk_imd2019_LSOA": "S01010390", "uk_imd2019_Rank": "3128", "uk_imd2019_SOA_pct": "45", "uk_imd2019_SOA_decile": "5" }, "geometry": { "type": "MultiPolygon", "coordinates": [ [ [ [ -4.31456, 55.8716 ], [ -4.31458, 55.87129 ], [ -4.31598, 55.87128 ], [ -4.31606, 55.87094 ], [ -4.31653, 55.87065 ], [ -4.31686, 55.87088 ], [ -4.31749, 55.87088 ], [ -4.31749, 55.87064 ], [ -4.31857, 55.87063 ], [ -4.31845, 55.87119 ], [ -4.31987, 55.8713 ], [ -4.32066, 55.87143 ], [ -4.32055, 55.87174 ], [ -4.32129, 55.87186 ], [ -4.32187, 55.87211 ], [ -4.32126, 55.87302 ], [ -4.32038, 55.87272 ], [ -4.3194, 55.87256 ], [ -4.31946, 55.87236 ], [ -4.31789, 55.87204 ], [ -4.31689, 55.87206 ], [ -4.31661, 55.87228 ], [ -4.3157, 55.87252 ], [ -4.31575, 55.87303 ], [ -4.31504, 55.87323 ], [ -4.31491, 55.87164 ], [ -4.31456, 55.8716 ] ] ] ] } },
{ "type": "Feature", "properties": { "LSOA11_CD": "S01010476", "Neighborhood_Name": "Anniesland West - 07", "uk_imd2019_LSOA": "S01010476", "uk_imd2019_Rank": "3858", "uk_imd2019_SOA_pct": "55", "uk_imd2019_SOA_decile": "6" }, "geometry": { "type": "MultiPolygon", "coordinates": [ [ [ [ -4.33113, 55.89307 ], [ -4.3304, 55.8928 ], [ -4.3277, 55.89214 ], [ -4.3271, 55.89193 ], [ -4.32726, 55.89176 ], [ -4.32616, 55.89146 ], [ -4.3267, 55.8912 ], [ -4.32636, 55.89051 ], [ -4.32593, 55.89032 ], [ -4.32625, 55.89003 ], [ -4.32759, 55.89002 ], [ -4.32934, 55.89006 ], [ -4.33097, 55.89005 ], [ -4.3317, 55.89 ], [ -4.33157, 55.88969 ], [ -4.33377, 55.88957 ], [ -4.33392, 55.88993 ], [ -4.33435, 55.89023 ], [ -4.33476, 55.89016 ], [ -4.33555, 55.89169 ], [ -4.33654, 55.89157 ], [ -4.33674, 55.8921 ], [ -4.33485, 55.8924 ], [ -4.335, 55.89276 ], [ -4.33617, 55.89254 ], [ -4.33679, 55.89252 ], [ -4.33731, 55.89297 ], [ -4.33663, 55.89331 ], [ -4.33541, 55.89322 ], [ -4.33458, 55.89352 ], [ -4.33177, 55.89255 ], [ -4.33113, 55.89307 ] ] ] ] } },
{ "type": "Feature", "properties": { "LSOA11_CD": "S01010398", "Neighborhood_Name": "Partickhill and Hyndland - 02", "uk_imd2019_LSOA": "S01010398", "uk_imd2019_Rank": "6359", "uk_imd2019_SOA_pct": "91", "uk_imd2019_SOA_decile": "10" }, "geometry": { "type": "MultiPolygon", "coordinates": [ [ [ [ -4.31442, 55.87961 ], [ -4.31391, 55.87841 ], [ -4.31385, 55.87796 ], [ -4.3132, 55.8779 ], [ -4.31309, 55.87841 ], [ -4.31184, 55.87817 ], [ -4.31197, 55.87782 ], [ -4.31262, 55.87789 ], [ -4.31269, 55.87766 ], [ -4.31144, 55.87748 ], [ -4.31214, 55.87735 ], [ -4.31227, 55.87705 ], [ -4.31284, 55.87712 ], [ -4.31301, 55.87654 ], [ -4.31269, 55.8765 ], [ -4.3128, 55.87585 ], [ -4.31266, 55.87555 ], [ -4.31388, 55.87532 ], [ -4.31455, 55.87495 ], [ -4.31521, 55.87527 ], [ -4.31563, 55.87508 ], [ -4.31676, 55.87527 ], [ -4.31682, 55.87509 ], [ -4.31768, 55.8752 ], [ -4.31764, 55.87539 ], [ -4.31944, 55.87566 ], [ -4.31888, 55.87587 ], [ -4.31753, 55.87647 ], [ -4.3168, 55.87748 ], [ -4.31698, 55.87808 ], [ -4.31683, 55.87832 ], [ -4.31607, 55.87844 ], [ -4.31541, 55.87936 ], [ -4.31552, 55.87948 ], [ -4.31463, 55.87986 ], [ -4.31442, 55.87961 ] ] ] ] } },
{ "type": "Feature", "properties": { "LSOA11_CD": "S01010400", "Neighborhood_Name": "Partickhill and Hyndland - 04", "uk_imd2019_LSOA": "S01010400", "uk_imd2019_Rank": "6781", "uk_imd2019_SOA_pct": "97", "uk_imd2019_SOA_decile": "10" }, "geometry": { "type": "MultiPolygon", "coordinates": [ [ [ [ -4.30618, 55.87687 ], [ -4.30645, 55.8765 ], [ -4.30651, 55.87592 ], [ -4.30612, 55.87573 ], [ -4.30539, 55.87561 ], [ -4.30554, 55.87528 ], [ -4.30518, 55.8752 ], [ -4.30517, 55.87424 ], [ -4.30575, 55.87422 ], [ -4.30632, 55.87391 ], [ -4.30679, 55.87393 ], [ -4.30675, 55.87351 ], [ -4.30851, 55.87365 ], [ -4.30975, 55.87398 ], [ -4.31034, 55.87345 ], [ -4.31092, 55.87394 ], [ -4.31176, 55.87364 ], [ -4.31205, 55.87329 ], [ -4.31235, 55.87369 ], [ -4.31344, 55.87477 ], [ -4.31388, 55.87532 ], [ -4.31266, 55.87555 ], [ -4.3128, 55.87585 ], [ -4.31269, 55.8765 ], [ -4.31301, 55.87654 ], [ -4.31284, 55.87712 ], [ -4.31227, 55.87705 ], [ -4.31239, 55.87666 ], [ -4.31172, 55.87657 ], [ -4.3116, 55.87692 ], [ -4.31035, 55.87676 ], [ -4.31016, 55.8772 ], [ -4.30891, 55.87718 ], [ -4.30819, 55.87755 ], [ -4.30785, 55.87704 ], [ -4.30726, 55.87726 ], [ -4.30679, 55.87721 ], [ -4.30618, 55.87687 ] ] ] ] } },
{ "type": "Feature", "properties": { "LSOA11_CD": "S01010401", "Neighborhood_Name": "Partickhill and Hyndland - 05", "uk_imd2019_LSOA": "S01010401", "uk_imd2019_Rank": "5006", "uk_imd2019_SOA_pct": "72", "uk_imd2019_SOA_decile": "8" }, "geometry": { "type": "MultiPolygon", "coordinates": [ [ [ [ -4.30161, 55.87726 ], [ -4.30181, 55.8769 ], [ -4.30302, 55.87696 ], [ -4.30302, 55.87648 ], [ -4.30099, 55.8764 ], [ -4.30108, 55.87586 ], [ -4.30192, 55.87589 ], [ -4.30206, 55.87531 ], [ -4.30316, 55.87537 ], [ -4.30492, 55.87538 ], [ -4.30539, 55.87561 ], [ -4.30612, 55.87573 ], [ -4.30651, 55.87592 ], [ -4.30645, 55.8765 ], [ -4.30618, 55.87687 ], [ -4.30631, 55.87715 ], [ -4.30459, 55.87728 ], [ -4.30379, 55.87735 ], [ -4.30161, 55.87726 ] ] ] ] } },
{ "type": "Feature", "properties": { "LSOA11_CD": "S01010402", "Neighborhood_Name": "Partickhill and Hyndland - 06", "uk_imd2019_LSOA": "S01010402", "uk_imd2019_Rank": "6927", "uk_imd2019_SOA_pct": "99", "uk_imd2019_SOA_decile": "10" }, "geometry": { "type": "MultiPolygon", "coordinates": [ [ [ [ -4.30445, 55.87951 ], [ -4.30419, 55.87949 ], [ -4.30441, 55.87881 ], [ -4.30459, 55.87778 ], [ -4.30459, 55.87728 ], [ -4.30631, 55.87715 ], [ -4.30618, 55.87687 ], [ -4.30679, 55.87721 ], [ -4.30726, 55.87726 ], [ -4.30785, 55.87704 ], [ -4.30819, 55.87755 ], [ -4.30891, 55.87718 ], [ -4.31016, 55.8772 ], [ -4.31035, 55.87676 ], [ -4.3116, 55.87692 ], [ -4.31172, 55.87657 ], [ -4.31239, 55.87666 ], [ -4.31227, 55.87705 ], [ -4.31214, 55.87735 ], [ -4.31144, 55.87748 ], [ -4.31092, 55.87885 ], [ -4.30977, 55.87872 ], [ -4.3097, 55.8789 ], [ -4.30834, 55.87873 ], [ -4.30748, 55.87863 ], [ -4.30715, 55.87848 ], [ -4.30634, 55.87855 ], [ -4.30604, 55.87833 ], [ -4.30533, 55.87822 ], [ -4.30492, 55.87924 ], [ -4.30445, 55.87951 ] ] ] ] } },
{ "type": "Feature", "properties": { "LSOA11_CD": "S01010403", "Neighborhood_Name": "Dowanhill - 01", "uk_imd2019_LSOA": "S01010403", "uk_imd2019_Rank": "6747", "uk_imd2019_SOA_pct": "97", "uk_imd2019_SOA_decile": "10" }, "geometry": { "type": "MultiPolygon", "coordinates": [ [ [ [ -4.30197, 55.88199 ], [ -4.29976, 55.88122 ], [ -4.29948, 55.88121 ], [ -4.3, 55.8806 ], [ -4.30217, 55.88132 ], [ -4.30272, 55.88132 ], [ -4.30309, 55.88068 ], [ -4.30402, 55.88039 ], [ -4.30445, 55.87951 ], [ -4.30492, 55.87924 ], [ -4.30533, 55.87822 ], [ -4.30604, 55.87833 ], [ -4.30634, 55.87855 ], [ -4.30715, 55.87848 ], [ -4.30748, 55.87863 ], [ -4.30834, 55.87873 ], [ -4.30824, 55.87896 ], [ -4.30896, 55.87905 ], [ -4.30887, 55.87932 ], [ -4.30945, 55.8794 ], [ -4.30927, 55.87986 ], [ -4.31023, 55.88001 ], [ -4.31045, 55.8802 ], [ -4.31046, 55.88056 ], [ -4.30976, 55.8806 ], [ -4.30885, 55.88043 ], [ -4.30856, 55.88074 ], [ -4.3089, 55.88109 ], [ -4.30843, 55.88122 ], [ -4.30796, 55.88099 ], [ -4.30684, 55.88092 ], [ -4.3058, 55.88068 ], [ -4.30468, 55.88201 ], [ -4.30384, 55.88191 ], [ -4.30411, 55.88146 ], [ -4.3037, 55.88138 ], [ -4.30343, 55.88177 ], [ -4.30253, 55.88147 ], [ -4.30197, 55.88199 ] ] ] ] } },
{ "type": "Feature", "properties": { "LSOA11_CD": "S01010404", "Neighborhood_Name": "Dowanhill - 02", "uk_imd2019_LSOA": "S01010404", "uk_imd2019_Rank": "6549", "uk_imd2019_SOA_pct": "94", "uk_imd2019_SOA_decile": "10" }, "geometry": { "type": "MultiPolygon", "coordinates": [ [ [ [ -4.30309, 55.88068 ], [ -4.30354, 55.88 ], [ -4.30329, 55.8796 ], [ -4.30277, 55.8795 ], [ -4.30277, 55.88003 ], [ -4.3021, 55.88021 ], [ -4.3019, 55.88005 ], [ -4.30017, 55.88011 ], [ -4.29966, 55.88022 ], [ -4.29823, 55.87971 ], [ -4.29788, 55.8793 ], [ -4.29562, 55.87857 ], [ -4.29559, 55.87815 ], [ -4.29691, 55.87782 ], [ -4.29796, 55.87795 ], [ -4.29856, 55.87775 ], [ -4.29839, 55.87701 ], [ -4.29876, 55.87663 ], [ -4.3003, 55.87713 ], [ -4.30161, 55.87726 ], [ -4.30379, 55.87735 ], [ -4.30459, 55.87728 ], [ -4.30459, 55.87778 ], [ -4.30441, 55.87881 ], [ -4.30419, 55.87949 ], [ -4.30445, 55.87951 ], [ -4.30402, 55.88039 ], [ -4.30309, 55.88068 ] ] ] ] } },
{ "type": "Feature", "properties": { "LSOA11_CD": "S01010405", "Neighborhood_Name": "Dowanhill - 03", "uk_imd2019_LSOA": "S01010405", "uk_imd2019_Rank": "6297", "uk_imd2019_SOA_pct": "90", "uk_imd2019_SOA_decile": "10" }, "geometry": { "type": "MultiPolygon", "coordinates": [ [ [ [ -4.29948, 55.88121 ], [ -4.29772, 55.88054 ], [ -4.29532, 55.87972 ], [ -4.29372, 55.87917 ], [ -4.29416, 55.87878 ], [ -4.29357, 55.87842 ], [ -4.29142, 55.87767 ], [ -4.29203, 55.87729 ], [ -4.29282, 55.87713 ], [ -4.2951, 55.87792 ], [ -4.29559, 55.87815 ], [ -4.29562, 55.87857 ], [ -4.29788, 55.8793 ], [ -4.29823, 55.87971 ], [ -4.29966, 55.88022 ], [ -4.30017, 55.88011 ], [ -4.3019, 55.88005 ], [ -4.3021, 55.88021 ], [ -4.30277, 55.88003 ], [ -4.30277, 55.8795 ], [ -4.30329, 55.8796 ], [ -4.30354, 55.88 ], [ -4.30309, 55.88068 ], [ -4.30272, 55.88132 ], [ -4.30217, 55.88132 ], [ -4.3, 55.8806 ], [ -4.29948, 55.88121 ] ] ] ] } },
{ "type": "Feature", "properties": { "LSOA11_CD": "S01010406", "Neighborhood_Name": "Dowanhill - 04", "uk_imd2019_LSOA": "S01010406", "uk_imd2019_Rank": "6192", "uk_imd2019_SOA_pct": "89", "uk_imd2019_SOA_decile": "9" }, "geometry": { "type": "MultiPolygon", "coordinates": [ [ [ [ -4.29203, 55.87729 ], [ -4.29203, 55.87685 ], [ -4.29286, 55.8766 ], [ -4.29274, 55.87628 ], [ -4.29452, 55.87678 ], [ -4.29508, 55.87625 ], [ -4.29689, 55.87684 ], [ -4.29721, 55.87654 ], [ -4.29633, 55.87626 ], [ -4.29573, 55.87545 ], [ -4.29605, 55.87509 ], [ -4.29696, 55.87594 ], [ -4.2974, 55.87617 ], [ -4.29787, 55.8761 ], [ -4.29876, 55.87663 ], [ -4.29839, 55.87701 ], [ -4.29856, 55.87775 ], [ -4.29796, 55.87795 ], [ -4.29691, 55.87782 ], [ -4.29559, 55.87815 ], [ -4.2951, 55.87792 ], [ -4.29282, 55.87713 ], [ -4.29203, 55.87729 ] ] ] ] } },
{ "type": "Feature", "properties": { "LSOA11_CD": "S01010407", "Neighborhood_Name": "Dowanhill - 05", "uk_imd2019_LSOA": "S01010407", "uk_imd2019_Rank": "6097", "uk_imd2019_SOA_pct": "87", "uk_imd2019_SOA_decile": "9" }, "geometry": { "type": "MultiPolygon", "coordinates": [ [ [ [ -4.28991, 55.87784 ], [ -4.29144, 55.87707 ], [ -4.29144, 55.87695 ], [ -4.29237, 55.87629 ], [ -4.2921, 55.87619 ], [ -4.29288, 55.87559 ], [ -4.29316, 55.87506 ], [ -4.29348, 55.87493 ], [ -4.29372, 55.87454 ], [ -4.29437, 55.87446 ], [ -4.29496, 55.87394 ], [ -4.29516, 55.87428 ], [ -4.29586, 55.87462 ], [ -4.29605, 55.87509 ], [ -4.29573, 55.87545 ], [ -4.29633, 55.87626 ], [ -4.29721, 55.87654 ], [ -4.29689, 55.87684 ], [ -4.29508, 55.87625 ], [ -4.29452, 55.87678 ], [ -4.29274, 55.87628 ], [ -4.29286, 55.8766 ], [ -4.29203, 55.87685 ], [ -4.29203, 55.87729 ], [ -4.29142, 55.87767 ], [ -4.29076, 55.87785 ], [ -4.28991, 55.87784 ] ] ] ] } },
{ "type": "Feature", "properties": { "LSOA11_CD": "S01010408", "Neighborhood_Name": "Kelvinside and Jordanhill - 01", "uk_imd2019_LSOA": "S01010408", "uk_imd2019_Rank": "2841", "uk_imd2019_SOA_pct": "41", "uk_imd2019_SOA_decile": "5" }, "geometry": { "type": "MultiPolygon", "coordinates": [ [ [ [ -4.33097, 55.89005 ], [ -4.32986, 55.88715 ], [ -4.33334, 55.88672 ], [ -4.33348, 55.88714 ], [ -4.33556, 55.88689 ], [ -4.33632, 55.88676 ], [ -4.33855, 55.88693 ], [ -4.33933, 55.88686 ], [ -4.33943, 55.88741 ], [ -4.33825, 55.88731 ], [ -4.33861, 55.88814 ], [ -4.33876, 55.88882 ], [ -4.33964, 55.8887 ], [ -4.33994, 55.88925 ], [ -4.33814, 55.88946 ], [ -4.33473, 55.88984 ], [ -4.33476, 55.89016 ], [ -4.33435, 55.89023 ], [ -4.33392, 55.88993 ], [ -4.33377, 55.88957 ], [ -4.33157, 55.88969 ], [ -4.3317, 55.89 ], [ -4.33097, 55.89005 ] ] ] ] } },
{ "type": "Feature", "properties": { "LSOA11_CD": "S01010409", "Neighborhood_Name": "Kelvinside and Jordanhill - 02", "uk_imd2019_LSOA": "S01010409", "uk_imd2019_Rank": "6788", "uk_imd2019_SOA_pct": "97", "uk_imd2019_SOA_decile": "10" }, "geometry": { "type": "MultiPolygon", "coordinates": [ [ [ [ -4.33933, 55.88686 ], [ -4.33993, 55.88694 ], [ -4.34085, 55.88663 ], [ -4.3416, 55.88626 ], [ -4.34247, 55.88621 ], [ -4.34264, 55.88571 ], [ -4.34367, 55.88546 ], [ -4.34393, 55.88604 ], [ -4.34459, 55.88577 ], [ -4.34479, 55.88509 ], [ -4.34412, 55.88497 ], [ -4.34379, 55.88415 ], [ -4.34389, 55.88396 ], [ -4.3447, 55.88389 ], [ -4.34459, 55.88363 ], [ -4.34711, 55.88414 ], [ -4.34738, 55.88376 ], [ -4.34867, 55.88403 ], [ -4.34922, 55.88482 ], [ -4.34905, 55.8853 ], [ -4.34862, 55.88534 ], [ -4.34876, 55.88574 ], [ -4.34371, 55.88794 ], [ -4.34261, 55.88845 ], [ -4.34131, 55.88891 ], [ -4.33994, 55.88925 ], [ -4.33964, 55.8887 ], [ -4.33876, 55.88882 ], [ -4.33861, 55.88814 ], [ -4.33825, 55.88731 ], [ -4.33943, 55.88741 ], [ -4.33933, 55.88686 ] ] ] ] } },
{ "type": "Feature", "properties": { "LSOA11_CD": "S01010410", "Neighborhood_Name": "Kelvinside and Jordanhill - 03", "uk_imd2019_LSOA": "S01010410", "uk_imd2019_Rank": "6789", "uk_imd2019_SOA_pct": "97", "uk_imd2019_SOA_decile": "10" }, "geometry": { "type": "MultiPolygon", "coordinates": [ [ [ [ -4.33933, 55.88686 ], [ -4.33855, 55.88693 ], [ -4.33632, 55.88676 ], [ -4.33556, 55.88689 ], [ -4.33526, 55.88614 ], [ -4.33473, 55.88584 ], [ -4.33516, 55.88515 ], [ -4.33475, 55.88429 ], [ -4.33254, 55.88455 ], [ -4.33201, 55.88317 ], [ -4.33442, 55.88292 ], [ -4.33419, 55.88252 ], [ -4.33555, 55.88232 ], [ -4.33752, 55.88211 ], [ -4.33811, 55.88207 ], [ -4.34049, 55.8822 ], [ -4.34147, 55.88235 ], [ -4.3418, 55.88249 ], [ -4.34473, 55.88314 ], [ -4.34738, 55.88376 ], [ -4.34711, 55.88414 ], [ -4.34459, 55.88363 ], [ -4.3447, 55.88389 ], [ -4.34389, 55.88396 ], [ -4.34379, 55.88415 ], [ -4.34412, 55.88497 ], [ -4.34479, 55.88509 ], [ -4.34459, 55.88577 ], [ -4.34393, 55.88604 ], [ -4.34367, 55.88546 ], [ -4.34264, 55.88571 ], [ -4.34247, 55.88621 ], [ -4.3416, 55.88626 ], [ -4.34085, 55.88663 ], [ -4.33993, 55.88694 ], [ -4.33933, 55.88686 ] ] ] ] } },
{ "type": "Feature", "properties": { "LSOA11_CD": "S01010411", "Neighborhood_Name": "Kelvinside and Jordanhill - 04", "uk_imd2019_LSOA": "S01010411", "uk_imd2019_Rank": "6677", "uk_imd2019_SOA_pct": "96", "uk_imd2019_SOA_decile": "10" }, "geometry": { "type": "MultiPolygon", "coordinates": [ [ [ [ -4.33334, 55.88672 ], [ -4.3331, 55.88597 ], [ -4.33172, 55.88612 ], [ -4.33189, 55.8865 ], [ -4.32989, 55.88672 ], [ -4.32989, 55.88632 ], [ -4.32953, 55.8863 ], [ -4.32936, 55.88546 ], [ -4.32866, 55.88548 ], [ -4.32858, 55.88495 ], [ -4.32564, 55.88504 ], [ -4.3257, 55.88461 ], [ -4.32637, 55.88462 ], [ -4.32635, 55.88381 ], [ -4.32586, 55.88384 ], [ -4.32576, 55.88416 ], [ -4.32505, 55.88415 ], [ -4.32459, 55.88448 ], [ -4.32428, 55.88384 ], [ -4.32371, 55.88312 ], [ -4.32298, 55.88265 ], [ -4.32158, 55.88209 ], [ -4.32328, 55.88241 ], [ -4.32481, 55.88261 ], [ -4.32699, 55.88266 ], [ -4.33091, 55.88275 ], [ -4.33419, 55.88252 ], [ -4.33442, 55.88292 ], [ -4.33201, 55.88317 ], [ -4.33254, 55.88455 ], [ -4.33475, 55.88429 ], [ -4.33516, 55.88515 ], [ -4.33473, 55.88584 ], [ -4.33526, 55.88614 ], [ -4.33556, 55.88689 ], [ -4.33348, 55.88714 ], [ -4.33334, 55.88672 ] ] ] ] } },
{ "type": "Feature", "properties": { "LSOA11_CD": "S01010412", "Neighborhood_Name": "Kelvinside and Jordanhill - 05", "uk_imd2019_LSOA": "S01010412", "uk_imd2019_Rank": "5199", "uk_imd2019_SOA_pct": "75", "uk_imd2019_SOA_decile": "8" }, "geometry": { "type": "MultiPolygon", "coordinates": [ [ [ [ -4.31209, 55.88545 ], [ -4.30873, 55.88427 ], [ -4.30408, 55.8827 ], [ -4.30197, 55.88199 ], [ -4.30253, 55.88147 ], [ -4.30343, 55.88177 ], [ -4.3037, 55.88138 ], [ -4.30411, 55.88146 ], [ -4.30384, 55.88191 ], [ -4.30468, 55.88201 ], [ -4.3058, 55.88068 ], [ -4.30684, 55.88092 ], [ -4.30796, 55.88099 ], [ -4.30843, 55.88122 ], [ -4.3089, 55.88109 ], [ -4.30856, 55.88074 ], [ -4.30885, 55.88043 ], [ -4.30976, 55.8806 ], [ -4.31046, 55.88056 ], [ -4.31045, 55.8802 ], [ -4.3115, 55.88004 ], [ -4.31198, 55.87978 ], [ -4.31253, 55.87996 ], [ -4.31183, 55.88036 ], [ -4.31089, 55.88056 ], [ -4.31093, 55.88078 ], [ -4.31151, 55.88093 ], [ -4.31261, 55.88058 ], [ -4.31336, 55.88047 ], [ -4.31442, 55.87961 ], [ -4.31463, 55.87986 ], [ -4.3157, 55.88067 ], [ -4.31662, 55.88108 ], [ -4.31814, 55.88146 ], [ -4.32158, 55.88209 ], [ -4.32298, 55.88265 ], [ -4.32371, 55.88312 ], [ -4.32428, 55.88384 ], [ -4.32459, 55.88448 ], [ -4.3245, 55.88541 ], [ -4.31739, 55.88476 ], [ -4.31557, 55.88452 ], [ -4.31568, 55.88414 ], [ -4.31463, 55.88405 ], [ -4.31289, 55.88413 ], [ -4.31209, 55.88545 ] ] ] ] } },
{ "type": "Feature", "properties": { "LSOA11_CD": "S01010414", "Neighborhood_Name": "Kelvinside and Jordanhill - 07", "uk_imd2019_LSOA": "S01010414", "uk_imd2019_Rank": "5860", "uk_imd2019_SOA_pct": "84", "uk_imd2019_SOA_decile": "9" }, "geometry": { "type": "MultiPolygon", "coordinates": [ [ [ [ -4.32226, 55.88879 ], [ -4.3245, 55.88541 ], [ -4.32459, 55.88448 ], [ -4.32505, 55.88415 ], [ -4.32576, 55.88416 ], [ -4.32586, 55.88384 ], [ -4.32635, 55.88381 ], [ -4.32637, 55.88462 ], [ -4.3257, 55.88461 ], [ -4.32564, 55.88504 ], [ -4.32858, 55.88495 ], [ -4.32866, 55.88548 ], [ -4.32936, 55.88546 ], [ -4.32953, 55.8863 ], [ -4.32989, 55.88632 ], [ -4.32989, 55.88672 ], [ -4.33189, 55.8865 ], [ -4.33172, 55.88612 ], [ -4.3331, 55.88597 ], [ -4.33334, 55.88672 ], [ -4.32986, 55.88715 ], [ -4.33097, 55.89005 ], [ -4.32934, 55.89006 ], [ -4.32759, 55.89002 ], [ -4.32625, 55.89003 ], [ -4.32593, 55.89032 ], [ -4.32299, 55.88925 ], [ -4.32311, 55.88906 ], [ -4.32226, 55.88879 ] ] ] ] } },
{ "type": "Feature", "properties": { "LSOA11_CD": "S01010415", "Neighborhood_Name": "Broomhill - 01", "uk_imd2019_LSOA": "S01010415", "uk_imd2019_Rank": "1110", "uk_imd2019_SOA_pct": "16", "uk_imd2019_SOA_decile": "2" }, "geometry": { "type": "MultiPolygon", "coordinates": [ [ [ [ -4.32419, 55.87546 ], [ -4.32378, 55.87526 ], [ -4.32303, 55.87392 ], [ -4.3222, 55.87336 ], [ -4.32126, 55.87302 ], [ -4.32187, 55.87211 ], [ -4.32219, 55.87161 ], [ -4.32204, 55.87124 ], [ -4.32245, 55.87115 ], [ -4.32513, 55.8717 ], [ -4.32707, 55.872 ], [ -4.32794, 55.8722 ], [ -4.32762, 55.8729 ], [ -4.32746, 55.8735 ], [ -4.32747, 55.87407 ], [ -4.32728, 55.87465 ], [ -4.32672, 55.87463 ], [ -4.32639, 55.87504 ], [ -4.32558, 55.87519 ], [ -4.3251, 55.87545 ], [ -4.32419, 55.87546 ] ] ] ] } },
{ "type": "Feature", "properties": { "LSOA11_CD": "S01010416", "Neighborhood_Name": "Broomhill - 02", "uk_imd2019_LSOA": "S01010416", "uk_imd2019_Rank": "6427", "uk_imd2019_SOA_pct": "92", "uk_imd2019_SOA_decile": "10" }, "geometry": { "type": "MultiPolygon", "coordinates": [ [ [ [ -4.32158, 55.88209 ], [ -4.31814, 55.88146 ], [ -4.31662, 55.88108 ], [ -4.3157, 55.88067 ], [ -4.31463, 55.87986 ], [ -4.31552, 55.87948 ], [ -4.31541, 55.87936 ], [ -4.31607, 55.87844 ], [ -4.31626, 55.87901 ], [ -4.31616, 55.87921 ], [ -4.31728, 55.88002 ], [ -4.31788, 55.88029 ], [ -4.31889, 55.88011 ], [ -4.32193, 55.88055 ], [ -4.32444, 55.88075 ], [ -4.32494, 55.88192 ], [ -4.32617, 55.88186 ], [ -4.32617, 55.88104 ], [ -4.32636, 55.88114 ], [ -4.32865, 55.88125 ], [ -4.32847, 55.88248 ], [ -4.32718, 55.88239 ], [ -4.32699, 55.88266 ], [ -4.32481, 55.88261 ], [ -4.32328, 55.88241 ], [ -4.32158, 55.88209 ] ] ] ] } },
{ "type": "Feature", "properties": { "LSOA11_CD": "S01010417", "Neighborhood_Name": "Broomhill - 03", "uk_imd2019_LSOA": "S01010417", "uk_imd2019_Rank": "6903", "uk_imd2019_SOA_pct": "99", "uk_imd2019_SOA_decile": "10" }, "geometry": { "type": "MultiPolygon", "coordinates": [ [ [ [ -4.31889, 55.88011 ], [ -4.31875, 55.87977 ], [ -4.31947, 55.87943 ], [ -4.31966, 55.87916 ], [ -4.32119, 55.87849 ], [ -4.32169, 55.87847 ], [ -4.32195, 55.87867 ], [ -4.32303, 55.8782 ], [ -4.32414, 55.87907 ], [ -4.32457, 55.87911 ], [ -4.32454, 55.87812 ], [ -4.32578, 55.87811 ], [ -4.32577, 55.8777 ], [ -4.32739, 55.87773 ], [ -4.32668, 55.88054 ], [ -4.32596, 55.88068 ], [ -4.32617, 55.88104 ], [ -4.32617, 55.88186 ], [ -4.32494, 55.88192 ], [ -4.32444, 55.88075 ], [ -4.32193, 55.88055 ], [ -4.31889, 55.88011 ] ] ] ] } },
{ "type": "Feature", "properties": { "LSOA11_CD": "S01010418", "Neighborhood_Name": "Broomhill - 04", "uk_imd2019_LSOA": "S01010418", "uk_imd2019_Rank": "6402", "uk_imd2019_SOA_pct": "92", "uk_imd2019_SOA_decile": "10" }, "geometry": { "type": "MultiPolygon", "coordinates": [ [ [ [ -4.32303, 55.8782 ], [ -4.32218, 55.87822 ], [ -4.31888, 55.87587 ], [ -4.31944, 55.87566 ], [ -4.32161, 55.87592 ], [ -4.3228, 55.87591 ], [ -4.32354, 55.87576 ], [ -4.32419, 55.87546 ], [ -4.3251, 55.87545 ], [ -4.32558, 55.87519 ], [ -4.32639, 55.87504 ], [ -4.32672, 55.87463 ], [ -4.32728, 55.87465 ], [ -4.32701, 55.87581 ], [ -4.32691, 55.87661 ], [ -4.32757, 55.87694 ], [ -4.32739, 55.87773 ], [ -4.32577, 55.8777 ], [ -4.32578, 55.87811 ], [ -4.32454, 55.87812 ], [ -4.32457, 55.87911 ], [ -4.32414, 55.87907 ], [ -4.32303, 55.8782 ] ] ] ] } },
{ "type": "Feature", "properties": { "LSOA11_CD": "S01010419", "Neighborhood_Name": "Broomhill - 05", "uk_imd2019_LSOA": "S01010419", "uk_imd2019_Rank": "6783", "uk_imd2019_SOA_pct": "97", "uk_imd2019_SOA_decile": "10" }, "geometry": { "type": "MultiPolygon", "coordinates": [ [ [ [ -4.31607, 55.87844 ], [ -4.31683, 55.87832 ], [ -4.31698, 55.87808 ], [ -4.3168, 55.87748 ], [ -4.31753, 55.87647 ], [ -4.31888, 55.87587 ], [ -4.32218, 55.87822 ], [ -4.32303, 55.8782 ], [ -4.32195, 55.87867 ], [ -4.32169, 55.87847 ], [ -4.32119, 55.87849 ], [ -4.31966, 55.87916 ], [ -4.31947, 55.87943 ], [ -4.31875, 55.87977 ], [ -4.31889, 55.88011 ], [ -4.31788, 55.88029 ], [ -4.31728, 55.88002 ], [ -4.31616, 55.87921 ], [ -4.31626, 55.87901 ], [ -4.31607, 55.87844 ] ] ] ] } },
{ "type": "Feature", "properties": { "LSOA11_CD": "S01010420", "Neighborhood_Name": "Victoria Park - 01", "uk_imd2019_LSOA": "S01010420", "uk_imd2019_Rank": "6064", "uk_imd2019_SOA_pct": "87", "uk_imd2019_SOA_decile": "9" }, "geometry": { "type": "MultiPolygon", "coordinates": [ [ [ [ -4.32699, 55.88266 ], [ -4.32718, 55.88239 ], [ -4.32847, 55.88248 ], [ -4.32865, 55.88125 ], [ -4.32636, 55.88114 ], [ -4.32617, 55.88104 ], [ -4.32596, 55.88068 ], [ -4.32668, 55.88054 ], [ -4.32735, 55.88078 ], [ -4.32976, 55.88089 ], [ -4.3297, 55.88115 ], [ -4.33105, 55.88113 ], [ -4.33103, 55.88068 ], [ -4.33043, 55.88062 ], [ -4.33054, 55.87984 ], [ -4.33116, 55.87986 ], [ -4.3318, 55.87972 ], [ -4.33213, 55.87899 ], [ -4.33279, 55.8791 ], [ -4.33358, 55.87945 ], [ -4.33437, 55.87962 ], [ -4.33628, 55.87979 ], [ -4.33612, 55.88022 ], [ -4.33734, 55.88035 ], [ -4.33708, 55.88104 ], [ -4.33752, 55.88211 ], [ -4.33555, 55.88232 ], [ -4.33419, 55.88252 ], [ -4.33091, 55.88275 ], [ -4.32699, 55.88266 ] ] ] ] } },
{ "type": "Feature", "properties": { "LSOA11_CD": "S01010421", "Neighborhood_Name": "Victoria Park - 02", "uk_imd2019_LSOA": "S01010421", "uk_imd2019_Rank": "5703", "uk_imd2019_SOA_pct": "82", "uk_imd2019_SOA_decile": "9" }, "geometry": { "type": "MultiPolygon", "coordinates": [ [ [ [ -4.32668, 55.88054 ], [ -4.32739, 55.87773 ], [ -4.32757, 55.87694 ], [ -4.32691, 55.87661 ], [ -4.32701, 55.87581 ], [ -4.32728, 55.87465 ], [ -4.32747, 55.87407 ], [ -4.32746, 55.8735 ], [ -4.32762, 55.8729 ], [ -4.32881, 55.87351 ], [ -4.32953, 55.8735 ], [ -4.33159, 55.87384 ], [ -4.33345, 55.87419 ], [ -4.33541, 55.87463 ], [ -4.33505, 55.87513 ], [ -4.33556, 55.87529 ], [ -4.33522, 55.87679 ], [ -4.33457, 55.87659 ], [ -4.33292, 55.87626 ], [ -4.33318, 55.87666 ], [ -4.3318, 55.87834 ], [ -4.3316, 55.87884 ], [ -4.33213, 55.87899 ], [ -4.3318, 55.87972 ], [ -4.33116, 55.87986 ], [ -4.33054, 55.87984 ], [ -4.33043, 55.88062 ], [ -4.33103, 55.88068 ], [ -4.33105, 55.88113 ], [ -4.3297, 55.88115 ], [ -4.32976, 55.88089 ], [ -4.32735, 55.88078 ], [ -4.32668, 55.88054 ] ] ] ] } },
{ "type": "Feature", "properties": { "LSOA11_CD": "S01010454", "Neighborhood_Name": "Knightswood East - 05", "uk_imd2019_LSOA": "S01010454", "uk_imd2019_Rank": "2102", "uk_imd2019_SOA_pct": "30", "uk_imd2019_SOA_decile": "4" }, "geometry": { "type": "MultiPolygon", "coordinates": [ [ [ [ -4.36394, 55.89496 ], [ -4.36312, 55.89487 ], [ -4.36227, 55.89288 ], [ -4.36308, 55.89217 ], [ -4.36281, 55.89166 ], [ -4.36214, 55.89138 ], [ -4.36077, 55.89097 ], [ -4.36086, 55.89057 ], [ -4.36141, 55.89074 ], [ -4.36158, 55.89042 ], [ -4.3628, 55.89079 ], [ -4.36257, 55.89114 ], [ -4.36307, 55.89125 ], [ -4.36415, 55.88973 ], [ -4.36432, 55.8894 ], [ -4.36501, 55.88943 ], [ -4.36571, 55.88919 ], [ -4.36621, 55.88923 ], [ -4.3671, 55.8881 ], [ -4.36906, 55.88852 ], [ -4.36845, 55.88946 ], [ -4.36789, 55.89008 ], [ -4.36744, 55.88997 ], [ -4.36672, 55.89097 ], [ -4.36705, 55.8914 ], [ -4.3669, 55.89162 ], [ -4.36615, 55.89182 ], [ -4.36528, 55.89282 ], [ -4.36552, 55.89291 ], [ -4.36507, 55.89353 ], [ -4.36571, 55.89364 ], [ -4.36516, 55.89511 ], [ -4.36394, 55.89496 ] ] ] ] } },
{ "type": "Feature", "properties": { "LSOA11_CD": "S01010422", "Neighborhood_Name": "Victoria Park - 03", "uk_imd2019_LSOA": "S01010422", "uk_imd2019_Rank": "4290", "uk_imd2019_SOA_pct": "61", "uk_imd2019_SOA_decile": "7" }, "geometry": { "type": "MultiPolygon", "coordinates": [ [ [ [ -4.33213, 55.87899 ], [ -4.3316, 55.87884 ], [ -4.3318, 55.87834 ], [ -4.33318, 55.87666 ], [ -4.33292, 55.87626 ], [ -4.33457, 55.87659 ], [ -4.33522, 55.87679 ], [ -4.33556, 55.87529 ], [ -4.33505, 55.87513 ], [ -4.33541, 55.87463 ], [ -4.33647, 55.87491 ], [ -4.33719, 55.87441 ], [ -4.33672, 55.8743 ], [ -4.33695, 55.874 ], [ -4.33743, 55.87414 ], [ -4.33756, 55.87453 ], [ -4.33818, 55.87469 ], [ -4.33844, 55.87441 ], [ -4.34146, 55.87524 ], [ -4.34103, 55.87577 ], [ -4.3411, 55.87612 ], [ -4.34227, 55.87643 ], [ -4.34245, 55.8768 ], [ -4.34442, 55.87675 ], [ -4.34418, 55.87694 ], [ -4.34318, 55.8769 ], [ -4.34172, 55.87773 ], [ -4.34088, 55.87736 ], [ -4.33976, 55.8781 ], [ -4.33911, 55.87783 ], [ -4.33867, 55.87815 ], [ -4.33823, 55.87795 ], [ -4.33753, 55.87841 ], [ -4.33865, 55.87892 ], [ -4.33781, 55.87952 ], [ -4.33734, 55.88035 ], [ -4.33612, 55.88022 ], [ -4.33628, 55.87979 ], [ -4.33437, 55.87962 ], [ -4.33358, 55.87945 ], [ -4.33279, 55.8791 ], [ -4.33213, 55.87899 ] ] ] ] } },
{ "type": "Feature", "properties": { "LSOA11_CD": "S01010424", "Neighborhood_Name": "Whiteinch - 02", "uk_imd2019_LSOA": "S01010424", "uk_imd2019_Rank": "875", "uk_imd2019_SOA_pct": "13", "uk_imd2019_SOA_decile": "2" }, "geometry": { "type": "MultiPolygon", "coordinates": [ [ [ [ -4.33541, 55.87463 ], [ -4.33345, 55.87419 ], [ -4.33376, 55.87364 ], [ -4.33244, 55.87338 ], [ -4.33259, 55.87268 ], [ -4.33283, 55.8723 ], [ -4.33404, 55.87258 ], [ -4.33465, 55.87264 ], [ -4.33541, 55.87252 ], [ -4.3361, 55.87265 ], [ -4.33639, 55.87207 ], [ -4.33507, 55.8718 ], [ -4.33491, 55.87154 ], [ -4.33313, 55.87121 ], [ -4.33263, 55.872 ], [ -4.33157, 55.87179 ], [ -4.33158, 55.87144 ], [ -4.33007, 55.87117 ], [ -4.33048, 55.87076 ], [ -4.33081, 55.87016 ], [ -4.33102, 55.86933 ], [ -4.33135, 55.8691 ], [ -4.33331, 55.86924 ], [ -4.33381, 55.86936 ], [ -4.33661, 55.86972 ], [ -4.33696, 55.86992 ], [ -4.33873, 55.86986 ], [ -4.33892, 55.87019 ], [ -4.34065, 55.87011 ], [ -4.34081, 55.87037 ], [ -4.34231, 55.87093 ], [ -4.34297, 55.8711 ], [ -4.34359, 55.87146 ], [ -4.34207, 55.87309 ], [ -4.33863, 55.87224 ], [ -4.33779, 55.87213 ], [ -4.33766, 55.87232 ], [ -4.33959, 55.87288 ], [ -4.33926, 55.87321 ], [ -4.3389, 55.87385 ], [ -4.33844, 55.87441 ], [ -4.33818, 55.87469 ], [ -4.33756, 55.87453 ], [ -4.33743, 55.87414 ], [ -4.33695, 55.874 ], [ -4.33672, 55.8743 ], [ -4.33719, 55.87441 ], [ -4.33647, 55.87491 ], [ -4.33541, 55.87463 ] ] ] ] } },
{ "type": "Feature", "properties": { "LSOA11_CD": "S01010448", "Neighborhood_Name": "Knightswood West - 02", "uk_imd2019_LSOA": "S01010448", "uk_imd2019_Rank": "2547", "uk_imd2019_SOA_pct": "37", "uk_imd2019_SOA_decile": "4" }, "geometry": { "type": "MultiPolygon", "coordinates": [ [ [ [ -4.3656, 55.89589 ], [ -4.36582, 55.89506 ], [ -4.36516, 55.89511 ], [ -4.36571, 55.89364 ], [ -4.36507, 55.89353 ], [ -4.36552, 55.89291 ], [ -4.36528, 55.89282 ], [ -4.36615, 55.89182 ], [ -4.3669, 55.89162 ], [ -4.36705, 55.8914 ], [ -4.36786, 55.89114 ], [ -4.36867, 55.89152 ], [ -4.36877, 55.89187 ], [ -4.36932, 55.89194 ], [ -4.36984, 55.89123 ], [ -4.37034, 55.89138 ], [ -4.36916, 55.89305 ], [ -4.36968, 55.89319 ], [ -4.37031, 55.89238 ], [ -4.37079, 55.89248 ], [ -4.37065, 55.89276 ], [ -4.37172, 55.89299 ], [ -4.3715, 55.89329 ], [ -4.3704, 55.89307 ], [ -4.36977, 55.89389 ], [ -4.36931, 55.89403 ], [ -4.3716, 55.89466 ], [ -4.37129, 55.89559 ], [ -4.36984, 55.89545 ], [ -4.36844, 55.89573 ], [ -4.36729, 55.89551 ], [ -4.36688, 55.89565 ], [ -4.36726, 55.89612 ], [ -4.36794, 55.89632 ], [ -4.36812, 55.89662 ], [ -4.36779, 55.89686 ], [ -4.36718, 55.89694 ], [ -4.3656, 55.89589 ] ] ] ] } },
{ "type": "Feature", "properties": { "LSOA11_CD": "S01010436", "Neighborhood_Name": "Scotstoun South and West - 05", "uk_imd2019_LSOA": "S01010436", "uk_imd2019_Rank": "365", "uk_imd2019_SOA_pct": "5", "uk_imd2019_SOA_decile": "1" }, "geometry": { "type": "MultiPolygon", "coordinates": [ [ [ [ -4.35678, 55.8802 ], [ -4.35271, 55.87867 ], [ -4.35197, 55.87913 ], [ -4.35365, 55.87975 ], [ -4.35331, 55.88007 ], [ -4.35403, 55.88033 ], [ -4.35373, 55.88063 ], [ -4.35332, 55.88045 ], [ -4.35139, 55.8797 ], [ -4.35164, 55.87943 ], [ -4.34973, 55.87863 ], [ -4.34792, 55.87794 ], [ -4.34669, 55.87744 ], [ -4.34705, 55.87721 ], [ -4.34772, 55.87748 ], [ -4.34828, 55.87732 ], [ -4.34983, 55.87611 ], [ -4.34821, 55.87562 ], [ -4.3474, 55.87634 ], [ -4.3467, 55.876 ], [ -4.34515, 55.87524 ], [ -4.34593, 55.87466 ], [ -4.34549, 55.8745 ], [ -4.34476, 55.87506 ], [ -4.3438, 55.87457 ], [ -4.34209, 55.87379 ], [ -4.34164, 55.87351 ], [ -4.34067, 55.87321 ], [ -4.33983, 55.87428 ], [ -4.33903, 55.87415 ], [ -4.33844, 55.87441 ], [ -4.3389, 55.87385 ], [ -4.33926, 55.87321 ], [ -4.33959, 55.87288 ], [ -4.33766, 55.87232 ], [ -4.33779, 55.87213 ], [ -4.33863, 55.87224 ], [ -4.34207, 55.87309 ], [ -4.34359, 55.87146 ], [ -4.34697, 55.87286 ], [ -4.34736, 55.87262 ], [ -4.34819, 55.87302 ], [ -4.34941, 55.87337 ], [ -4.34945, 55.87369 ], [ -4.35006, 55.87403 ], [ -4.3512, 55.87431 ], [ -4.35451, 55.87533 ], [ -4.35506, 55.87533 ], [ -4.35579, 55.87556 ], [ -4.35738, 55.8762 ], [ -4.35692, 55.87671 ], [ -4.35713, 55.8768 ], [ -4.3578, 55.87639 ], [ -4.3592, 55.87695 ], [ -4.3599, 55.87734 ], [ -4.36192, 55.87808 ], [ -4.36212, 55.87862 ], [ -4.36277, 55.87854 ], [ -4.36334, 55.8787 ], [ -4.36464, 55.87928 ], [ -4.3642, 55.87941 ], [ -4.36453, 55.87988 ], [ -4.36514, 55.87996 ], [ -4.36587, 55.87991 ], [ -4.36699, 55.88054 ], [ -4.367, 55.88084 ], [ -4.36654, 55.881 ], [ -4.36501, 55.88213 ], [ -4.36464, 55.88182 ], [ -4.36327, 55.8812 ], [ -4.36231, 55.88177 ], [ -4.36212, 55.88205 ], [ -4.35972, 55.88108 ], [ -4.3578, 55.88055 ], [ -4.35678, 55.8802 ] ] ] ] } },
{ "type": "Feature", "properties": { "LSOA11_CD": "S01010437", "Neighborhood_Name": "Yoker South - 01", "uk_imd2019_LSOA": "S01010437", "uk_imd2019_Rank": "1751", "uk_imd2019_SOA_pct": "25", "uk_imd2019_SOA_decile": "3" }, "geometry": { "type": "MultiPolygon", "coordinates": [ [ [ [ -4.3671, 55.8881 ], [ -4.3638, 55.88735 ], [ -4.36409, 55.88691 ], [ -4.36376, 55.88686 ], [ -4.36367, 55.88646 ], [ -4.36453, 55.88584 ], [ -4.36555, 55.88575 ], [ -4.36582, 55.88537 ], [ -4.36574, 55.88497 ], [ -4.36601, 55.88466 ], [ -4.36664, 55.88491 ], [ -4.36692, 55.88519 ], [ -4.3683, 55.88579 ], [ -4.3704, 55.8867 ], [ -4.36906, 55.88852 ], [ -4.3671, 55.8881 ] ] ] ] } },
{ "type": "Feature", "properties": { "LSOA11_CD": "S01010438", "Neighborhood_Name": "Yoker South - 02", "uk_imd2019_LSOA": "S01010438", "uk_imd2019_Rank": "968", "uk_imd2019_SOA_pct": "14", "uk_imd2019_SOA_decile": "2" }, "geometry": { "type": "MultiPolygon", "coordinates": [ [ [ [ -4.36906, 55.88852 ], [ -4.3704, 55.8867 ], [ -4.3683, 55.88579 ], [ -4.36878, 55.8854 ], [ -4.36891, 55.8849 ], [ -4.36927, 55.88465 ], [ -4.37077, 55.88529 ], [ -4.37189, 55.88532 ], [ -4.37167, 55.8857 ], [ -4.37302, 55.88621 ], [ -4.37384, 55.88657 ], [ -4.37348, 55.88682 ], [ -4.37282, 55.88693 ], [ -4.37543, 55.88804 ], [ -4.37703, 55.88876 ], [ -4.3774, 55.8885 ], [ -4.37566, 55.88776 ], [ -4.37597, 55.88753 ], [ -4.37757, 55.88819 ], [ -4.37826, 55.88799 ], [ -4.37712, 55.88881 ], [ -4.37563, 55.88997 ], [ -4.3724, 55.88927 ], [ -4.37162, 55.88904 ], [ -4.36906, 55.88852 ] ] ] ] } },
{ "type": "Feature", "properties": { "LSOA11_CD": "S01010439", "Neighborhood_Name": "Yoker South - 03", "uk_imd2019_LSOA": "S01010439", "uk_imd2019_Rank": "1160", "uk_imd2019_SOA_pct": "17", "uk_imd2019_SOA_decile": "2" }, "geometry": { "type": "MultiPolygon", "coordinates": [ [ [ [ -4.37302, 55.88621 ], [ -4.37338, 55.88593 ], [ -4.37431, 55.88632 ], [ -4.3746, 55.88611 ], [ -4.3746, 55.88577 ], [ -4.37614, 55.88464 ], [ -4.37696, 55.88493 ], [ -4.37732, 55.88517 ], [ -4.38046, 55.88653 ], [ -4.38047, 55.88708 ], [ -4.37964, 55.88705 ], [ -4.37895, 55.88756 ], [ -4.37829, 55.88727 ], [ -4.37799, 55.88748 ], [ -4.37826, 55.88799 ], [ -4.37757, 55.88819 ], [ -4.37597, 55.88753 ], [ -4.37566, 55.88776 ], [ -4.3774, 55.8885 ], [ -4.37703, 55.88876 ], [ -4.37543, 55.88804 ], [ -4.37282, 55.88693 ], [ -4.37348, 55.88682 ], [ -4.37384, 55.88657 ], [ -4.37302, 55.88621 ] ] ] ] } },
{ "type": "Feature", "properties": { "LSOA11_CD": "S01010440", "Neighborhood_Name": "Yoker South - 04", "uk_imd2019_LSOA": "S01010440", "uk_imd2019_Rank": "453", "uk_imd2019_SOA_pct": "6", "uk_imd2019_SOA_decile": "1" }, "geometry": { "type": "MultiPolygon", "coordinates": [ [ [ [ -4.37356, 55.89176 ], [ -4.37418, 55.89115 ], [ -4.3748, 55.89074 ], [ -4.37563, 55.88997 ], [ -4.37712, 55.88881 ], [ -4.37826, 55.88799 ], [ -4.38238, 55.88976 ], [ -4.38208, 55.89007 ], [ -4.38246, 55.89022 ], [ -4.38283, 55.88997 ], [ -4.38322, 55.89016 ], [ -4.38245, 55.89071 ], [ -4.3839, 55.89118 ], [ -4.38323, 55.89167 ], [ -4.38437, 55.89194 ], [ -4.38426, 55.89208 ], [ -4.38355, 55.89203 ], [ -4.3831, 55.89284 ], [ -4.38326, 55.89298 ], [ -4.38276, 55.89307 ], [ -4.38091, 55.89286 ], [ -4.38056, 55.89236 ], [ -4.38009, 55.89277 ], [ -4.37697, 55.89206 ], [ -4.37638, 55.89295 ], [ -4.37684, 55.89304 ], [ -4.37736, 55.8923 ], [ -4.37827, 55.8925 ], [ -4.37746, 55.89364 ], [ -4.37596, 55.89336 ], [ -4.37636, 55.89273 ], [ -4.37548, 55.89253 ], [ -4.37536, 55.89265 ], [ -4.37429, 55.89246 ], [ -4.37476, 55.8919 ], [ -4.3741, 55.89193 ], [ -4.37356, 55.89176 ] ] ] ] } },
{ "type": "Feature", "properties": { "LSOA11_CD": "S01010441", "Neighborhood_Name": "Yoker South - 05", "uk_imd2019_LSOA": "S01010441", "uk_imd2019_Rank": "3687", "uk_imd2019_SOA_pct": "53", "uk_imd2019_SOA_decile": "6" }, "geometry": { "type": "MultiPolygon", "coordinates": [ [ [ [ -4.38426, 55.89208 ], [ -4.38437, 55.89194 ], [ -4.38323, 55.89167 ], [ -4.3839, 55.89118 ], [ -4.38245, 55.89071 ], [ -4.38322, 55.89016 ], [ -4.38283, 55.88997 ], [ -4.38246, 55.89022 ], [ -4.38208, 55.89007 ], [ -4.38238, 55.88976 ], [ -4.37826, 55.88799 ], [ -4.37799, 55.88748 ], [ -4.37829, 55.88727 ], [ -4.37895, 55.88756 ], [ -4.37964, 55.88705 ], [ -4.38047, 55.88708 ], [ -4.38099, 55.88723 ], [ -4.38178, 55.88699 ], [ -4.3841, 55.88771 ], [ -4.38706, 55.88841 ], [ -4.39235, 55.88953 ], [ -4.39139, 55.89012 ], [ -4.39096, 55.89028 ], [ -4.39064, 55.89065 ], [ -4.39021, 55.89071 ], [ -4.38928, 55.89049 ], [ -4.38841, 55.89052 ], [ -4.38758, 55.89034 ], [ -4.38713, 55.89036 ], [ -4.38597, 55.89003 ], [ -4.38547, 55.89001 ], [ -4.38512, 55.89022 ], [ -4.38557, 55.89086 ], [ -4.38717, 55.89121 ], [ -4.38653, 55.89211 ], [ -4.38604, 55.89248 ], [ -4.38588, 55.89259 ], [ -4.38426, 55.89208 ] ] ] ] } },
{ "type": "Feature", "properties": { "LSOA11_CD": "S01010442", "Neighborhood_Name": "Yoker South - 06", "uk_imd2019_LSOA": "S01010442", "uk_imd2019_Rank": "1019", "uk_imd2019_SOA_pct": "15", "uk_imd2019_SOA_decile": "2" }, "geometry": { "type": "MultiPolygon", "coordinates": [ [ [ [ -4.37302, 55.88621 ], [ -4.37167, 55.8857 ], [ -4.37189, 55.88532 ], [ -4.37077, 55.88529 ], [ -4.36927, 55.88465 ], [ -4.36891, 55.8849 ], [ -4.36878, 55.8854 ], [ -4.3683, 55.88579 ], [ -4.36692, 55.88519 ], [ -4.36664, 55.88491 ], [ -4.36601, 55.88466 ], [ -4.36505, 55.88413 ], [ -4.3635, 55.88285 ], [ -4.36592, 55.88302 ], [ -4.36682, 55.88317 ], [ -4.36736, 55.88341 ], [ -4.36787, 55.88296 ], [ -4.36709, 55.88268 ], [ -4.36764, 55.88227 ], [ -4.36806, 55.88245 ], [ -4.36906, 55.88182 ], [ -4.37096, 55.88241 ], [ -4.37091, 55.8828 ], [ -4.37243, 55.88307 ], [ -4.37232, 55.88335 ], [ -4.37307, 55.88353 ], [ -4.37374, 55.88383 ], [ -4.37365, 55.88413 ], [ -4.37463, 55.88423 ], [ -4.37458, 55.88463 ], [ -4.37507, 55.88484 ], [ -4.37534, 55.88465 ], [ -4.37614, 55.88464 ], [ -4.3746, 55.88577 ], [ -4.3746, 55.88611 ], [ -4.37431, 55.88632 ], [ -4.37338, 55.88593 ], [ -4.37302, 55.88621 ] ] ] ] } },
{ "type": "Feature", "properties": { "LSOA11_CD": "S01010443", "Neighborhood_Name": "Yoker North - 01", "uk_imd2019_LSOA": "S01010443", "uk_imd2019_Rank": "2928", "uk_imd2019_SOA_pct": "42", "uk_imd2019_SOA_decile": "5" }, "geometry": { "type": "MultiPolygon", "coordinates": [ [ [ [ -4.37888, 55.90004 ], [ -4.37554, 55.89989 ], [ -4.37543, 55.89998 ], [ -4.37534, 55.8999 ], [ -4.37615, 55.89924 ], [ -4.37555, 55.89891 ], [ -4.37522, 55.8985 ], [ -4.37478, 55.89863 ], [ -4.3752, 55.8991 ], [ -4.37515, 55.89939 ], [ -4.37438, 55.8994 ], [ -4.37388, 55.89886 ], [ -4.37401, 55.89851 ], [ -4.37644, 55.89794 ], [ -4.37744, 55.8981 ], [ -4.37756, 55.89768 ], [ -4.37727, 55.89717 ], [ -4.37841, 55.89691 ], [ -4.37872, 55.89732 ], [ -4.37858, 55.89769 ], [ -4.37961, 55.89751 ], [ -4.37996, 55.89796 ], [ -4.38027, 55.89804 ], [ -4.37933, 55.8994 ], [ -4.37888, 55.90004 ] ] ] ] } },
{ "type": "Feature", "properties": { "LSOA11_CD": "S01010444", "Neighborhood_Name": "Yoker North - 02", "uk_imd2019_LSOA": "S01010444", "uk_imd2019_Rank": "1383", "uk_imd2019_SOA_pct": "20", "uk_imd2019_SOA_decile": "2" }, "geometry": { "type": "MultiPolygon", "coordinates": [ [ [ [ -4.36919, 55.89946 ], [ -4.36982, 55.89917 ], [ -4.37019, 55.89885 ], [ -4.37062, 55.89751 ], [ -4.37093, 55.8968 ], [ -4.37129, 55.89559 ], [ -4.3716, 55.89466 ], [ -4.37275, 55.89497 ], [ -4.37308, 55.89462 ], [ -4.37557, 55.89528 ], [ -4.37588, 55.89566 ], [ -4.37644, 55.89598 ], [ -4.37688, 55.89606 ], [ -4.37676, 55.89649 ], [ -4.37727, 55.89717 ], [ -4.37756, 55.89768 ], [ -4.37744, 55.8981 ], [ -4.37644, 55.89794 ], [ -4.37401, 55.89851 ], [ -4.37388, 55.89886 ], [ -4.37438, 55.8994 ], [ -4.37515, 55.89939 ], [ -4.3752, 55.8991 ], [ -4.37478, 55.89863 ], [ -4.37522, 55.8985 ], [ -4.37555, 55.89891 ], [ -4.37615, 55.89924 ], [ -4.37534, 55.8999 ], [ -4.3752, 55.90002 ], [ -4.37362, 55.89981 ], [ -4.36919, 55.89946 ] ] ] ] } },
{ "type": "Feature", "properties": { "LSOA11_CD": "S01010445", "Neighborhood_Name": "Yoker North - 03", "uk_imd2019_LSOA": "S01010445", "uk_imd2019_Rank": "1150", "uk_imd2019_SOA_pct": "16", "uk_imd2019_SOA_decile": "2" }, "geometry": { "type": "MultiPolygon", "coordinates": [ [ [ [ -4.3716, 55.89466 ], [ -4.36931, 55.89403 ], [ -4.36977, 55.89389 ], [ -4.3704, 55.89307 ], [ -4.3715, 55.89329 ], [ -4.37172, 55.89299 ], [ -4.37251, 55.89285 ], [ -4.37356, 55.89176 ], [ -4.3741, 55.89193 ], [ -4.37476, 55.8919 ], [ -4.37429, 55.89246 ], [ -4.37536, 55.89265 ], [ -4.37548, 55.89253 ], [ -4.37636, 55.89273 ], [ -4.37596, 55.89336 ], [ -4.37746, 55.89364 ], [ -4.37827, 55.8925 ], [ -4.37736, 55.8923 ], [ -4.37684, 55.89304 ], [ -4.37638, 55.89295 ], [ -4.37697, 55.89206 ], [ -4.38009, 55.89277 ], [ -4.38056, 55.89236 ], [ -4.38091, 55.89286 ], [ -4.38056, 55.89298 ], [ -4.3805, 55.89376 ], [ -4.38007, 55.89413 ], [ -4.37929, 55.89392 ], [ -4.37903, 55.89427 ], [ -4.37613, 55.89375 ], [ -4.37593, 55.89405 ], [ -4.37654, 55.89409 ], [ -4.37722, 55.89443 ], [ -4.37542, 55.89487 ], [ -4.37557, 55.89528 ], [ -4.37308, 55.89462 ], [ -4.37275, 55.89497 ], [ -4.3716, 55.89466 ] ] ] ] } },
{ "type": "Feature", "properties": { "LSOA11_CD": "S01010446", "Neighborhood_Name": "Yoker North - 04", "uk_imd2019_LSOA": "S01010446", "uk_imd2019_Rank": "3189", "uk_imd2019_SOA_pct": "46", "uk_imd2019_SOA_decile": "5" }, "geometry": { "type": "MultiPolygon", "coordinates": [ [ [ [ -4.37727, 55.89717 ], [ -4.37676, 55.89649 ], [ -4.37688, 55.89606 ], [ -4.37644, 55.89598 ], [ -4.37588, 55.89566 ], [ -4.37557, 55.89528 ], [ -4.37542, 55.89487 ], [ -4.37722, 55.89443 ], [ -4.37654, 55.89409 ], [ -4.37593, 55.89405 ], [ -4.37613, 55.89375 ], [ -4.37903, 55.89427 ], [ -4.37929, 55.89392 ], [ -4.38007, 55.89413 ], [ -4.3805, 55.89376 ], [ -4.38056, 55.89298 ], [ -4.38091, 55.89286 ], [ -4.38276, 55.89307 ], [ -4.38326, 55.89298 ], [ -4.38333, 55.89348 ], [ -4.38264, 55.89376 ], [ -4.38315, 55.89449 ], [ -4.38176, 55.89477 ], [ -4.38062, 55.8953 ], [ -4.38171, 55.89646 ], [ -4.38061, 55.89677 ], [ -4.38031, 55.89672 ], [ -4.38026, 55.89731 ], [ -4.37997, 55.89742 ], [ -4.38027, 55.89804 ], [ -4.37996, 55.89796 ], [ -4.37961, 55.89751 ], [ -4.37858, 55.89769 ], [ -4.37872, 55.89732 ], [ -4.37841, 55.89691 ], [ -4.37727, 55.89717 ] ] ] ] } },
{ "type": "Feature", "properties": { "LSOA11_CD": "S01010447", "Neighborhood_Name": "Knightswood West - 01", "uk_imd2019_LSOA": "S01010447", "uk_imd2019_Rank": "512", "uk_imd2019_SOA_pct": "7", "uk_imd2019_SOA_decile": "1" }, "geometry": { "type": "MultiPolygon", "coordinates": [ [ [ [ -4.36708, 55.89923 ], [ -4.36431, 55.89892 ], [ -4.36403, 55.89888 ], [ -4.36435, 55.89773 ], [ -4.36434, 55.89734 ], [ -4.36267, 55.89723 ], [ -4.36324, 55.89636 ], [ -4.36464, 55.89648 ], [ -4.36462, 55.89679 ], [ -4.36525, 55.89677 ], [ -4.3656, 55.89589 ], [ -4.36718, 55.89694 ], [ -4.36779, 55.89686 ], [ -4.36812, 55.89662 ], [ -4.36794, 55.89632 ], [ -4.36726, 55.89612 ], [ -4.36688, 55.89565 ], [ -4.36729, 55.89551 ], [ -4.36844, 55.89573 ], [ -4.36984, 55.89545 ], [ -4.37129, 55.89559 ], [ -4.37093, 55.8968 ], [ -4.37062, 55.89751 ], [ -4.37019, 55.89885 ], [ -4.36982, 55.89917 ], [ -4.36919, 55.89946 ], [ -4.36708, 55.89923 ] ] ] ] } },
{ "type": "Feature", "properties": { "LSOA11_CD": "S01010450", "Neighborhood_Name": "Knightswood East - 01", "uk_imd2019_LSOA": "S01010450", "uk_imd2019_Rank": "1359", "uk_imd2019_SOA_pct": "19", "uk_imd2019_SOA_decile": "2" }, "geometry": { "type": "MultiPolygon", "coordinates": [ [ [ [ -4.35972, 55.89843 ], [ -4.35927, 55.8982 ], [ -4.35925, 55.8978 ], [ -4.35945, 55.89752 ], [ -4.35845, 55.89697 ], [ -4.35771, 55.89722 ], [ -4.3567, 55.89697 ], [ -4.35671, 55.89636 ], [ -4.35769, 55.89658 ], [ -4.3574, 55.89604 ], [ -4.35801, 55.89589 ], [ -4.35784, 55.89537 ], [ -4.35872, 55.89541 ], [ -4.359, 55.89554 ], [ -4.36015, 55.89527 ], [ -4.36035, 55.89548 ], [ -4.36104, 55.89539 ], [ -4.3616, 55.89547 ], [ -4.36247, 55.89524 ], [ -4.36324, 55.89509 ], [ -4.36361, 55.89528 ], [ -4.36394, 55.89496 ], [ -4.36516, 55.89511 ], [ -4.36582, 55.89506 ], [ -4.3656, 55.89589 ], [ -4.36525, 55.89677 ], [ -4.36462, 55.89679 ], [ -4.36464, 55.89648 ], [ -4.36324, 55.89636 ], [ -4.36267, 55.89723 ], [ -4.36434, 55.89734 ], [ -4.36435, 55.89773 ], [ -4.36403, 55.89888 ], [ -4.36184, 55.89867 ], [ -4.35972, 55.89843 ] ] ] ] } },
{ "type": "Feature", "properties": { "LSOA11_CD": "S01010451", "Neighborhood_Name": "Knightswood East - 02", "uk_imd2019_LSOA": "S01010451", "uk_imd2019_Rank": "361", "uk_imd2019_SOA_pct": "5", "uk_imd2019_SOA_decile": "1" }, "geometry": { "type": "MultiPolygon", "coordinates": [ [ [ [ -4.3516, 55.88779 ], [ -4.35139, 55.88723 ], [ -4.35085, 55.88729 ], [ -4.35031, 55.88616 ], [ -4.35093, 55.88609 ], [ -4.3507, 55.8855 ], [ -4.34933, 55.88556 ], [ -4.34876, 55.88574 ], [ -4.34862, 55.88534 ], [ -4.34905, 55.8853 ], [ -4.34922, 55.88482 ], [ -4.34867, 55.88403 ], [ -4.35039, 55.88438 ], [ -4.35452, 55.88531 ], [ -4.35298, 55.88539 ], [ -4.35351, 55.88599 ], [ -4.35464, 55.88642 ], [ -4.35523, 55.88635 ], [ -4.35538, 55.8861 ], [ -4.35603, 55.88621 ], [ -4.35536, 55.88699 ], [ -4.35611, 55.88719 ], [ -4.35625, 55.88744 ], [ -4.35671, 55.88839 ], [ -4.35559, 55.88859 ], [ -4.35238, 55.8882 ], [ -4.3516, 55.88779 ] ] ] ] } },
{ "type": "Feature", "properties": { "LSOA11_CD": "S01010452", "Neighborhood_Name": "Knightswood East - 03", "uk_imd2019_LSOA": "S01010452", "uk_imd2019_Rank": "2061", "uk_imd2019_SOA_pct": "30", "uk_imd2019_SOA_decile": "3" }, "geometry": { "type": "MultiPolygon", "coordinates": [ [ [ [ -4.36086, 55.89057 ], [ -4.36171, 55.88904 ], [ -4.36056, 55.88886 ], [ -4.36041, 55.8893 ], [ -4.36, 55.88988 ], [ -4.35809, 55.88933 ], [ -4.35832, 55.88905 ], [ -4.35788, 55.88893 ], [ -4.35759, 55.88918 ], [ -4.35649, 55.88886 ], [ -4.35677, 55.88855 ], [ -4.35776, 55.88883 ], [ -4.35815, 55.88859 ], [ -4.35755, 55.8883 ], [ -4.35909, 55.88777 ], [ -4.36001, 55.88764 ], [ -4.36166, 55.88797 ], [ -4.36184, 55.88761 ], [ -4.36313, 55.88788 ], [ -4.36354, 55.88729 ], [ -4.36204, 55.88697 ], [ -4.36127, 55.88563 ], [ -4.36204, 55.88577 ], [ -4.36241, 55.88562 ], [ -4.36309, 55.88658 ], [ -4.36376, 55.88686 ], [ -4.36409, 55.88691 ], [ -4.3638, 55.88735 ], [ -4.3671, 55.8881 ], [ -4.36621, 55.88923 ], [ -4.36571, 55.88919 ], [ -4.36501, 55.88943 ], [ -4.36432, 55.8894 ], [ -4.36415, 55.88973 ], [ -4.36307, 55.89125 ], [ -4.36257, 55.89114 ], [ -4.3628, 55.89079 ], [ -4.36158, 55.89042 ], [ -4.36141, 55.89074 ], [ -4.36086, 55.89057 ] ] ] ] } },
{ "type": "Feature", "properties": { "LSOA11_CD": "S01010457", "Neighborhood_Name": "Knightswood Park West - 03", "uk_imd2019_LSOA": "S01010457", "uk_imd2019_Rank": "2435", "uk_imd2019_SOA_pct": "35", "uk_imd2019_SOA_decile": "4" }, "geometry": { "type": "MultiPolygon", "coordinates": [ [ [ [ -4.34605, 55.89648 ], [ -4.34678, 55.89588 ], [ -4.34765, 55.89535 ], [ -4.34915, 55.89427 ], [ -4.34771, 55.89415 ], [ -4.34771, 55.89377 ], [ -4.34857, 55.89378 ], [ -4.34848, 55.89326 ], [ -4.34915, 55.89344 ], [ -4.35007, 55.89346 ], [ -4.35097, 55.89237 ], [ -4.35137, 55.89171 ], [ -4.35166, 55.89092 ], [ -4.35114, 55.89098 ], [ -4.35101, 55.89069 ], [ -4.35088, 55.89041 ], [ -4.35254, 55.89025 ], [ -4.3527, 55.88984 ], [ -4.3538, 55.88999 ], [ -4.35461, 55.89018 ], [ -4.35436, 55.89046 ], [ -4.35415, 55.89079 ], [ -4.35486, 55.89098 ], [ -4.35463, 55.89123 ], [ -4.35518, 55.89139 ], [ -4.35542, 55.89114 ], [ -4.35615, 55.89134 ], [ -4.35585, 55.89166 ], [ -4.36126, 55.89323 ], [ -4.36188, 55.89472 ], [ -4.36234, 55.8948 ], [ -4.36247, 55.89524 ], [ -4.3616, 55.89547 ], [ -4.36104, 55.89539 ], [ -4.36035, 55.89548 ], [ -4.36015, 55.89527 ], [ -4.359, 55.89554 ], [ -4.35872, 55.89541 ], [ -4.35784, 55.89537 ], [ -4.35801, 55.89589 ], [ -4.3574, 55.89604 ], [ -4.35769, 55.89658 ], [ -4.35671, 55.89636 ], [ -4.35481, 55.89586 ], [ -4.35466, 55.89649 ], [ -4.35482, 55.897 ], [ -4.35414, 55.89716 ], [ -4.35352, 55.89778 ], [ -4.35388, 55.89816 ], [ -4.35356, 55.89846 ], [ -4.35311, 55.89838 ], [ -4.35275, 55.89875 ], [ -4.35286, 55.8991 ], [ -4.35336, 55.89944 ], [ -4.35295, 55.89991 ], [ -4.35293, 55.90039 ], [ -4.35078, 55.90042 ], [ -4.34998, 55.9003 ], [ -4.35057, 55.89948 ], [ -4.35083, 55.89879 ], [ -4.35053, 55.89787 ], [ -4.35101, 55.89772 ], [ -4.35072, 55.89746 ], [ -4.35028, 55.89759 ], [ -4.34978, 55.8971 ], [ -4.34901, 55.89694 ], [ -4.34835, 55.89667 ], [ -4.3479, 55.89677 ], [ -4.34748, 55.89714 ], [ -4.34675, 55.89711 ], [ -4.34663, 55.89654 ], [ -4.34605, 55.89648 ] ] ] ] } },
{ "type": "Feature", "properties": { "LSOA11_CD": "S01010458", "Neighborhood_Name": "Knightswood Park West - 04", "uk_imd2019_LSOA": "S01010458", "uk_imd2019_Rank": "828", "uk_imd2019_SOA_pct": "12", "uk_imd2019_SOA_decile": "2" }, "geometry": { "type": "MultiPolygon", "coordinates": [ [ [ [ -4.35436, 55.89046 ], [ -4.35461, 55.89018 ], [ -4.35531, 55.89007 ], [ -4.35548, 55.88979 ], [ -4.35536, 55.88943 ], [ -4.35426, 55.88918 ], [ -4.35245, 55.88885 ], [ -4.35256, 55.88857 ], [ -4.35172, 55.88843 ], [ -4.3516, 55.88779 ], [ -4.35238, 55.8882 ], [ -4.35559, 55.88859 ], [ -4.35671, 55.88839 ], [ -4.35625, 55.88744 ], [ -4.35678, 55.88728 ], [ -4.35735, 55.88693 ], [ -4.35802, 55.88722 ], [ -4.35866, 55.88699 ], [ -4.35929, 55.88729 ], [ -4.35875, 55.88743 ], [ -4.35909, 55.88777 ], [ -4.35755, 55.8883 ], [ -4.35815, 55.88859 ], [ -4.35776, 55.88883 ], [ -4.35677, 55.88855 ], [ -4.35649, 55.88886 ], [ -4.35759, 55.88918 ], [ -4.35788, 55.88893 ], [ -4.35832, 55.88905 ], [ -4.35809, 55.88933 ], [ -4.36, 55.88988 ], [ -4.36041, 55.8893 ], [ -4.36056, 55.88886 ], [ -4.36171, 55.88904 ], [ -4.36086, 55.89057 ], [ -4.36077, 55.89097 ], [ -4.36214, 55.89138 ], [ -4.36281, 55.89166 ], [ -4.36308, 55.89217 ], [ -4.36227, 55.89288 ], [ -4.36222, 55.89243 ], [ -4.35959, 55.89165 ], [ -4.35993, 55.89119 ], [ -4.35973, 55.89067 ], [ -4.35697, 55.88987 ], [ -4.3565, 55.89027 ], [ -4.35674, 55.89081 ], [ -4.35649, 55.89109 ], [ -4.35436, 55.89046 ] ] ] ] } },
{ "type": "Feature", "properties": { "LSOA11_CD": "S01010459", "Neighborhood_Name": "Knightswood Park West - 05", "uk_imd2019_LSOA": "S01010459", "uk_imd2019_Rank": "1912", "uk_imd2019_SOA_pct": "27", "uk_imd2019_SOA_decile": "3" }, "geometry": { "type": "MultiPolygon", "coordinates": [ [ [ [ -4.36247, 55.89524 ], [ -4.36234, 55.8948 ], [ -4.36188, 55.89472 ], [ -4.36126, 55.89323 ], [ -4.35585, 55.89166 ], [ -4.35615, 55.89134 ], [ -4.35542, 55.89114 ], [ -4.35518, 55.89139 ], [ -4.35463, 55.89123 ], [ -4.35486, 55.89098 ], [ -4.35415, 55.89079 ], [ -4.35436, 55.89046 ], [ -4.35649, 55.89109 ], [ -4.35674, 55.89081 ], [ -4.3565, 55.89027 ], [ -4.35697, 55.88987 ], [ -4.35973, 55.89067 ], [ -4.35993, 55.89119 ], [ -4.35959, 55.89165 ], [ -4.36222, 55.89243 ], [ -4.36227, 55.89288 ], [ -4.36312, 55.89487 ], [ -4.36394, 55.89496 ], [ -4.36361, 55.89528 ], [ -4.36324, 55.89509 ], [ -4.36247, 55.89524 ] ] ] ] } },
{ "type": "Feature", "properties": { "LSOA11_CD": "S01010460", "Neighborhood_Name": "Knightswood Park East - 01", "uk_imd2019_LSOA": "S01010460", "uk_imd2019_Rank": "5972", "uk_imd2019_SOA_pct": "86", "uk_imd2019_SOA_decile": "9" }, "geometry": { "type": "MultiPolygon", "coordinates": [ [ [ [ -4.33814, 55.88946 ], [ -4.33994, 55.88925 ], [ -4.34131, 55.88891 ], [ -4.34261, 55.88845 ], [ -4.34422, 55.88923 ], [ -4.34394, 55.8896 ], [ -4.34492, 55.88998 ], [ -4.34526, 55.89101 ], [ -4.34565, 55.89161 ], [ -4.34502, 55.8918 ], [ -4.34423, 55.89159 ], [ -4.34065, 55.89231 ], [ -4.34031, 55.89271 ], [ -4.33973, 55.89166 ], [ -4.33814, 55.88946 ] ] ] ] } },
{ "type": "Feature", "properties": { "LSOA11_CD": "S01010461", "Neighborhood_Name": "Knightswood Park East - 02", "uk_imd2019_LSOA": "S01010461", "uk_imd2019_Rank": "600", "uk_imd2019_SOA_pct": "9", "uk_imd2019_SOA_decile": "1" }, "geometry": { "type": "MultiPolygon", "coordinates": [ [ [ [ -4.34386, 55.89435 ], [ -4.34216, 55.8945 ], [ -4.34204, 55.89392 ], [ -4.34219, 55.89379 ], [ -4.34365, 55.89357 ], [ -4.34382, 55.89399 ], [ -4.34488, 55.89371 ], [ -4.34616, 55.89375 ], [ -4.34572, 55.89285 ], [ -4.34341, 55.89326 ], [ -4.34309, 55.89254 ], [ -4.34517, 55.89215 ], [ -4.34502, 55.8918 ], [ -4.34565, 55.89161 ], [ -4.34887, 55.89131 ], [ -4.35048, 55.89108 ], [ -4.35053, 55.89123 ], [ -4.34992, 55.89217 ], [ -4.34886, 55.89219 ], [ -4.34861, 55.89253 ], [ -4.34818, 55.89276 ], [ -4.34848, 55.89326 ], [ -4.34857, 55.89378 ], [ -4.34771, 55.89377 ], [ -4.34771, 55.89415 ], [ -4.34915, 55.89427 ], [ -4.34765, 55.89535 ], [ -4.34678, 55.89588 ], [ -4.34605, 55.89648 ], [ -4.34601, 55.89577 ], [ -4.34494, 55.89484 ], [ -4.34485, 55.89461 ], [ -4.3442, 55.89473 ], [ -4.34386, 55.89435 ] ] ] ] } },
{ "type": "Feature", "properties": { "LSOA11_CD": "S01010462", "Neighborhood_Name": "Knightswood Park East - 03", "uk_imd2019_LSOA": "S01010462", "uk_imd2019_Rank": "131", "uk_imd2019_SOA_pct": "2", "uk_imd2019_SOA_decile": "1" }, "geometry": { "type": "MultiPolygon", "coordinates": [ [ [ [ -4.34848, 55.89326 ], [ -4.34818, 55.89276 ], [ -4.34861, 55.89253 ], [ -4.34886, 55.89219 ], [ -4.34992, 55.89217 ], [ -4.35053, 55.89123 ], [ -4.35048, 55.89108 ], [ -4.35114, 55.89098 ], [ -4.35166, 55.89092 ], [ -4.35137, 55.89171 ], [ -4.35097, 55.89237 ], [ -4.35007, 55.89346 ], [ -4.34915, 55.89344 ], [ -4.34848, 55.89326 ] ] ] ] } },
{ "type": "Feature", "properties": { "LSOA11_CD": "S01010463", "Neighborhood_Name": "Knightswood Park East - 04", "uk_imd2019_LSOA": "S01010463", "uk_imd2019_Rank": "3300", "uk_imd2019_SOA_pct": "47", "uk_imd2019_SOA_decile": "5" }, "geometry": { "type": "MultiPolygon", "coordinates": [ [ [ [ -4.34261, 55.88845 ], [ -4.34371, 55.88794 ], [ -4.34876, 55.88574 ], [ -4.34933, 55.88556 ], [ -4.3507, 55.8855 ], [ -4.35093, 55.88609 ], [ -4.35031, 55.88616 ], [ -4.35085, 55.88729 ], [ -4.35139, 55.88723 ], [ -4.3516, 55.88779 ], [ -4.35172, 55.88843 ], [ -4.35256, 55.88857 ], [ -4.35245, 55.88885 ], [ -4.35426, 55.88918 ], [ -4.35536, 55.88943 ], [ -4.35548, 55.88979 ], [ -4.35531, 55.89007 ], [ -4.35461, 55.89018 ], [ -4.3538, 55.88999 ], [ -4.3527, 55.88984 ], [ -4.35254, 55.89025 ], [ -4.35088, 55.89041 ], [ -4.35101, 55.89069 ], [ -4.34788, 55.89107 ], [ -4.3478, 55.89077 ], [ -4.34904, 55.89015 ], [ -4.34823, 55.88941 ], [ -4.34922, 55.88889 ], [ -4.34821, 55.88884 ], [ -4.34705, 55.88817 ], [ -4.34664, 55.88814 ], [ -4.34591, 55.88858 ], [ -4.34491, 55.88816 ], [ -4.34373, 55.88843 ], [ -4.34261, 55.88845 ] ] ] ] } },
{ "type": "Feature", "properties": { "LSOA11_CD": "S01010464", "Neighborhood_Name": "Knightswood Park East - 05", "uk_imd2019_LSOA": "S01010464", "uk_imd2019_Rank": "2595", "uk_imd2019_SOA_pct": "37", "uk_imd2019_SOA_decile": "4" }, "geometry": { "type": "MultiPolygon", "coordinates": [ [ [ [ -4.34261, 55.88845 ], [ -4.34373, 55.88843 ], [ -4.34491, 55.88816 ], [ -4.34591, 55.88858 ], [ -4.34664, 55.88814 ], [ -4.34705, 55.88817 ], [ -4.34821, 55.88884 ], [ -4.34922, 55.88889 ], [ -4.34823, 55.88941 ], [ -4.34904, 55.89015 ], [ -4.3478, 55.89077 ], [ -4.34788, 55.89107 ], [ -4.35101, 55.89069 ], [ -4.35114, 55.89098 ], [ -4.35048, 55.89108 ], [ -4.34887, 55.89131 ], [ -4.34565, 55.89161 ], [ -4.34526, 55.89101 ], [ -4.34492, 55.88998 ], [ -4.34394, 55.8896 ], [ -4.34422, 55.88923 ], [ -4.34261, 55.88845 ] ] ] ] } },
{ "type": "Feature", "properties": { "LSOA11_CD": "S01010465", "Neighborhood_Name": "Anniesland East - 01", "uk_imd2019_LSOA": "S01010465", "uk_imd2019_Rank": "5443", "uk_imd2019_SOA_pct": "78", "uk_imd2019_SOA_decile": "8" }, "geometry": { "type": "MultiPolygon", "coordinates": [ [ [ [ -4.30524, 55.89879 ], [ -4.30391, 55.89852 ], [ -4.30365, 55.89798 ], [ -4.30277, 55.89835 ], [ -4.30201, 55.8979 ], [ -4.30194, 55.89742 ], [ -4.30361, 55.89715 ], [ -4.30334, 55.89695 ], [ -4.30195, 55.89669 ], [ -4.30081, 55.8973 ], [ -4.29991, 55.89712 ], [ -4.29971, 55.89693 ], [ -4.3001, 55.89675 ], [ -4.29956, 55.89621 ], [ -4.29954, 55.89571 ], [ -4.30027, 55.89569 ], [ -4.2999, 55.89508 ], [ -4.29912, 55.89405 ], [ -4.30005, 55.8941 ], [ -4.30081, 55.89397 ], [ -4.30135, 55.89338 ], [ -4.30259, 55.89287 ], [ -4.30269, 55.89272 ], [ -4.30194, 55.89227 ], [ -4.30245, 55.89217 ], [ -4.30332, 55.89225 ], [ -4.3044, 55.89248 ], [ -4.30583, 55.89287 ], [ -4.3067, 55.89297 ], [ -4.30836, 55.89294 ], [ -4.31361, 55.89319 ], [ -4.31421, 55.89332 ], [ -4.31512, 55.8936 ], [ -4.3157, 55.89386 ], [ -4.31528, 55.89433 ], [ -4.31496, 55.89442 ], [ -4.31456, 55.89541 ], [ -4.31406, 55.89561 ], [ -4.31437, 55.89604 ], [ -4.31386, 55.89793 ], [ -4.31325, 55.89838 ], [ -4.31288, 55.89845 ], [ -4.30937, 55.8981 ], [ -4.30892, 55.89832 ], [ -4.30793, 55.89858 ], [ -4.30776, 55.89872 ], [ -4.30628, 55.89897 ], [ -4.30524, 55.89879 ] ] ] ] } },
{ "type": "Feature", "properties": { "LSOA11_CD": "S01010466", "Neighborhood_Name": "Anniesland East - 02", "uk_imd2019_LSOA": "S01010466", "uk_imd2019_Rank": "5944", "uk_imd2019_SOA_pct": "85", "uk_imd2019_SOA_decile": "9" }, "geometry": { "type": "MultiPolygon", "coordinates": [ [ [ [ -4.30524, 55.89879 ], [ -4.30628, 55.89897 ], [ -4.30776, 55.89872 ], [ -4.30793, 55.89858 ], [ -4.30892, 55.89832 ], [ -4.30937, 55.8981 ], [ -4.31288, 55.89845 ], [ -4.31325, 55.89838 ], [ -4.31386, 55.89793 ], [ -4.31437, 55.89604 ], [ -4.31406, 55.89561 ], [ -4.31456, 55.89541 ], [ -4.31496, 55.89442 ], [ -4.31528, 55.89433 ], [ -4.3157, 55.89386 ], [ -4.31624, 55.89406 ], [ -4.3197, 55.89267 ], [ -4.32117, 55.89272 ], [ -4.32233, 55.89303 ], [ -4.322, 55.89342 ], [ -4.32244, 55.89354 ], [ -4.32106, 55.89516 ], [ -4.32187, 55.89548 ], [ -4.32161, 55.89567 ], [ -4.32051, 55.89624 ], [ -4.32088, 55.89659 ], [ -4.32054, 55.89693 ], [ -4.32135, 55.89782 ], [ -4.32273, 55.89888 ], [ -4.32303, 55.89905 ], [ -4.32396, 55.89889 ], [ -4.32559, 55.89909 ], [ -4.32681, 55.89915 ], [ -4.32722, 55.89942 ], [ -4.32738, 55.89975 ], [ -4.32403, 55.90061 ], [ -4.31944, 55.90116 ], [ -4.31737, 55.90072 ], [ -4.31571, 55.89997 ], [ -4.31483, 55.89981 ], [ -4.31337, 55.89998 ], [ -4.31227, 55.90004 ], [ -4.31021, 55.90032 ], [ -4.30922, 55.90037 ], [ -4.30813, 55.90006 ], [ -4.30584, 55.90021 ], [ -4.3045, 55.89988 ], [ -4.30524, 55.89879 ] ] ] ] } },
{ "type": "Feature", "properties": { "LSOA11_CD": "S01010467", "Neighborhood_Name": "Anniesland East - 03", "uk_imd2019_LSOA": "S01010467", "uk_imd2019_Rank": "5039", "uk_imd2019_SOA_pct": "72", "uk_imd2019_SOA_decile": "8" }, "geometry": { "type": "MultiPolygon", "coordinates": [ [ [ [ -4.31367, 55.88921 ], [ -4.31331, 55.88877 ], [ -4.31263, 55.8883 ], [ -4.31145, 55.8879 ], [ -4.31052, 55.8877 ], [ -4.31124, 55.88701 ], [ -4.31203, 55.8873 ], [ -4.31274, 55.88667 ], [ -4.31193, 55.88639 ], [ -4.3127, 55.88567 ], [ -4.32004, 55.88824 ], [ -4.3196, 55.88855 ], [ -4.31924, 55.88843 ], [ -4.31871, 55.8889 ], [ -4.32008, 55.88938 ], [ -4.31969, 55.88976 ], [ -4.31873, 55.89012 ], [ -4.3179, 55.89001 ], [ -4.31804, 55.88943 ], [ -4.31763, 55.88928 ], [ -4.31734, 55.88996 ], [ -4.31684, 55.88995 ], [ -4.31679, 55.89024 ], [ -4.31589, 55.89013 ], [ -4.31557, 55.89074 ], [ -4.31456, 55.89056 ], [ -4.31401, 55.89114 ], [ -4.31375, 55.89128 ], [ -4.31333, 55.89101 ], [ -4.314, 55.89059 ], [ -4.31455, 55.88989 ], [ -4.31461, 55.88955 ], [ -4.31395, 55.88958 ], [ -4.31367, 55.88921 ] ] ] ] } },
{ "type": "Feature", "properties": { "LSOA11_CD": "S01010468", "Neighborhood_Name": "Anniesland East - 04", "uk_imd2019_LSOA": "S01010468", "uk_imd2019_Rank": "5291", "uk_imd2019_SOA_pct": "76", "uk_imd2019_SOA_decile": "8" }, "geometry": { "type": "MultiPolygon", "coordinates": [ [ [ [ -4.31421, 55.89332 ], [ -4.31446, 55.89254 ], [ -4.31372, 55.8923 ], [ -4.31547, 55.89189 ], [ -4.31543, 55.8916 ], [ -4.31443, 55.89137 ], [ -4.31401, 55.89114 ], [ -4.31456, 55.89056 ], [ -4.31557, 55.89074 ], [ -4.31589, 55.89013 ], [ -4.31679, 55.89024 ], [ -4.31684, 55.88995 ], [ -4.31734, 55.88996 ], [ -4.31763, 55.88928 ], [ -4.31804, 55.88943 ], [ -4.3179, 55.89001 ], [ -4.31873, 55.89012 ], [ -4.31969, 55.88976 ], [ -4.32008, 55.88938 ], [ -4.31871, 55.8889 ], [ -4.31924, 55.88843 ], [ -4.3196, 55.88855 ], [ -4.32004, 55.88824 ], [ -4.32179, 55.88884 ], [ -4.3215, 55.88938 ], [ -4.32181, 55.88945 ], [ -4.32014, 55.89188 ], [ -4.3193, 55.89262 ], [ -4.31776, 55.89327 ], [ -4.31619, 55.89357 ], [ -4.31512, 55.8936 ], [ -4.31421, 55.89332 ] ] ] ] } },
{ "type": "Feature", "properties": { "LSOA11_CD": "S01010469", "Neighborhood_Name": "Anniesland East - 05", "uk_imd2019_LSOA": "S01010469", "uk_imd2019_Rank": "1566", "uk_imd2019_SOA_pct": "22", "uk_imd2019_SOA_decile": "3" }, "geometry": { "type": "MultiPolygon", "coordinates": [ [ [ [ -4.3157, 55.89386 ], [ -4.31512, 55.8936 ], [ -4.31619, 55.89357 ], [ -4.31776, 55.89327 ], [ -4.3193, 55.89262 ], [ -4.32014, 55.89188 ], [ -4.32181, 55.88945 ], [ -4.3215, 55.88938 ], [ -4.32179, 55.88884 ], [ -4.32226, 55.88879 ], [ -4.32311, 55.88906 ], [ -4.32299, 55.88925 ], [ -4.32593, 55.89032 ], [ -4.32636, 55.89051 ], [ -4.3248, 55.89209 ], [ -4.32413, 55.89285 ], [ -4.32479, 55.89295 ], [ -4.3245, 55.89328 ], [ -4.32392, 55.89312 ], [ -4.32335, 55.8938 ], [ -4.32244, 55.89354 ], [ -4.322, 55.89342 ], [ -4.32233, 55.89303 ], [ -4.32117, 55.89272 ], [ -4.3197, 55.89267 ], [ -4.31624, 55.89406 ], [ -4.3157, 55.89386 ] ] ] ] } },
{ "type": "Feature", "properties": { "LSOA11_CD": "S01010470", "Neighborhood_Name": "Anniesland West - 01", "uk_imd2019_LSOA": "S01010470", "uk_imd2019_Rank": "1859", "uk_imd2019_SOA_pct": "27", "uk_imd2019_SOA_decile": "3" }, "geometry": { "type": "MultiPolygon", "coordinates": [ [ [ [ -4.33901, 55.89613 ], [ -4.33808, 55.89634 ], [ -4.33721, 55.89623 ], [ -4.33711, 55.89593 ], [ -4.33894, 55.89546 ], [ -4.33869, 55.89513 ], [ -4.33636, 55.89572 ], [ -4.33667, 55.89605 ], [ -4.33567, 55.89627 ], [ -4.33517, 55.89564 ], [ -4.33569, 55.89552 ], [ -4.33529, 55.89494 ], [ -4.33562, 55.89465 ], [ -4.33681, 55.89476 ], [ -4.3364, 55.89446 ], [ -4.33694, 55.89413 ], [ -4.33691, 55.89388 ], [ -4.3396, 55.89419 ], [ -4.34083, 55.89445 ], [ -4.34331, 55.89481 ], [ -4.34386, 55.89435 ], [ -4.3442, 55.89473 ], [ -4.34485, 55.89461 ], [ -4.34494, 55.89484 ], [ -4.34601, 55.89577 ], [ -4.34605, 55.89648 ], [ -4.3456, 55.89638 ], [ -4.34516, 55.8966 ], [ -4.34518, 55.89712 ], [ -4.34619, 55.89725 ], [ -4.34643, 55.89778 ], [ -4.34611, 55.8983 ], [ -4.34518, 55.89743 ], [ -4.34472, 55.898 ], [ -4.34517, 55.89835 ], [ -4.34436, 55.89846 ], [ -4.34358, 55.89899 ], [ -4.34318, 55.899 ], [ -4.3428, 55.89873 ], [ -4.3422, 55.89785 ], [ -4.34166, 55.89792 ], [ -4.34099, 55.89656 ], [ -4.34081, 55.89636 ], [ -4.34119, 55.89604 ], [ -4.34002, 55.89568 ], [ -4.33901, 55.89613 ] ] ] ] } },
{ "type": "Feature", "properties": { "LSOA11_CD": "S01010471", "Neighborhood_Name": "Anniesland West - 02", "uk_imd2019_LSOA": "S01010471", "uk_imd2019_Rank": "1872", "uk_imd2019_SOA_pct": "27", "uk_imd2019_SOA_decile": "3" }, "geometry": { "type": "MultiPolygon", "coordinates": [ [ [ [ -4.33137, 55.89911 ], [ -4.3318, 55.8988 ], [ -4.33308, 55.89825 ], [ -4.33342, 55.89792 ], [ -4.33168, 55.89797 ], [ -4.33164, 55.8976 ], [ -4.33188, 55.8973 ], [ -4.33268, 55.89725 ], [ -4.33279, 55.89678 ], [ -4.33208, 55.89669 ], [ -4.3321, 55.89643 ], [ -4.33377, 55.89652 ], [ -4.3321, 55.89384 ], [ -4.33156, 55.8933 ], [ -4.33113, 55.89307 ], [ -4.33177, 55.89255 ], [ -4.33458, 55.89352 ], [ -4.33625, 55.89383 ], [ -4.33691, 55.89388 ], [ -4.33694, 55.89413 ], [ -4.3364, 55.89446 ], [ -4.33681, 55.89476 ], [ -4.33562, 55.89465 ], [ -4.33529, 55.89494 ], [ -4.33569, 55.89552 ], [ -4.33517, 55.89564 ], [ -4.33567, 55.89627 ], [ -4.33667, 55.89605 ], [ -4.33636, 55.89572 ], [ -4.33869, 55.89513 ], [ -4.33894, 55.89546 ], [ -4.33711, 55.89593 ], [ -4.33721, 55.89623 ], [ -4.33808, 55.89634 ], [ -4.33901, 55.89613 ], [ -4.33918, 55.89652 ], [ -4.3388, 55.89686 ], [ -4.33907, 55.89721 ], [ -4.33943, 55.89802 ], [ -4.3395, 55.89845 ], [ -4.34012, 55.89836 ], [ -4.34049, 55.89904 ], [ -4.33893, 55.89932 ], [ -4.33799, 55.89893 ], [ -4.33707, 55.89927 ], [ -4.33623, 55.89948 ], [ -4.33597, 55.89955 ], [ -4.33561, 55.89898 ], [ -4.33435, 55.89907 ], [ -4.3343, 55.89869 ], [ -4.33347, 55.89876 ], [ -4.33264, 55.89908 ], [ -4.33239, 55.89883 ], [ -4.33137, 55.89911 ] ] ] ] } },
{ "type": "Feature", "properties": { "LSOA11_CD": "S01010472", "Neighborhood_Name": "Anniesland West - 03", "uk_imd2019_LSOA": "S01010472", "uk_imd2019_Rank": "2089", "uk_imd2019_SOA_pct": "30", "uk_imd2019_SOA_decile": "3" }, "geometry": { "type": "MultiPolygon", "coordinates": [ [ [ [ -4.32738, 55.89975 ], [ -4.32722, 55.89942 ], [ -4.32681, 55.89915 ], [ -4.32559, 55.89909 ], [ -4.32604, 55.89891 ], [ -4.32626, 55.89831 ], [ -4.32747, 55.89761 ], [ -4.32784, 55.89775 ], [ -4.32846, 55.89759 ], [ -4.33009, 55.89761 ], [ -4.33049, 55.89578 ], [ -4.32942, 55.89619 ], [ -4.32928, 55.89607 ], [ -4.32965, 55.89592 ], [ -4.32855, 55.89562 ], [ -4.3287, 55.89527 ], [ -4.32973, 55.89556 ], [ -4.33067, 55.89443 ], [ -4.33053, 55.89423 ], [ -4.33163, 55.89386 ], [ -4.3321, 55.89384 ], [ -4.33377, 55.89652 ], [ -4.3321, 55.89643 ], [ -4.33208, 55.89669 ], [ -4.33279, 55.89678 ], [ -4.33268, 55.89725 ], [ -4.33188, 55.8973 ], [ -4.33164, 55.8976 ], [ -4.33168, 55.89797 ], [ -4.33342, 55.89792 ], [ -4.33308, 55.89825 ], [ -4.3318, 55.8988 ], [ -4.33137, 55.89911 ], [ -4.33053, 55.90003 ], [ -4.33086, 55.90048 ], [ -4.33014, 55.90077 ], [ -4.33009, 55.90116 ], [ -4.32791, 55.89992 ], [ -4.32738, 55.89975 ] ] ] ] } },
{ "type": "Feature", "properties": { "LSOA11_CD": "S01010473", "Neighborhood_Name": "Anniesland West - 04", "uk_imd2019_LSOA": "S01010473", "uk_imd2019_Rank": "4161", "uk_imd2019_SOA_pct": "60", "uk_imd2019_SOA_decile": "6" }, "geometry": { "type": "MultiPolygon", "coordinates": [ [ [ [ -4.32161, 55.89567 ], [ -4.32187, 55.89548 ], [ -4.32106, 55.89516 ], [ -4.32244, 55.89354 ], [ -4.32335, 55.8938 ], [ -4.32392, 55.89312 ], [ -4.3245, 55.89328 ], [ -4.32479, 55.89295 ], [ -4.32528, 55.89307 ], [ -4.32442, 55.8941 ], [ -4.32547, 55.89438 ], [ -4.32564, 55.89405 ], [ -4.32616, 55.89417 ], [ -4.32674, 55.89347 ], [ -4.3283, 55.89382 ], [ -4.32858, 55.8935 ], [ -4.33, 55.89372 ], [ -4.33053, 55.89423 ], [ -4.33067, 55.89443 ], [ -4.32973, 55.89556 ], [ -4.3287, 55.89527 ], [ -4.32855, 55.89562 ], [ -4.32965, 55.89592 ], [ -4.32928, 55.89607 ], [ -4.32839, 55.8963 ], [ -4.32706, 55.89589 ], [ -4.32769, 55.89518 ], [ -4.32635, 55.89464 ], [ -4.32489, 55.8963 ], [ -4.32486, 55.89657 ], [ -4.32406, 55.89678 ], [ -4.32364, 55.89651 ], [ -4.32262, 55.89619 ], [ -4.32161, 55.89567 ] ] ] ] } },
{ "type": "Feature", "properties": { "LSOA11_CD": "S01010482", "Neighborhood_Name": "Blairdardie East - 05", "uk_imd2019_LSOA": "S01010482", "uk_imd2019_Rank": "1972", "uk_imd2019_SOA_pct": "28", "uk_imd2019_SOA_decile": "3" }, "geometry": { "type": "MultiPolygon", "coordinates": [ [ [ [ -4.33642, 55.90097 ], [ -4.33623, 55.89948 ], [ -4.33707, 55.89927 ], [ -4.33799, 55.89893 ], [ -4.33893, 55.89932 ], [ -4.34049, 55.89904 ], [ -4.34012, 55.89836 ], [ -4.3395, 55.89845 ], [ -4.33943, 55.89802 ], [ -4.33907, 55.89721 ], [ -4.3388, 55.89686 ], [ -4.33918, 55.89652 ], [ -4.33901, 55.89613 ], [ -4.34002, 55.89568 ], [ -4.34119, 55.89604 ], [ -4.34081, 55.89636 ], [ -4.34099, 55.89656 ], [ -4.34166, 55.89792 ], [ -4.3422, 55.89785 ], [ -4.3428, 55.89873 ], [ -4.34318, 55.899 ], [ -4.34342, 55.89934 ], [ -4.3436, 55.89957 ], [ -4.34319, 55.89998 ], [ -4.34248, 55.89996 ], [ -4.34187, 55.89975 ], [ -4.34131, 55.89977 ], [ -4.34133, 55.90048 ], [ -4.34023, 55.90124 ], [ -4.33968, 55.90111 ], [ -4.3385, 55.90126 ], [ -4.33743, 55.90119 ], [ -4.33693, 55.90129 ], [ -4.33642, 55.90097 ] ] ] ] } },
{ "type": "Feature", "properties": { "LSOA11_CD": "S01010477", "Neighborhood_Name": "Anniesland West - 08", "uk_imd2019_LSOA": "S01010477", "uk_imd2019_Rank": "2685", "uk_imd2019_SOA_pct": "38", "uk_imd2019_SOA_decile": "4" }, "geometry": { "type": "MultiPolygon", "coordinates": [ [ [ [ -4.33691, 55.89388 ], [ -4.33625, 55.89383 ], [ -4.33458, 55.89352 ], [ -4.33541, 55.89322 ], [ -4.33663, 55.89331 ], [ -4.33731, 55.89297 ], [ -4.33679, 55.89252 ], [ -4.33617, 55.89254 ], [ -4.335, 55.89276 ], [ -4.33485, 55.8924 ], [ -4.33674, 55.8921 ], [ -4.33654, 55.89157 ], [ -4.33555, 55.89169 ], [ -4.33476, 55.89016 ], [ -4.33473, 55.88984 ], [ -4.33814, 55.88946 ], [ -4.33973, 55.89166 ], [ -4.34031, 55.89271 ], [ -4.34065, 55.89231 ], [ -4.34423, 55.89159 ], [ -4.34502, 55.8918 ], [ -4.34517, 55.89215 ], [ -4.34309, 55.89254 ], [ -4.34341, 55.89326 ], [ -4.34572, 55.89285 ], [ -4.34616, 55.89375 ], [ -4.34488, 55.89371 ], [ -4.34382, 55.89399 ], [ -4.34365, 55.89357 ], [ -4.34219, 55.89379 ], [ -4.34204, 55.89392 ], [ -4.34216, 55.8945 ], [ -4.34386, 55.89435 ], [ -4.34331, 55.89481 ], [ -4.34083, 55.89445 ], [ -4.3396, 55.89419 ], [ -4.33691, 55.89388 ] ] ] ] } },
{ "type": "Feature", "properties": { "LSOA11_CD": "S01010478", "Neighborhood_Name": "Blairdardie East - 01", "uk_imd2019_LSOA": "S01010478", "uk_imd2019_Rank": "253", "uk_imd2019_SOA_pct": "4", "uk_imd2019_SOA_decile": "1" }, "geometry": { "type": "MultiPolygon", "coordinates": [ [ [ [ -4.34373, 55.9051 ], [ -4.34307, 55.90478 ], [ -4.34329, 55.90457 ], [ -4.34116, 55.90398 ], [ -4.34113, 55.90378 ], [ -4.34001, 55.9037 ], [ -4.3401, 55.90307 ], [ -4.34063, 55.90312 ], [ -4.34063, 55.9034 ], [ -4.34439, 55.90346 ], [ -4.34475, 55.90323 ], [ -4.34608, 55.90325 ], [ -4.34843, 55.9032 ], [ -4.34875, 55.90335 ], [ -4.34791, 55.90363 ], [ -4.34789, 55.90396 ], [ -4.34974, 55.90397 ], [ -4.35061, 55.90328 ], [ -4.35159, 55.90336 ], [ -4.35222, 55.90371 ], [ -4.35285, 55.90387 ], [ -4.35338, 55.90424 ], [ -4.35054, 55.9053 ], [ -4.35055, 55.90576 ], [ -4.35052, 55.90613 ], [ -4.34887, 55.90631 ], [ -4.34844, 55.90519 ], [ -4.34788, 55.90564 ], [ -4.3474, 55.90583 ], [ -4.34628, 55.90573 ], [ -4.34597, 55.90558 ], [ -4.34503, 55.90548 ], [ -4.34373, 55.9051 ] ] ] ] } },
{ "type": "Feature", "properties": { "LSOA11_CD": "S01010479", "Neighborhood_Name": "Blairdardie East - 02", "uk_imd2019_LSOA": "S01010479", "uk_imd2019_Rank": "1825", "uk_imd2019_SOA_pct": "26", "uk_imd2019_SOA_decile": "3" }, "geometry": { "type": "MultiPolygon", "coordinates": [ [ [ [ -4.34475, 55.90323 ], [ -4.34393, 55.90321 ], [ -4.34395, 55.90254 ], [ -4.34463, 55.90254 ], [ -4.34446, 55.90186 ], [ -4.34452, 55.90151 ], [ -4.34406, 55.90112 ], [ -4.34372, 55.90124 ], [ -4.34239, 55.90109 ], [ -4.34145, 55.90084 ], [ -4.34133, 55.90048 ], [ -4.34131, 55.89977 ], [ -4.34187, 55.89975 ], [ -4.34248, 55.89996 ], [ -4.34319, 55.89998 ], [ -4.3436, 55.89957 ], [ -4.34342, 55.89934 ], [ -4.34416, 55.89933 ], [ -4.34484, 55.89951 ], [ -4.34517, 55.89929 ], [ -4.34631, 55.89997 ], [ -4.34704, 55.90014 ], [ -4.34901, 55.90074 ], [ -4.34974, 55.90063 ], [ -4.35101, 55.90158 ], [ -4.35227, 55.90141 ], [ -4.35232, 55.9007 ], [ -4.35265, 55.90065 ], [ -4.35494, 55.90069 ], [ -4.35484, 55.90158 ], [ -4.35336, 55.90283 ], [ -4.35222, 55.90371 ], [ -4.35159, 55.90336 ], [ -4.35061, 55.90328 ], [ -4.34974, 55.90397 ], [ -4.34789, 55.90396 ], [ -4.34791, 55.90363 ], [ -4.34875, 55.90335 ], [ -4.34843, 55.9032 ], [ -4.34608, 55.90325 ], [ -4.34475, 55.90323 ] ] ] ] } },
{ "type": "Feature", "properties": { "LSOA11_CD": "S01010480", "Neighborhood_Name": "Blairdardie East - 03", "uk_imd2019_LSOA": "S01010480", "uk_imd2019_Rank": "1977", "uk_imd2019_SOA_pct": "28", "uk_imd2019_SOA_decile": "3" }, "geometry": { "type": "MultiPolygon", "coordinates": [ [ [ [ -4.34342, 55.89934 ], [ -4.34318, 55.899 ], [ -4.34358, 55.89899 ], [ -4.34436, 55.89846 ], [ -4.34517, 55.89835 ], [ -4.34472, 55.898 ], [ -4.34518, 55.89743 ], [ -4.34611, 55.8983 ], [ -4.34643, 55.89778 ], [ -4.34619, 55.89725 ], [ -4.34518, 55.89712 ], [ -4.34516, 55.8966 ], [ -4.3456, 55.89638 ], [ -4.34605, 55.89648 ], [ -4.34663, 55.89654 ], [ -4.34675, 55.89711 ], [ -4.34748, 55.89714 ], [ -4.3479, 55.89677 ], [ -4.34835, 55.89667 ], [ -4.34901, 55.89694 ], [ -4.34978, 55.8971 ], [ -4.35028, 55.89759 ], [ -4.35072, 55.89746 ], [ -4.35101, 55.89772 ], [ -4.35053, 55.89787 ], [ -4.35083, 55.89879 ], [ -4.35057, 55.89948 ], [ -4.34998, 55.9003 ], [ -4.35078, 55.90042 ], [ -4.35293, 55.90039 ], [ -4.35492, 55.90051 ], [ -4.35494, 55.90069 ], [ -4.35265, 55.90065 ], [ -4.35232, 55.9007 ], [ -4.35227, 55.90141 ], [ -4.35101, 55.90158 ], [ -4.34974, 55.90063 ], [ -4.34901, 55.90074 ], [ -4.34704, 55.90014 ], [ -4.34631, 55.89997 ], [ -4.34517, 55.89929 ], [ -4.34484, 55.89951 ], [ -4.34416, 55.89933 ], [ -4.34342, 55.89934 ] ] ] ] } },
{ "type": "Feature", "properties": { "LSOA11_CD": "S01010481", "Neighborhood_Name": "Blairdardie East - 04", "uk_imd2019_LSOA": "S01010481", "uk_imd2019_Rank": "227", "uk_imd2019_SOA_pct": "3", "uk_imd2019_SOA_decile": "1" }, "geometry": { "type": "MultiPolygon", "coordinates": [ [ [ [ -4.33596, 55.90264 ], [ -4.33581, 55.90232 ], [ -4.33565, 55.90087 ], [ -4.33506, 55.90105 ], [ -4.33463, 55.90096 ], [ -4.33312, 55.90111 ], [ -4.33257, 55.90059 ], [ -4.33208, 55.90036 ], [ -4.33086, 55.90048 ], [ -4.33053, 55.90003 ], [ -4.33137, 55.89911 ], [ -4.33239, 55.89883 ], [ -4.33264, 55.89908 ], [ -4.33347, 55.89876 ], [ -4.3343, 55.89869 ], [ -4.33435, 55.89907 ], [ -4.33561, 55.89898 ], [ -4.33597, 55.89955 ], [ -4.33623, 55.89948 ], [ -4.33642, 55.90097 ], [ -4.33654, 55.90269 ], [ -4.33596, 55.90264 ] ] ] ] } },
{ "type": "Feature", "properties": { "LSOA11_CD": "S01010483", "Neighborhood_Name": "Blairdardie East - 06", "uk_imd2019_LSOA": "S01010483", "uk_imd2019_Rank": "1271", "uk_imd2019_SOA_pct": "18", "uk_imd2019_SOA_decile": "2" }, "geometry": { "type": "MultiPolygon", "coordinates": [ [ [ [ -4.33687, 55.90415 ], [ -4.33596, 55.90264 ], [ -4.33654, 55.90269 ], [ -4.33642, 55.90097 ], [ -4.33693, 55.90129 ], [ -4.33743, 55.90119 ], [ -4.3385, 55.90126 ], [ -4.33968, 55.90111 ], [ -4.34023, 55.90124 ], [ -4.34133, 55.90048 ], [ -4.34145, 55.90084 ], [ -4.34239, 55.90109 ], [ -4.34372, 55.90124 ], [ -4.34406, 55.90112 ], [ -4.34452, 55.90151 ], [ -4.34446, 55.90186 ], [ -4.34463, 55.90254 ], [ -4.34395, 55.90254 ], [ -4.34393, 55.90321 ], [ -4.34475, 55.90323 ], [ -4.34439, 55.90346 ], [ -4.34063, 55.9034 ], [ -4.34063, 55.90312 ], [ -4.3401, 55.90307 ], [ -4.34001, 55.9037 ], [ -4.34113, 55.90378 ], [ -4.34116, 55.90398 ], [ -4.34329, 55.90457 ], [ -4.34307, 55.90478 ], [ -4.34281, 55.90463 ], [ -4.34157, 55.90425 ], [ -4.34058, 55.90413 ], [ -4.33687, 55.90415 ] ] ] ] } },
{ "type": "Feature", "properties": { "LSOA11_CD": "S01010484", "Neighborhood_Name": "Blairdardie East - 07", "uk_imd2019_LSOA": "S01010484", "uk_imd2019_Rank": "1436", "uk_imd2019_SOA_pct": "21", "uk_imd2019_SOA_decile": "3" }, "geometry": { "type": "MultiPolygon", "coordinates": [ [ [ [ -4.33216, 55.90247 ], [ -4.33179, 55.9021 ], [ -4.33076, 55.9014 ], [ -4.33009, 55.90116 ], [ -4.33014, 55.90077 ], [ -4.33086, 55.90048 ], [ -4.33208, 55.90036 ], [ -4.33257, 55.90059 ], [ -4.33312, 55.90111 ], [ -4.33463, 55.90096 ], [ -4.33506, 55.90105 ], [ -4.33565, 55.90087 ], [ -4.33581, 55.90232 ], [ -4.33596, 55.90264 ], [ -4.33687, 55.90415 ], [ -4.33588, 55.90403 ], [ -4.33483, 55.9038 ], [ -4.33402, 55.90352 ], [ -4.33267, 55.90287 ], [ -4.33216, 55.90247 ] ] ] ] } },
{ "type": "Feature", "properties": { "LSOA11_CD": "S01010485", "Neighborhood_Name": "Blairdardie West - 01", "uk_imd2019_LSOA": "S01010485", "uk_imd2019_Rank": "3030", "uk_imd2019_SOA_pct": "43", "uk_imd2019_SOA_decile": "5" }, "geometry": { "type": "MultiPolygon", "coordinates": [ [ [ [ -4.3623, 55.90465 ], [ -4.36205, 55.90414 ], [ -4.36253, 55.90394 ], [ -4.3622, 55.9037 ], [ -4.36332, 55.9033 ], [ -4.36321, 55.90292 ], [ -4.36221, 55.90337 ], [ -4.36173, 55.90291 ], [ -4.3623, 55.90279 ], [ -4.36213, 55.90246 ], [ -4.36113, 55.90259 ], [ -4.35988, 55.90263 ], [ -4.3593, 55.90249 ], [ -4.35973, 55.90225 ], [ -4.35944, 55.90206 ], [ -4.36043, 55.90165 ], [ -4.35986, 55.90091 ], [ -4.35896, 55.90089 ], [ -4.35894, 55.90064 ], [ -4.36042, 55.90057 ], [ -4.36223, 55.90037 ], [ -4.36384, 55.90024 ], [ -4.36346, 55.89998 ], [ -4.36355, 55.89944 ], [ -4.36398, 55.89942 ], [ -4.36431, 55.89892 ], [ -4.36708, 55.89923 ], [ -4.36703, 55.89996 ], [ -4.36505, 55.89997 ], [ -4.36565, 55.90017 ], [ -4.36576, 55.90042 ], [ -4.36672, 55.90059 ], [ -4.36672, 55.90015 ], [ -4.36748, 55.90015 ], [ -4.36785, 55.90066 ], [ -4.36865, 55.90068 ], [ -4.36607, 55.90212 ], [ -4.3664, 55.90234 ], [ -4.36595, 55.90256 ], [ -4.36627, 55.90276 ], [ -4.36571, 55.90335 ], [ -4.36538, 55.90445 ], [ -4.36456, 55.90441 ], [ -4.36417, 55.90486 ], [ -4.3623, 55.90465 ] ] ] ] } },
{ "type": "Feature", "properties": { "LSOA11_CD": "S01010486", "Neighborhood_Name": "Blairdardie West - 02", "uk_imd2019_LSOA": "S01010486", "uk_imd2019_Rank": "5676", "uk_imd2019_SOA_pct": "81", "uk_imd2019_SOA_decile": "9" }, "geometry": { "type": "MultiPolygon", "coordinates": [ [ [ [ -4.36417, 55.90486 ], [ -4.36456, 55.90441 ], [ -4.36538, 55.90445 ], [ -4.36571, 55.90335 ], [ -4.36627, 55.90276 ], [ -4.36595, 55.90256 ], [ -4.3664, 55.90234 ], [ -4.36607, 55.90212 ], [ -4.36865, 55.90068 ], [ -4.36785, 55.90066 ], [ -4.36748, 55.90015 ], [ -4.36672, 55.90015 ], [ -4.36672, 55.90059 ], [ -4.36576, 55.90042 ], [ -4.36565, 55.90017 ], [ -4.36505, 55.89997 ], [ -4.36703, 55.89996 ], [ -4.36708, 55.89923 ], [ -4.36919, 55.89946 ], [ -4.37362, 55.89981 ], [ -4.3752, 55.90002 ], [ -4.37534, 55.8999 ], [ -4.37543, 55.89998 ], [ -4.37582, 55.90048 ], [ -4.37579, 55.90102 ], [ -4.37637, 55.90158 ], [ -4.37751, 55.90202 ], [ -4.37738, 55.90221 ], [ -4.37873, 55.90283 ], [ -4.38064, 55.90395 ], [ -4.38223, 55.90507 ], [ -4.37649, 55.90565 ], [ -4.37222, 55.90559 ], [ -4.36682, 55.90519 ], [ -4.36417, 55.90486 ] ] ] ] } },
{ "type": "Feature", "properties": { "LSOA11_CD": "S01010487", "Neighborhood_Name": "Blairdardie West - 03", "uk_imd2019_LSOA": "S01010487", "uk_imd2019_Rank": "3487", "uk_imd2019_SOA_pct": "50", "uk_imd2019_SOA_decile": "5" }, "geometry": { "type": "MultiPolygon", "coordinates": [ [ [ [ -4.35055, 55.90576 ], [ -4.35054, 55.9053 ], [ -4.35338, 55.90424 ], [ -4.35285, 55.90387 ], [ -4.35222, 55.90371 ], [ -4.35336, 55.90283 ], [ -4.35484, 55.90158 ], [ -4.35494, 55.90069 ], [ -4.35492, 55.90051 ], [ -4.35771, 55.90063 ], [ -4.35794, 55.90158 ], [ -4.35847, 55.90152 ], [ -4.35845, 55.90116 ], [ -4.3595, 55.90118 ], [ -4.3597, 55.90164 ], [ -4.36043, 55.90165 ], [ -4.35944, 55.90206 ], [ -4.35973, 55.90225 ], [ -4.3593, 55.90249 ], [ -4.35988, 55.90263 ], [ -4.36113, 55.90259 ], [ -4.36213, 55.90246 ], [ -4.3623, 55.90279 ], [ -4.36173, 55.90291 ], [ -4.36221, 55.90337 ], [ -4.36321, 55.90292 ], [ -4.36332, 55.9033 ], [ -4.3622, 55.9037 ], [ -4.36253, 55.90394 ], [ -4.36205, 55.90414 ], [ -4.3623, 55.90465 ], [ -4.36018, 55.90458 ], [ -4.35739, 55.90482 ], [ -4.35614, 55.90504 ], [ -4.3534, 55.90564 ], [ -4.35173, 55.90596 ], [ -4.35139, 55.90563 ], [ -4.35055, 55.90576 ] ] ] ] } },
{ "type": "Feature", "properties": { "LSOA11_CD": "S01010489", "Neighborhood_Name": "Drumchapel South - 02", "uk_imd2019_LSOA": "S01010489", "uk_imd2019_Rank": "798", "uk_imd2019_SOA_pct": "11", "uk_imd2019_SOA_decile": "2" }, "geometry": { "type": "MultiPolygon", "coordinates": [ [ [ [ -4.36252, 55.90945 ], [ -4.36171, 55.90875 ], [ -4.36224, 55.90854 ], [ -4.36328, 55.90879 ], [ -4.36358, 55.90859 ], [ -4.36471, 55.90862 ], [ -4.36345, 55.90797 ], [ -4.36298, 55.90794 ], [ -4.36288, 55.9076 ], [ -4.36125, 55.9073 ], [ -4.3609, 55.90736 ], [ -4.36036, 55.90712 ], [ -4.3596, 55.90706 ], [ -4.35945, 55.90775 ], [ -4.35985, 55.90824 ], [ -4.35915, 55.90863 ], [ -4.35874, 55.90837 ], [ -4.3572, 55.90861 ], [ -4.35722, 55.90822 ], [ -4.357, 55.90789 ], [ -4.3557, 55.90737 ], [ -4.35614, 55.90694 ], [ -4.35492, 55.90655 ], [ -4.35624, 55.90523 ], [ -4.35614, 55.90504 ], [ -4.35739, 55.90482 ], [ -4.36018, 55.90458 ], [ -4.3623, 55.90465 ], [ -4.36417, 55.90486 ], [ -4.36682, 55.90519 ], [ -4.37222, 55.90559 ], [ -4.37649, 55.90565 ], [ -4.3767, 55.90649 ], [ -4.37639, 55.90654 ], [ -4.37655, 55.90719 ], [ -4.37586, 55.90748 ], [ -4.37475, 55.9077 ], [ -4.37219, 55.90804 ], [ -4.37218, 55.90821 ], [ -4.37076, 55.90823 ], [ -4.37116, 55.90857 ], [ -4.36971, 55.90854 ], [ -4.36988, 55.90921 ], [ -4.3705, 55.91083 ], [ -4.36876, 55.91093 ], [ -4.36711, 55.91093 ], [ -4.36712, 55.91066 ], [ -4.36594, 55.91072 ], [ -4.36551, 55.9106 ], [ -4.36445, 55.91056 ], [ -4.36358, 55.91076 ], [ -4.36394, 55.91181 ], [ -4.36322, 55.91214 ], [ -4.36117, 55.91134 ], [ -4.36162, 55.91097 ], [ -4.3618, 55.91058 ], [ -4.36319, 55.9102 ], [ -4.36383, 55.91013 ], [ -4.3636, 55.90986 ], [ -4.36288, 55.9099 ], [ -4.36252, 55.90945 ] ] ] ] } },
{ "type": "Feature", "properties": { "LSOA11_CD": "S01010490", "Neighborhood_Name": "Drumchapel South - 03", "uk_imd2019_LSOA": "S01010490", "uk_imd2019_Rank": "219", "uk_imd2019_SOA_pct": "3", "uk_imd2019_SOA_decile": "1" }, "geometry": { "type": "MultiPolygon", "coordinates": [ [ [ [ -4.34806, 55.91236 ], [ -4.34754, 55.91187 ], [ -4.34845, 55.91094 ], [ -4.34936, 55.90998 ], [ -4.34857, 55.9087 ], [ -4.3511, 55.90774 ], [ -4.35153, 55.9077 ], [ -4.35289, 55.90727 ], [ -4.3533, 55.90756 ], [ -4.35199, 55.90799 ], [ -4.35219, 55.9083 ], [ -4.35332, 55.90792 ], [ -4.3535, 55.9083 ], [ -4.35413, 55.90879 ], [ -4.35472, 55.90887 ], [ -4.35573, 55.90862 ], [ -4.35613, 55.90896 ], [ -4.35614, 55.90914 ], [ -4.35447, 55.9093 ], [ -4.35201, 55.90923 ], [ -4.35202, 55.90955 ], [ -4.35434, 55.90974 ], [ -4.35469, 55.91021 ], [ -4.35278, 55.91021 ], [ -4.3528, 55.91052 ], [ -4.35125, 55.91069 ], [ -4.35108, 55.91114 ], [ -4.35182, 55.91123 ], [ -4.35167, 55.91161 ], [ -4.35137, 55.91226 ], [ -4.35152, 55.91283 ], [ -4.35106, 55.91287 ], [ -4.35041, 55.91276 ], [ -4.35033, 55.91247 ], [ -4.3494, 55.91224 ], [ -4.34806, 55.91236 ] ] ] ] } },
{ "type": "Feature", "properties": { "LSOA11_CD": "S01010498", "Neighborhood_Name": "Drumry East - 03", "uk_imd2019_LSOA": "S01010498", "uk_imd2019_Rank": "296", "uk_imd2019_SOA_pct": "4", "uk_imd2019_SOA_decile": "1" }, "geometry": { "type": "MultiPolygon", "coordinates": [ [ [ [ -4.36479, 55.91905 ], [ -4.36546, 55.91872 ], [ -4.36523, 55.91852 ], [ -4.36557, 55.91735 ], [ -4.36845, 55.91768 ], [ -4.36868, 55.91709 ], [ -4.36796, 55.917 ], [ -4.36804, 55.91677 ], [ -4.36875, 55.9169 ], [ -4.36964, 55.9169 ], [ -4.37122, 55.91658 ], [ -4.37385, 55.91529 ], [ -4.37445, 55.91468 ], [ -4.37549, 55.91488 ], [ -4.37669, 55.91506 ], [ -4.37792, 55.91516 ], [ -4.37844, 55.91535 ], [ -4.37944, 55.91652 ], [ -4.37837, 55.91678 ], [ -4.3773, 55.91685 ], [ -4.37717, 55.91708 ], [ -4.37584, 55.91732 ], [ -4.37594, 55.91801 ], [ -4.37529, 55.91804 ], [ -4.37524, 55.91842 ], [ -4.37429, 55.91845 ], [ -4.37423, 55.91808 ], [ -4.36866, 55.91829 ], [ -4.36739, 55.91819 ], [ -4.36661, 55.91883 ], [ -4.36527, 55.91921 ], [ -4.36479, 55.91905 ] ] ] ] } },
{ "type": "Feature", "properties": { "LSOA11_CD": "S01010491", "Neighborhood_Name": "Drumchapel North - 01", "uk_imd2019_LSOA": "S01010491", "uk_imd2019_Rank": "143", "uk_imd2019_SOA_pct": "2", "uk_imd2019_SOA_decile": "1" }, "geometry": { "type": "MultiPolygon", "coordinates": [ [ [ [ -4.35167, 55.91161 ], [ -4.35182, 55.91123 ], [ -4.35108, 55.91114 ], [ -4.35125, 55.91069 ], [ -4.3528, 55.91052 ], [ -4.35278, 55.91021 ], [ -4.35469, 55.91021 ], [ -4.35434, 55.90974 ], [ -4.35202, 55.90955 ], [ -4.35201, 55.90923 ], [ -4.35447, 55.9093 ], [ -4.35614, 55.90914 ], [ -4.35613, 55.90896 ], [ -4.3567, 55.90861 ], [ -4.3572, 55.90861 ], [ -4.35874, 55.90837 ], [ -4.35915, 55.90863 ], [ -4.35985, 55.90824 ], [ -4.35945, 55.90775 ], [ -4.3596, 55.90706 ], [ -4.36036, 55.90712 ], [ -4.3609, 55.90736 ], [ -4.36125, 55.9073 ], [ -4.36288, 55.9076 ], [ -4.36298, 55.90794 ], [ -4.36345, 55.90797 ], [ -4.36471, 55.90862 ], [ -4.36358, 55.90859 ], [ -4.36328, 55.90879 ], [ -4.36224, 55.90854 ], [ -4.36171, 55.90875 ], [ -4.36252, 55.90945 ], [ -4.36044, 55.90973 ], [ -4.35886, 55.91013 ], [ -4.3592, 55.9106 ], [ -4.36034, 55.91105 ], [ -4.35888, 55.91235 ], [ -4.35825, 55.91278 ], [ -4.35845, 55.91318 ], [ -4.35755, 55.91339 ], [ -4.35729, 55.91281 ], [ -4.35816, 55.91272 ], [ -4.35872, 55.91223 ], [ -4.35793, 55.91194 ], [ -4.35835, 55.91147 ], [ -4.35743, 55.91113 ], [ -4.35767, 55.91089 ], [ -4.35855, 55.91115 ], [ -4.35886, 55.91077 ], [ -4.35843, 55.91046 ], [ -4.35675, 55.91051 ], [ -4.35697, 55.91095 ], [ -4.35654, 55.91141 ], [ -4.35321, 55.91142 ], [ -4.35249, 55.91173 ], [ -4.35167, 55.91161 ] ] ] ] } },
{ "type": "Feature", "properties": { "LSOA11_CD": "S01010492", "Neighborhood_Name": "Drumchapel North - 02", "uk_imd2019_LSOA": "S01010492", "uk_imd2019_Rank": "102", "uk_imd2019_SOA_pct": "1", "uk_imd2019_SOA_decile": "1" }, "geometry": { "type": "MultiPolygon", "coordinates": [ [ [ [ -4.3566, 55.91711 ], [ -4.35625, 55.91698 ], [ -4.35688, 55.91639 ], [ -4.35747, 55.91618 ], [ -4.35856, 55.91656 ], [ -4.36007, 55.91667 ], [ -4.35861, 55.91493 ], [ -4.35754, 55.91453 ], [ -4.35706, 55.91493 ], [ -4.35663, 55.91496 ], [ -4.35621, 55.91428 ], [ -4.3558, 55.91435 ], [ -4.35554, 55.91389 ], [ -4.35755, 55.91339 ], [ -4.35845, 55.91318 ], [ -4.36018, 55.91314 ], [ -4.3618, 55.91341 ], [ -4.36232, 55.91362 ], [ -4.3647, 55.91504 ], [ -4.36679, 55.91638 ], [ -4.36804, 55.91677 ], [ -4.36796, 55.917 ], [ -4.36868, 55.91709 ], [ -4.36845, 55.91768 ], [ -4.36557, 55.91735 ], [ -4.36523, 55.91852 ], [ -4.36546, 55.91872 ], [ -4.36479, 55.91905 ], [ -4.36424, 55.91906 ], [ -4.36429, 55.91831 ], [ -4.36318, 55.91839 ], [ -4.36264, 55.91854 ], [ -4.36117, 55.91859 ], [ -4.36043, 55.91838 ], [ -4.3566, 55.91711 ] ] ] ] } },
{ "type": "Feature", "properties": { "LSOA11_CD": "S01010494", "Neighborhood_Name": "Drumchapel North - 04", "uk_imd2019_LSOA": "S01010494", "uk_imd2019_Rank": "1009", "uk_imd2019_SOA_pct": "14", "uk_imd2019_SOA_decile": "2" }, "geometry": { "type": "MultiPolygon", "coordinates": [ [ [ [ -4.35041, 55.91719 ], [ -4.35014, 55.91706 ], [ -4.3489, 55.91701 ], [ -4.34801, 55.91665 ], [ -4.34713, 55.91667 ], [ -4.34617, 55.91645 ], [ -4.34667, 55.9162 ], [ -4.34805, 55.91578 ], [ -4.34863, 55.91511 ], [ -4.34786, 55.91398 ], [ -4.34746, 55.91379 ], [ -4.34836, 55.91263 ], [ -4.34806, 55.91236 ], [ -4.3494, 55.91224 ], [ -4.35033, 55.91247 ], [ -4.35041, 55.91276 ], [ -4.35106, 55.91287 ], [ -4.35058, 55.9135 ], [ -4.34993, 55.91346 ], [ -4.34967, 55.9137 ], [ -4.35128, 55.91415 ], [ -4.35554, 55.91389 ], [ -4.3558, 55.91435 ], [ -4.35621, 55.91428 ], [ -4.35663, 55.91496 ], [ -4.35706, 55.91493 ], [ -4.35754, 55.91453 ], [ -4.35861, 55.91493 ], [ -4.36007, 55.91667 ], [ -4.35856, 55.91656 ], [ -4.35747, 55.91618 ], [ -4.35688, 55.91639 ], [ -4.35625, 55.91698 ], [ -4.3566, 55.91711 ], [ -4.35634, 55.91744 ], [ -4.35477, 55.91708 ], [ -4.35145, 55.91614 ], [ -4.35041, 55.91719 ] ] ] ] } },
{ "type": "Feature", "properties": { "LSOA11_CD": "S01010496", "Neighborhood_Name": "Drumry East - 01", "uk_imd2019_LSOA": "S01010496", "uk_imd2019_Rank": "168", "uk_imd2019_SOA_pct": "2", "uk_imd2019_SOA_decile": "1" }, "geometry": { "type": "MultiPolygon", "coordinates": [ [ [ [ -4.36804, 55.91677 ], [ -4.36679, 55.91638 ], [ -4.3647, 55.91504 ], [ -4.36232, 55.91362 ], [ -4.3618, 55.91341 ], [ -4.36322, 55.91214 ], [ -4.36394, 55.91181 ], [ -4.36358, 55.91076 ], [ -4.36445, 55.91056 ], [ -4.36551, 55.9106 ], [ -4.36594, 55.91072 ], [ -4.36712, 55.91066 ], [ -4.36711, 55.91093 ], [ -4.36681, 55.91108 ], [ -4.36706, 55.91141 ], [ -4.36747, 55.91154 ], [ -4.36753, 55.91197 ], [ -4.36828, 55.91192 ], [ -4.3683, 55.9128 ], [ -4.36843, 55.9138 ], [ -4.37087, 55.91366 ], [ -4.37158, 55.91459 ], [ -4.37216, 55.91441 ], [ -4.37308, 55.91472 ], [ -4.3733, 55.91422 ], [ -4.37373, 55.91414 ], [ -4.37363, 55.91376 ], [ -4.3724, 55.91267 ], [ -4.37303, 55.91244 ], [ -4.37334, 55.91264 ], [ -4.37382, 55.91246 ], [ -4.37552, 55.91382 ], [ -4.3753, 55.91416 ], [ -4.37573, 55.91443 ], [ -4.37549, 55.91488 ], [ -4.37445, 55.91468 ], [ -4.37385, 55.91529 ], [ -4.37122, 55.91658 ], [ -4.36964, 55.9169 ], [ -4.36875, 55.9169 ], [ -4.36804, 55.91677 ] ] ] ] } },
{ "type": "Feature", "properties": { "LSOA11_CD": "S01010497", "Neighborhood_Name": "Drumry East - 02", "uk_imd2019_LSOA": "S01010497", "uk_imd2019_Rank": "347", "uk_imd2019_SOA_pct": "5", "uk_imd2019_SOA_decile": "1" }, "geometry": { "type": "MultiPolygon", "coordinates": [ [ [ [ -4.35041, 55.91719 ], [ -4.35145, 55.91614 ], [ -4.35477, 55.91708 ], [ -4.35634, 55.91744 ], [ -4.3566, 55.91711 ], [ -4.36043, 55.91838 ], [ -4.36117, 55.91859 ], [ -4.36264, 55.91854 ], [ -4.36318, 55.91839 ], [ -4.36429, 55.91831 ], [ -4.36424, 55.91906 ], [ -4.36479, 55.91905 ], [ -4.36527, 55.91921 ], [ -4.36661, 55.91883 ], [ -4.36739, 55.91819 ], [ -4.36866, 55.91829 ], [ -4.37423, 55.91808 ], [ -4.37429, 55.91845 ], [ -4.37524, 55.91842 ], [ -4.37529, 55.91804 ], [ -4.37594, 55.91801 ], [ -4.37584, 55.91732 ], [ -4.37717, 55.91708 ], [ -4.3773, 55.91685 ], [ -4.37837, 55.91678 ], [ -4.37944, 55.91652 ], [ -4.37844, 55.91535 ], [ -4.37792, 55.91516 ], [ -4.37669, 55.91506 ], [ -4.37709, 55.91441 ], [ -4.37779, 55.91456 ], [ -4.37747, 55.91507 ], [ -4.37859, 55.91527 ], [ -4.37943, 55.91626 ], [ -4.3814, 55.9158 ], [ -4.38222, 55.91685 ], [ -4.38393, 55.91785 ], [ -4.3842, 55.91795 ], [ -4.38301, 55.91807 ], [ -4.37995, 55.91874 ], [ -4.37962, 55.9191 ], [ -4.37968, 55.9197 ], [ -4.37985, 55.91985 ], [ -4.37958, 55.92093 ], [ -4.37897, 55.92095 ], [ -4.37615, 55.92071 ], [ -4.3707, 55.92066 ], [ -4.36612, 55.9208 ], [ -4.3654, 55.92094 ], [ -4.36412, 55.92105 ], [ -4.36323, 55.92081 ], [ -4.36251, 55.92074 ], [ -4.36145, 55.92032 ], [ -4.36101, 55.92062 ], [ -4.35913, 55.92084 ], [ -4.35698, 55.92054 ], [ -4.35373, 55.91882 ], [ -4.35114, 55.91739 ], [ -4.35041, 55.91719 ] ] ] ] } },
{ "type": "Feature", "properties": { "LSOA11_CD": "S01010499", "Neighborhood_Name": "Drumry East - 04", "uk_imd2019_LSOA": "S01010499", "uk_imd2019_Rank": "28", "uk_imd2019_SOA_pct": "0", "uk_imd2019_SOA_decile": "1" }, "geometry": { "type": "MultiPolygon", "coordinates": [ [ [ [ -4.36711, 55.91093 ], [ -4.36876, 55.91093 ], [ -4.3705, 55.91083 ], [ -4.36988, 55.90921 ], [ -4.36971, 55.90854 ], [ -4.37116, 55.90857 ], [ -4.37515, 55.90859 ], [ -4.37581, 55.90862 ], [ -4.37597, 55.90909 ], [ -4.37693, 55.9109 ], [ -4.37713, 55.91142 ], [ -4.37597, 55.91159 ], [ -4.37382, 55.91246 ], [ -4.37334, 55.91264 ], [ -4.37303, 55.91244 ], [ -4.3724, 55.91267 ], [ -4.37363, 55.91376 ], [ -4.37373, 55.91414 ], [ -4.3733, 55.91422 ], [ -4.37308, 55.91472 ], [ -4.37216, 55.91441 ], [ -4.37158, 55.91459 ], [ -4.37087, 55.91366 ], [ -4.36843, 55.9138 ], [ -4.3683, 55.9128 ], [ -4.36828, 55.91192 ], [ -4.36753, 55.91197 ], [ -4.36747, 55.91154 ], [ -4.36706, 55.91141 ], [ -4.36681, 55.91108 ], [ -4.36711, 55.91093 ] ] ] ] } },
{ "type": "Feature", "properties": { "LSOA11_CD": "S01010500", "Neighborhood_Name": "Drumry West - 01", "uk_imd2019_LSOA": "S01010500", "uk_imd2019_Rank": "420", "uk_imd2019_SOA_pct": "6", "uk_imd2019_SOA_decile": "1" }, "geometry": { "type": "MultiPolygon", "coordinates": [ [ [ [ -4.37713, 55.91142 ], [ -4.37693, 55.9109 ], [ -4.37597, 55.90909 ], [ -4.37581, 55.90862 ], [ -4.37808, 55.90831 ], [ -4.37894, 55.90828 ], [ -4.38069, 55.90834 ], [ -4.3807, 55.90873 ], [ -4.38259, 55.90882 ], [ -4.38268, 55.90838 ], [ -4.38641, 55.90849 ], [ -4.38567, 55.90815 ], [ -4.38542, 55.90732 ], [ -4.38712, 55.90852 ], [ -4.38949, 55.91017 ], [ -4.38991, 55.91046 ], [ -4.38805, 55.9107 ], [ -4.38683, 55.91114 ], [ -4.38696, 55.91141 ], [ -4.3856, 55.91118 ], [ -4.38505, 55.91117 ], [ -4.38527, 55.91034 ], [ -4.38459, 55.91028 ], [ -4.3843, 55.9106 ], [ -4.3826, 55.91053 ], [ -4.38187, 55.91099 ], [ -4.37929, 55.91105 ], [ -4.37881, 55.91116 ], [ -4.37771, 55.91176 ], [ -4.37732, 55.9118 ], [ -4.37713, 55.91142 ] ] ] ] } },
{ "type": "Feature", "properties": { "LSOA11_CD": "S01010501", "Neighborhood_Name": "Drumry West - 02", "uk_imd2019_LSOA": "S01010501", "uk_imd2019_Rank": "974", "uk_imd2019_SOA_pct": "14", "uk_imd2019_SOA_decile": "2" }, "geometry": { "type": "MultiPolygon", "coordinates": [ [ [ [ -4.37549, 55.91488 ], [ -4.37573, 55.91443 ], [ -4.3753, 55.91416 ], [ -4.37552, 55.91382 ], [ -4.37382, 55.91246 ], [ -4.37597, 55.91159 ], [ -4.37713, 55.91142 ], [ -4.37732, 55.9118 ], [ -4.37771, 55.91176 ], [ -4.37881, 55.91116 ], [ -4.37929, 55.91105 ], [ -4.38187, 55.91099 ], [ -4.3826, 55.91053 ], [ -4.3843, 55.9106 ], [ -4.38459, 55.91028 ], [ -4.38527, 55.91034 ], [ -4.38505, 55.91117 ], [ -4.3856, 55.91118 ], [ -4.38696, 55.91141 ], [ -4.38757, 55.91174 ], [ -4.38848, 55.91263 ], [ -4.38862, 55.91287 ], [ -4.38862, 55.91353 ], [ -4.38543, 55.91344 ], [ -4.38379, 55.91347 ], [ -4.38393, 55.91233 ], [ -4.38357, 55.91233 ], [ -4.38347, 55.91293 ], [ -4.38305, 55.91302 ], [ -4.3831, 55.91238 ], [ -4.38198, 55.91233 ], [ -4.38183, 55.91296 ], [ -4.38142, 55.91294 ], [ -4.38141, 55.91352 ], [ -4.38079, 55.91409 ], [ -4.38, 55.9139 ], [ -4.37979, 55.91359 ], [ -4.37892, 55.9134 ], [ -4.3786, 55.9135 ], [ -4.37854, 55.91406 ], [ -4.3781, 55.91403 ], [ -4.37819, 55.91459 ], [ -4.37779, 55.91456 ], [ -4.37709, 55.91441 ], [ -4.37669, 55.91506 ], [ -4.37549, 55.91488 ] ] ] ] } },
{ "type": "Feature", "properties": { "LSOA11_CD": "S01010502", "Neighborhood_Name": "Drumry West - 03", "uk_imd2019_LSOA": "S01010502", "uk_imd2019_Rank": "2146", "uk_imd2019_SOA_pct": "31", "uk_imd2019_SOA_decile": "4" }, "geometry": { "type": "MultiPolygon", "coordinates": [ [ [ [ -4.3842, 55.91795 ], [ -4.38393, 55.91785 ], [ -4.38222, 55.91685 ], [ -4.3814, 55.9158 ], [ -4.37943, 55.91626 ], [ -4.37859, 55.91527 ], [ -4.37747, 55.91507 ], [ -4.37779, 55.91456 ], [ -4.37819, 55.91459 ], [ -4.3781, 55.91403 ], [ -4.37854, 55.91406 ], [ -4.3786, 55.9135 ], [ -4.37892, 55.9134 ], [ -4.37979, 55.91359 ], [ -4.38, 55.9139 ], [ -4.38079, 55.91409 ], [ -4.38141, 55.91352 ], [ -4.38142, 55.91294 ], [ -4.38183, 55.91296 ], [ -4.38198, 55.91233 ], [ -4.3831, 55.91238 ], [ -4.38305, 55.91302 ], [ -4.38347, 55.91293 ], [ -4.38357, 55.91233 ], [ -4.38393, 55.91233 ], [ -4.38379, 55.91347 ], [ -4.38543, 55.91344 ], [ -4.38862, 55.91353 ], [ -4.38862, 55.91389 ], [ -4.38807, 55.91469 ], [ -4.38791, 55.91518 ], [ -4.38789, 55.91609 ], [ -4.38799, 55.91631 ], [ -4.38717, 55.91716 ], [ -4.38617, 55.91744 ], [ -4.38511, 55.91784 ], [ -4.3842, 55.91795 ] ] ] ] } },
{ "type": "Feature", "properties": { "LSOA11_CD": "S01010503", "Neighborhood_Name": "Drumry West - 04", "uk_imd2019_LSOA": "S01010503", "uk_imd2019_Rank": "324", "uk_imd2019_SOA_pct": "5", "uk_imd2019_SOA_decile": "1" }, "geometry": { "type": "MultiPolygon", "coordinates": [ [ [ [ -4.37581, 55.90862 ], [ -4.37515, 55.90859 ], [ -4.37116, 55.90857 ], [ -4.37076, 55.90823 ], [ -4.37218, 55.90821 ], [ -4.37219, 55.90804 ], [ -4.37475, 55.9077 ], [ -4.37586, 55.90748 ], [ -4.37655, 55.90719 ], [ -4.37639, 55.90654 ], [ -4.3767, 55.90649 ], [ -4.37649, 55.90565 ], [ -4.38223, 55.90507 ], [ -4.38257, 55.90532 ], [ -4.38542, 55.90732 ], [ -4.38567, 55.90815 ], [ -4.38641, 55.90849 ], [ -4.38268, 55.90838 ], [ -4.38259, 55.90882 ], [ -4.3807, 55.90873 ], [ -4.38069, 55.90834 ], [ -4.37894, 55.90828 ], [ -4.37808, 55.90831 ], [ -4.37581, 55.90862 ] ] ] ] } }
]
}
